"Model","Scenario","Category","total_cdr","total_re","Ambition","cdr_thresh","re_thresh","high_cdr","high_re","Pathway_overlap","high_cdr_only","high_re_only","Pathway_excl","threshold_label"
"AIM/Hub-Global 2.0","SDI-2.5°C","C4",0,NA,"2C (Medium-Ambition)",578924.199252076,1742417.43999279,FALSE,NA,"Low (both)",FALSE,NA,NA,"top_33pct"
"GCAM 4.2","SSP1-19","C1",0,NA,"1.5C (High-Ambition)",1233903.75225355,2635442.63858426,FALSE,NA,"Low (both)",FALSE,NA,NA,"top_33pct"
"GCAM 4.2","SSP1-26","C3",0,NA,"2C (Medium-Ambition)",578924.199252076,1742417.43999279,FALSE,NA,"Low (both)",FALSE,NA,NA,"top_33pct"
"GCAM 4.2","SSP1-34","C3",0,NA,"2C (Medium-Ambition)",578924.199252076,1742417.43999279,FALSE,NA,"Low (both)",FALSE,NA,NA,"top_33pct"
"GCAM 4.2","SSP1-45","C3",0,NA,"2C (Medium-Ambition)",578924.199252076,1742417.43999279,FALSE,NA,"Low (both)",FALSE,NA,NA,"top_33pct"
"GCAM 5.3","NGFS Phase 2-Below 2°C","C3",377729.131036242,1622560.92572438,"2C (Medium-Ambition)",578924.199252076,1742417.43999279,FALSE,FALSE,"Low (both)",FALSE,FALSE,NA,"top_33pct"
"GCAM 5.3","NGFS Phase 2-Current Policies","C4",0.041437020269,718223.047366125,"2C (Medium-Ambition)",578924.199252076,1742417.43999279,FALSE,FALSE,"Low (both)",FALSE,FALSE,NA,"top_33pct"
"GCAM 5.3","NGFS Phase 2-Delayed Transition","C4",227937.419779798,1853062.89833771,"2C (Medium-Ambition)",578924.199252076,1742417.43999279,FALSE,TRUE,"High-RE only",FALSE,TRUE,"High-RE","top_33pct"
"GCAM 5.3","NGFS Phase 2-Nationally Determined Contributions (NDCs)","C3",344077.760593715,1134962.42340978,"2C (Medium-Ambition)",578924.199252076,1742417.43999279,FALSE,FALSE,"Low (both)",FALSE,FALSE,NA,"top_33pct"
"GCAM 6.0 NGFS","NGFS Phase 5-Below 2°C","C3",184448.637380725,3090792.87190375,"2C (Medium-Ambition)",578924.199252076,1742417.43999279,FALSE,TRUE,"High-RE only",FALSE,TRUE,"High-RE","top_33pct"
"GCAM 6.0 NGFS","NGFS Phase 5-Current Policies","C4",73674.8075277468,1554128.97052156,"2C (Medium-Ambition)",578924.199252076,1742417.43999279,FALSE,FALSE,"Low (both)",FALSE,FALSE,NA,"top_33pct"
"GCAM 6.0 NGFS","NGFS Phase 5-Delayed Transition","C3",175585.401894375,3089545.37987872,"2C (Medium-Ambition)",578924.199252076,1742417.43999279,FALSE,TRUE,"High-RE only",FALSE,TRUE,"High-RE","top_33pct"
"GCAM 6.0 NGFS","NGFS Phase 5-Fragmented World","C3",181546.49492857,2085327.9398637,"2C (Medium-Ambition)",578924.199252076,1742417.43999279,FALSE,TRUE,"High-RE only",FALSE,TRUE,"High-RE","top_33pct"
"GCAM 6.0 NGFS","NGFS Phase 5-Low Demand","C2",145178.566646399,2660797.50445951,"1.5C (High-Ambition)",1233903.75225355,2635442.63858426,FALSE,TRUE,"High-RE only",FALSE,TRUE,"High-RE","top_33pct"
"GCAM 6.0 NGFS","NGFS Phase 5-Nationally Determined Contributions (NDCs)","C4",156137.55556443,1953398.97266,"2C (Medium-Ambition)",578924.199252076,1742417.43999279,FALSE,TRUE,"High-RE only",FALSE,TRUE,"High-RE","top_33pct"
"GCAM 6.0 NGFS","NGFS Phase 5-Net-Zero 2050","C2",155012.807836231,3336739.4542124,"1.5C (High-Ambition)",1233903.75225355,2635442.63858426,FALSE,TRUE,"High-RE only",FALSE,TRUE,"High-RE","top_33pct"
"IMAGE 3.0","COMMIT-2°C-2030","C3",586133.718372497,321624.853070124,"2C (Medium-Ambition)",578924.199252076,1742417.43999279,TRUE,FALSE,"High-CMT only",TRUE,FALSE,"High-CMT","top_33pct"
"IMAGE 3.0","COMMIT-Current-Policies","C4",100029.702797417,191230.707288643,"2C (Medium-Ambition)",578924.199252076,1742417.43999279,FALSE,FALSE,"Low (both)",FALSE,FALSE,NA,"top_33pct"
"IMAGE 3.0","COMMIT-NDCplus","C4",212200.70989267,227605.191678729,"2C (Medium-Ambition)",578924.199252076,1742417.43999279,FALSE,FALSE,"Low (both)",FALSE,FALSE,NA,"top_33pct"
"IMAGE 3.0","ENGAGE-INDCi2030-1000","C4",876081.959184768,702090.022829114,"2C (Medium-Ambition)",578924.199252076,1742417.43999279,TRUE,FALSE,"High-CMT only",TRUE,FALSE,"High-CMT","top_33pct"
"IMAGE 3.0","ENGAGE-INDCi2030-1000f","C4",848507.505758893,811580.511947732,"2C (Medium-Ambition)",578924.199252076,1742417.43999279,TRUE,FALSE,"High-CMT only",TRUE,FALSE,"High-CMT","top_33pct"
"IMAGE 3.0","ENGAGE-INDCi2030-1200","C4",818814.213220905,671987.570312427,"2C (Medium-Ambition)",578924.199252076,1742417.43999279,TRUE,FALSE,"High-CMT only",TRUE,FALSE,"High-CMT","top_33pct"
"IMAGE 3.0","ENGAGE-INDCi2030-1200f","C4",836264.934158684,682096.886468043,"2C (Medium-Ambition)",578924.199252076,1742417.43999279,TRUE,FALSE,"High-CMT only",TRUE,FALSE,"High-CMT","top_33pct"
"IMAGE 3.0","ENGAGE-INDCi2030-1400","C3",803294.660026376,658867.523716752,"2C (Medium-Ambition)",578924.199252076,1742417.43999279,TRUE,FALSE,"High-CMT only",TRUE,FALSE,"High-CMT","top_33pct"
"IMAGE 3.0","ENGAGE-INDCi2030-1400f","C4",809700.300279276,682950.450778101,"2C (Medium-Ambition)",578924.199252076,1742417.43999279,TRUE,FALSE,"High-CMT only",TRUE,FALSE,"High-CMT","top_33pct"
"IMAGE 3.0","ENGAGE-INDCi2030-3000","C4",653692.409422285,633771.820827194,"2C (Medium-Ambition)",578924.199252076,1742417.43999279,TRUE,FALSE,"High-CMT only",TRUE,FALSE,"High-CMT","top_33pct"
"IMAGE 3.0","ENGAGE-INDCi2030-3000f","C4",653692.409422285,633771.820827194,"2C (Medium-Ambition)",578924.199252076,1742417.43999279,TRUE,FALSE,"High-CMT only",TRUE,FALSE,"High-CMT","top_33pct"
"IMAGE 3.0","ENGAGE-INDCi2030-800f","C3",887538.712028109,812767.785044349,"2C (Medium-Ambition)",578924.199252076,1742417.43999279,TRUE,FALSE,"High-CMT only",TRUE,FALSE,"High-CMT","top_33pct"
"IMAGE 3.0","ENGAGE-INDCi2100","C4",472863.587221862,565048.573428677,"2C (Medium-Ambition)",578924.199252076,1742417.43999279,FALSE,FALSE,"Low (both)",FALSE,FALSE,NA,"top_33pct"
"IMAGE 3.0","ENGAGE-NPi2020-1000","C3",842848.044547377,683474.301139702,"2C (Medium-Ambition)",578924.199252076,1742417.43999279,TRUE,FALSE,"High-CMT only",TRUE,FALSE,"High-CMT","top_33pct"
"IMAGE 3.0","ENGAGE-NPi2020-1200","C4",810140.605251675,669224.327706253,"2C (Medium-Ambition)",578924.199252076,1742417.43999279,TRUE,FALSE,"High-CMT only",TRUE,FALSE,"High-CMT","top_33pct"
"IMAGE 3.0","ENGAGE-NPi2020-1400","C4",798889.138114873,652779.438378513,"2C (Medium-Ambition)",578924.199252076,1742417.43999279,TRUE,FALSE,"High-CMT only",TRUE,FALSE,"High-CMT","top_33pct"
"IMAGE 3.0","ENGAGE-NPi2020-1400f","C4",827021.237222786,667645.946700914,"2C (Medium-Ambition)",578924.199252076,1742417.43999279,TRUE,FALSE,"High-CMT only",TRUE,FALSE,"High-CMT","top_33pct"
"IMAGE 3.0","ENGAGE-NPi2020-3000","C4",643076.280085541,634028.200372592,"2C (Medium-Ambition)",578924.199252076,1742417.43999279,TRUE,FALSE,"High-CMT only",TRUE,FALSE,"High-CMT","top_33pct"
"IMAGE 3.0","ENGAGE-NPi2020-3000f","C4",643076.280085541,634028.200372592,"2C (Medium-Ambition)",578924.199252076,1742417.43999279,TRUE,FALSE,"High-CMT only",TRUE,FALSE,"High-CMT","top_33pct"
"IMAGE 3.0","ENGAGE-NPi2100","C4",284378.327722237,536517.112002437,"2C (Medium-Ambition)",578924.199252076,1742417.43999279,FALSE,FALSE,"Low (both)",FALSE,FALSE,NA,"top_33pct"
"IMAGE 3.0.1","SSP1-34","C3",0,NA,"2C (Medium-Ambition)",578924.199252076,1742417.43999279,FALSE,NA,"Low (both)",FALSE,NA,NA,"top_33pct"
"IMAGE 3.0.1","SSP1-45","C4",0,NA,"2C (Medium-Ambition)",578924.199252076,1742417.43999279,FALSE,NA,"Low (both)",FALSE,NA,NA,"top_33pct"
"IMAGE 3.0.1","SSP1-Baseline","C4",0,NA,"2C (Medium-Ambition)",578924.199252076,1742417.43999279,FALSE,NA,"Low (both)",FALSE,NA,NA,"top_33pct"
"IMAGE 3.2","SSP2021-SSP1-SPA1-19-Default","C2",945220.52226963,1588856.51319239,"1.5C (High-Ambition)",1233903.75225355,2635442.63858426,FALSE,FALSE,"Low (both)",FALSE,FALSE,NA,"top_33pct"
"IMAGE 3.2","SSP2021-SSP1-SPA1-19-Default-LowBiomass","C1",1146296.93466715,2051418.10832005,"1.5C (High-Ambition)",1233903.75225355,2635442.63858426,FALSE,FALSE,"Low (both)",FALSE,FALSE,NA,"top_33pct"
"IMAGE 3.2","SSP2021-SSP1-SPA1-19-Lifestyle","C2",957721.025438778,1514239.10725892,"1.5C (High-Ambition)",1233903.75225355,2635442.63858426,FALSE,FALSE,"Low (both)",FALSE,FALSE,NA,"top_33pct"
"IMAGE 3.2","SSP2021-SSP1-SPA1-19-Lifestyle-Renewables","C2",1406398.2288187,2093442.17829837,"1.5C (High-Ambition)",1233903.75225355,2635442.63858426,TRUE,FALSE,"High-CMT only",TRUE,FALSE,"High-CMT","top_33pct"
"IMAGE 3.2","SSP2021-SSP1-SPA1-19-Renewables","C2",1049871.70154164,2635442.63858426,"1.5C (High-Ambition)",1233903.75225355,2635442.63858426,FALSE,TRUE,"High-RE only",FALSE,TRUE,"High-RE","top_33pct"
"IMAGE 3.2","SSP2021-SSP1-SPA1-19-Renewables-LowBiomass","C1",1252757.28115821,3142295.30906495,"1.5C (High-Ambition)",1233903.75225355,2635442.63858426,TRUE,TRUE,"Both High",FALSE,FALSE,NA,"top_33pct"
"IMAGE 3.2","SSP2021-SSP1-SPA1-26-Default","C3",700267.711472806,1482153.59831313,"2C (Medium-Ambition)",578924.199252076,1742417.43999279,TRUE,FALSE,"High-CMT only",TRUE,FALSE,"High-CMT","top_33pct"
"IMAGE 3.2","SSP2021-SSP1-SPA1-26-Lifestyle","C3",682403.118995186,1358639.41885895,"2C (Medium-Ambition)",578924.199252076,1742417.43999279,TRUE,FALSE,"High-CMT only",TRUE,FALSE,"High-CMT","top_33pct"
"IMAGE 3.2","SSP2021-SSP1-SPA1-26-Lifestyle-Renewables","C3",1018159.79604593,1792900.45793675,"2C (Medium-Ambition)",578924.199252076,1742417.43999279,TRUE,TRUE,"Both High",FALSE,FALSE,NA,"top_33pct"
"IMAGE 3.2","SSP2021-SSP1-SPA1-26-Renewables","C3",728478.48626138,2600647.9559622,"2C (Medium-Ambition)",578924.199252076,1742417.43999279,TRUE,TRUE,"Both High",FALSE,FALSE,NA,"top_33pct"
"IMAGE 3.2","SSP2021-SSP1-SPA1-34-Default","C3",344342.431489462,1524714.83168443,"2C (Medium-Ambition)",578924.199252076,1742417.43999279,FALSE,FALSE,"Low (both)",FALSE,FALSE,NA,"top_33pct"
"IMAGE 3.2","SSP2021-SSP1-SPA1-34-Lifestyle","C3",486865.631230238,1317649.97868909,"2C (Medium-Ambition)",578924.199252076,1742417.43999279,FALSE,FALSE,"Low (both)",FALSE,FALSE,NA,"top_33pct"
"IMAGE 3.2","SSP2021-SSP1-SPA1-34-Lifestyle-Renewables","C3",483321.219050652,2350496.07332979,"2C (Medium-Ambition)",578924.199252076,1742417.43999279,FALSE,TRUE,"High-RE only",FALSE,TRUE,"High-RE","top_33pct"
"IMAGE 3.2","SSP2021-SSP1-SPA1-34-Renewables","C3",302546.924158593,2539069.7579947,"2C (Medium-Ambition)",578924.199252076,1742417.43999279,FALSE,TRUE,"High-RE only",FALSE,TRUE,"High-RE","top_33pct"
"IMAGE 3.2","SSP2021-SSP2-SPA0-26-Default","C3",966850.008481895,862844.258967459,"2C (Medium-Ambition)",578924.199252076,1742417.43999279,TRUE,FALSE,"High-CMT only",TRUE,FALSE,"High-CMT","top_33pct"
"IMAGE 3.2","SSP2021-SSP2-SPA1-19-Default-LowBiomass","C1",1677755.82455086,1153913.8510039,"1.5C (High-Ambition)",1233903.75225355,2635442.63858426,TRUE,FALSE,"High-CMT only",TRUE,FALSE,"High-CMT","top_33pct"
"IMAGE 3.2","SSP2021-SSP2-SPA2-19-Default","C2",1417157.08030829,1099454.02529209,"1.5C (High-Ambition)",1233903.75225355,2635442.63858426,TRUE,FALSE,"High-CMT only",TRUE,FALSE,"High-CMT","top_33pct"
"IMAGE 3.2","SSP2021-SSP2-SPA2-19-Lifestyle","C1",1224476.98780122,1008660.30526297,"1.5C (High-Ambition)",1233903.75225355,2635442.63858426,FALSE,FALSE,"Low (both)",FALSE,FALSE,NA,"top_33pct"
"IMAGE 3.2","SSP2021-SSP2-SPA2-19-Lifestyle-Renewables","C2",1282064.51223395,2551674.87706988,"1.5C (High-Ambition)",1233903.75225355,2635442.63858426,TRUE,FALSE,"High-CMT only",TRUE,FALSE,"High-CMT","top_33pct"
"IMAGE 3.2","SSP2021-SSP2-SPA2-19-Renewables","C2",1334168.49513672,2645840.87325305,"1.5C (High-Ambition)",1233903.75225355,2635442.63858426,TRUE,TRUE,"Both High",FALSE,FALSE,NA,"top_33pct"
"IMAGE 3.2","SSP2021-SSP2-SPA2-26-Default","C3",1118489.20518413,933531.783439759,"2C (Medium-Ambition)",578924.199252076,1742417.43999279,TRUE,FALSE,"High-CMT only",TRUE,FALSE,"High-CMT","top_33pct"
"IMAGE 3.2","SSP2021-SSP2-SPA2-26-Lifestyle","C3",941965.447547248,797330.837959991,"2C (Medium-Ambition)",578924.199252076,1742417.43999279,TRUE,FALSE,"High-CMT only",TRUE,FALSE,"High-CMT","top_33pct"
"IMAGE 3.2","SSP2021-SSP2-SPA2-26-Lifestyle-Renewables","C3",976121.540940465,1777164.95425487,"2C (Medium-Ambition)",578924.199252076,1742417.43999279,TRUE,TRUE,"Both High",FALSE,FALSE,NA,"top_33pct"
"IMAGE 3.2","SSP2021-SSP2-SPA2-26-Renewables","C3",1174576.12734791,2074357.60617239,"2C (Medium-Ambition)",578924.199252076,1742417.43999279,TRUE,TRUE,"Both High",FALSE,FALSE,NA,"top_33pct"
"IMAGE 3.2","SSP2021-SSP2-SPA2-34-Default","C3",672687.619525106,876946.126232003,"2C (Medium-Ambition)",578924.199252076,1742417.43999279,TRUE,FALSE,"High-CMT only",TRUE,FALSE,"High-CMT","top_33pct"
"IMAGE 3.2","SSP2021-SSP2-SPA2-34-Lifestyle","C3",549981.026565024,767654.52946589,"2C (Medium-Ambition)",578924.199252076,1742417.43999279,FALSE,FALSE,"Low (both)",FALSE,FALSE,NA,"top_33pct"
"IMAGE 3.2","SSP2021-SSP2-SPA2-34-Lifestyle-Renewables","C3",642254.014341902,1973323.81353873,"2C (Medium-Ambition)",578924.199252076,1742417.43999279,TRUE,TRUE,"Both High",FALSE,FALSE,NA,"top_33pct"
"IMAGE 3.2","SSP2021-SSP2-SPA2-34-Renewables","C3",705641.955317788,1974767.80185279,"2C (Medium-Ambition)",578924.199252076,1742417.43999279,TRUE,TRUE,"Both High",FALSE,FALSE,NA,"top_33pct"
"IMAGE 3.2","SSP2021-SSP2-SPA2-45-Default","C4",139515.606362025,821962.912696191,"2C (Medium-Ambition)",578924.199252076,1742417.43999279,FALSE,FALSE,"Low (both)",FALSE,FALSE,NA,"top_33pct"
"IMAGE 3.2","SSP2021-SSP2-SPA2-45-Lifestyle","C4",333222.49472766,681934.114876183,"2C (Medium-Ambition)",578924.199252076,1742417.43999279,FALSE,FALSE,"Low (both)",FALSE,FALSE,NA,"top_33pct"
"IMAGE 3.2","SSP2021-SSP2-SPA2-45-Lifestyle-Renewables","C4",324905.306402484,1467597.3805989,"2C (Medium-Ambition)",578924.199252076,1742417.43999279,FALSE,FALSE,"Low (both)",FALSE,FALSE,NA,"top_33pct"
"IMAGE 3.2","SSP2021-SSP2-SPA2-45-Renewables","C4",209220.70532009,1778551.44589272,"2C (Medium-Ambition)",578924.199252076,1742417.43999279,FALSE,TRUE,"High-RE only",FALSE,TRUE,"High-RE","top_33pct"
"IMAGE 3.3","NAVIGATE Demand-1.5°C-ele_u","C3",772225.502630608,1958671.84924445,"2C (Medium-Ambition)",578924.199252076,1742417.43999279,TRUE,TRUE,"Both High",FALSE,FALSE,NA,"top_33pct"
"IMAGE 3.3","NAVIGATE Demand-1.5°C-tec_u","C3",759175.790569589,1664038.1407893,"2C (Medium-Ambition)",578924.199252076,1742417.43999279,TRUE,FALSE,"High-CMT only",TRUE,FALSE,"High-CMT","top_33pct"
"IMAGE 3.3","NAVIGATE Demand-2.0°C-ele_u","C3",584591.804761934,1554284.52330658,"2C (Medium-Ambition)",578924.199252076,1742417.43999279,TRUE,FALSE,"High-CMT only",TRUE,FALSE,"High-CMT","top_33pct"
"IMAGE 3.3","NAVIGATE Demand-2.0°C-ref","C3",572177.94958529,1342490.21109318,"2C (Medium-Ambition)",578924.199252076,1742417.43999279,FALSE,FALSE,"Low (both)",FALSE,FALSE,NA,"top_33pct"
"IMAGE 3.3","NAVIGATE Demand-2.0°C-tec_u","C3",563838.663853716,1359121.25656336,"2C (Medium-Ambition)",578924.199252076,1742417.43999279,FALSE,FALSE,"Low (both)",FALSE,FALSE,NA,"top_33pct"
"IMAGE 3.3","NAVIGATE Demand-NPi-ele","C4",58338.0105108168,1138476.52189317,"2C (Medium-Ambition)",578924.199252076,1742417.43999279,FALSE,FALSE,"Low (both)",FALSE,FALSE,NA,"top_33pct"
"IMAGE 3.3","NAVIGATE Demand-NPi-ref","C4",45412.052542657,930675.367491381,"2C (Medium-Ambition)",578924.199252076,1742417.43999279,FALSE,FALSE,"Low (both)",FALSE,FALSE,NA,"top_33pct"
"IMAGE 3.3","NAVIGATE Demand-NPi-tec","C4",33666.6130403252,1097496.00931934,"2C (Medium-Ambition)",578924.199252076,1742417.43999279,FALSE,FALSE,"Low (both)",FALSE,FALSE,NA,"top_33pct"
"MESSAGEix-GLOBIOM 1.1","ENGAGE-NPi2100","C4",214103.934742035,987353.207088478,"2C (Medium-Ambition)",578924.199252076,1742417.43999279,FALSE,FALSE,"Low (both)",FALSE,FALSE,NA,"top_33pct"
"MESSAGEix-GLOBIOM 1.1","ENGAGE-NoPolicy","C4",202606.002528601,864355.101415217,"2C (Medium-Ambition)",578924.199252076,1742417.43999279,FALSE,FALSE,"Low (both)",FALSE,FALSE,NA,"top_33pct"
"MESSAGEix-GLOBIOM 1.1-BMT-R12","NAVIGATE Demand-2.0°C-act_u","C3",0,NA,"2C (Medium-Ambition)",578924.199252076,1742417.43999279,FALSE,NA,"Low (both)",FALSE,NA,NA,"top_33pct"
"MESSAGEix-GLOBIOM 1.1-BMT-R12","NAVIGATE Demand-2.0°C-all_u","C3",0,NA,"2C (Medium-Ambition)",578924.199252076,1742417.43999279,FALSE,NA,"Low (both)",FALSE,NA,NA,"top_33pct"
"MESSAGEix-GLOBIOM 1.1-BMT-R12","NAVIGATE Demand-2.0°C-ele_u","C3",0,NA,"2C (Medium-Ambition)",578924.199252076,1742417.43999279,FALSE,NA,"Low (both)",FALSE,NA,NA,"top_33pct"
"MESSAGEix-GLOBIOM 1.1-BMT-R12","NAVIGATE Demand-2.0°C-ref","C3",0,NA,"2C (Medium-Ambition)",578924.199252076,1742417.43999279,FALSE,NA,"Low (both)",FALSE,NA,NA,"top_33pct"
"MESSAGEix-GLOBIOM 1.1-BMT-R12","NAVIGATE Demand-2.0°C-tec_u","C3",0,NA,"2C (Medium-Ambition)",578924.199252076,1742417.43999279,FALSE,NA,"Low (both)",FALSE,NA,NA,"top_33pct"
"MESSAGEix-GLOBIOM 1.1-BMT-R12","NAVIGATE Demand-NPi-act","C4",0,NA,"2C (Medium-Ambition)",578924.199252076,1742417.43999279,FALSE,NA,"Low (both)",FALSE,NA,NA,"top_33pct"
"MESSAGEix-GLOBIOM 1.1-BMT-R12","NAVIGATE Demand-NPi-all","C4",0,NA,"2C (Medium-Ambition)",578924.199252076,1742417.43999279,FALSE,NA,"Low (both)",FALSE,NA,NA,"top_33pct"
"MESSAGEix-GLOBIOM 1.1-BMT-R12","NAVIGATE Demand-NPi-ele","C4",0,NA,"2C (Medium-Ambition)",578924.199252076,1742417.43999279,FALSE,NA,"Low (both)",FALSE,NA,NA,"top_33pct"
"MESSAGEix-GLOBIOM 1.1-BMT-R12","NAVIGATE Demand-NPi-ref","C4",0,NA,"2C (Medium-Ambition)",578924.199252076,1742417.43999279,FALSE,NA,"Low (both)",FALSE,NA,NA,"top_33pct"
"MESSAGEix-GLOBIOM 1.1-BMT-R12","NAVIGATE Demand-NPi-tec","C4",0,NA,"2C (Medium-Ambition)",578924.199252076,1742417.43999279,FALSE,NA,"Low (both)",FALSE,NA,NA,"top_33pct"
"MESSAGEix-GLOBIOM 1.2","COVID-Shift-GreenPush_max_GDP","C4",202908.431453328,NA,"2C (Medium-Ambition)",578924.199252076,1742417.43999279,FALSE,NA,"Low (both)",FALSE,NA,NA,"top_33pct"
"MESSAGEix-GLOBIOM 1.2","COVID-Shift-NoPolicyNoCOVID","C4",202959.844401904,NA,"2C (Medium-Ambition)",578924.199252076,1742417.43999279,FALSE,NA,"Low (both)",FALSE,NA,NA,"top_33pct"
"MESSAGEix-GLOBIOM 1.2","COVID-Shift-Restore","C4",202894.293784657,NA,"2C (Medium-Ambition)",578924.199252076,1742417.43999279,FALSE,NA,"Low (both)",FALSE,NA,NA,"top_33pct"
"MESSAGEix-GLOBIOM 1.2","COVID-Shift-SelfReliance","C4",202887.267513555,NA,"2C (Medium-Ambition)",578924.199252076,1742417.43999279,FALSE,NA,"Low (both)",FALSE,NA,NA,"top_33pct"
"MESSAGEix-GLOBIOM 1.2","COVID-Shift-SelfReliance_max_GDP","C4",203365.456613794,NA,"2C (Medium-Ambition)",578924.199252076,1742417.43999279,FALSE,NA,"Low (both)",FALSE,NA,NA,"top_33pct"
"MESSAGEix-GLOBIOM 1.2","COVID-Shift-SmartUse","C4",202897.199399005,NA,"2C (Medium-Ambition)",578924.199252076,1742417.43999279,FALSE,NA,"Low (both)",FALSE,NA,NA,"top_33pct"
"MESSAGEix-GLOBIOM 2.0-M-R12-NGFS","NGFS Phase 5-Below 2°C","C3",423488.201463648,2334785.6207637,"2C (Medium-Ambition)",578924.199252076,1742417.43999279,FALSE,TRUE,"High-RE only",FALSE,TRUE,"High-RE","top_33pct"
"MESSAGEix-GLOBIOM 2.0-M-R12-NGFS","NGFS Phase 5-Current Policies","C4",252415.876831531,951108.066945368,"2C (Medium-Ambition)",578924.199252076,1742417.43999279,FALSE,FALSE,"Low (both)",FALSE,FALSE,NA,"top_33pct"
"MESSAGEix-GLOBIOM 2.0-M-R12-NGFS","NGFS Phase 5-Delayed Transition","C3",414399.908830517,2295918.9718558,"2C (Medium-Ambition)",578924.199252076,1742417.43999279,FALSE,TRUE,"High-RE only",FALSE,TRUE,"High-RE","top_33pct"
"MESSAGEix-GLOBIOM 2.0-M-R12-NGFS","NGFS Phase 5-Fragmented World","C3",368070.473685989,1692207.08869248,"2C (Medium-Ambition)",578924.199252076,1742417.43999279,FALSE,FALSE,"Low (both)",FALSE,FALSE,NA,"top_33pct"
"MESSAGEix-GLOBIOM 2.0-M-R12-NGFS","NGFS Phase 5-Low Demand","C2",418980.134731315,1140434.79808875,"1.5C (High-Ambition)",1233903.75225355,2635442.63858426,FALSE,FALSE,"Low (both)",FALSE,FALSE,NA,"top_33pct"
"MESSAGEix-GLOBIOM 2.0-M-R12-NGFS","NGFS Phase 5-Nationally Determined Contributions (NDCs)","C4",420369.60136471,1826000.22981704,"2C (Medium-Ambition)",578924.199252076,1742417.43999279,FALSE,TRUE,"High-RE only",FALSE,TRUE,"High-RE","top_33pct"
"MESSAGEix-GLOBIOM 2.0-M-R12-NGFS","NGFS Phase 5-Net-Zero 2050","C2",462202.175309756,2587162.14489646,"1.5C (High-Ambition)",1233903.75225355,2635442.63858426,FALSE,FALSE,"Low (both)",FALSE,FALSE,NA,"top_33pct"
"POLES GECO2019","COMMIT-2°C-2020","C3",0,NA,"2C (Medium-Ambition)",578924.199252076,1742417.43999279,FALSE,NA,"Low (both)",FALSE,NA,NA,"top_33pct"
"POLES GECO2019","COMMIT-2°C-2030","C3",0,NA,"2C (Medium-Ambition)",578924.199252076,1742417.43999279,FALSE,NA,"Low (both)",FALSE,NA,NA,"top_33pct"
"POLES GECO2019","COMMIT-Baseline","C4",0,NA,"2C (Medium-Ambition)",578924.199252076,1742417.43999279,FALSE,NA,"Low (both)",FALSE,NA,NA,"top_33pct"
"POLES GECO2019","COMMIT-Bridge","C2",0,NA,"1.5C (High-Ambition)",1233903.75225355,2635442.63858426,FALSE,NA,"Low (both)",FALSE,NA,NA,"top_33pct"
"POLES GECO2019","COMMIT-Bridge-No-Tax","C4",0,NA,"2C (Medium-Ambition)",578924.199252076,1742417.43999279,FALSE,NA,"Low (both)",FALSE,NA,NA,"top_33pct"
"POLES GECO2019","COMMIT-Current-Policies","C4",0,NA,"2C (Medium-Ambition)",578924.199252076,1742417.43999279,FALSE,NA,"Low (both)",FALSE,NA,NA,"top_33pct"
"POLES GECO2019","COMMIT-GPP","C3",0,NA,"2C (Medium-Ambition)",578924.199252076,1742417.43999279,FALSE,NA,"Low (both)",FALSE,NA,NA,"top_33pct"
"POLES GECO2019","COMMIT-GPP-No-Tax","C4",0,NA,"2C (Medium-Ambition)",578924.199252076,1742417.43999279,FALSE,NA,"Low (both)",FALSE,NA,NA,"top_33pct"
"POLES GECO2019","COMMIT-NDC-2050-Convergence","C4",0,NA,"2C (Medium-Ambition)",578924.199252076,1742417.43999279,FALSE,NA,"Low (both)",FALSE,NA,NA,"top_33pct"
"POLES GECO2019","COMMIT-NDCplus","C4",0,NA,"2C (Medium-Ambition)",578924.199252076,1742417.43999279,FALSE,NA,"Low (both)",FALSE,NA,NA,"top_33pct"
"POLES-JRC ENGAGE","ENGAGE-INDCi2030-1000","C4",844234.403049385,1688023.07071173,"2C (Medium-Ambition)",578924.199252076,1742417.43999279,TRUE,FALSE,"High-CMT only",TRUE,FALSE,"High-CMT","top_33pct"
"POLES-JRC ENGAGE","ENGAGE-INDCi2030-1000-COV","C4",764763.917642214,1505380.23867675,"2C (Medium-Ambition)",578924.199252076,1742417.43999279,TRUE,FALSE,"High-CMT only",TRUE,FALSE,"High-CMT","top_33pct"
"POLES-JRC ENGAGE","ENGAGE-INDCi2030-1000-COV-NDCp","C4",758112.106817152,1507576.59573003,"2C (Medium-Ambition)",578924.199252076,1742417.43999279,TRUE,FALSE,"High-CMT only",TRUE,FALSE,"High-CMT","top_33pct"
"POLES-JRC ENGAGE","ENGAGE-INDCi2030-1000-NDCp","C4",875433.611296745,1711798.66091112,"2C (Medium-Ambition)",578924.199252076,1742417.43999279,TRUE,FALSE,"High-CMT only",TRUE,FALSE,"High-CMT","top_33pct"
"POLES-JRC ENGAGE","ENGAGE-INDCi2030-1000f","C4",767326.426864152,1645804.43388468,"2C (Medium-Ambition)",578924.199252076,1742417.43999279,TRUE,FALSE,"High-CMT only",TRUE,FALSE,"High-CMT","top_33pct"
"POLES-JRC ENGAGE","ENGAGE-INDCi2030-1000f-COV","C4",741140.5754442,1507963.03845808,"2C (Medium-Ambition)",578924.199252076,1742417.43999279,TRUE,FALSE,"High-CMT only",TRUE,FALSE,"High-CMT","top_33pct"
"POLES-JRC ENGAGE","ENGAGE-INDCi2030-1000f-COV-NDCp","C4",748918.174330138,1503516.81086292,"2C (Medium-Ambition)",578924.199252076,1742417.43999279,TRUE,FALSE,"High-CMT only",TRUE,FALSE,"High-CMT","top_33pct"
"POLES-JRC ENGAGE","ENGAGE-INDCi2030-1000f-NDCp","C4",868492.742474645,1687684.97955225,"2C (Medium-Ambition)",578924.199252076,1742417.43999279,TRUE,FALSE,"High-CMT only",TRUE,FALSE,"High-CMT","top_33pct"
"POLES-JRC ENGAGE","ENGAGE-INDCi2030-1200","C4",784400.670328846,1628716.9704315,"2C (Medium-Ambition)",578924.199252076,1742417.43999279,TRUE,FALSE,"High-CMT only",TRUE,FALSE,"High-CMT","top_33pct"
"POLES-JRC ENGAGE","ENGAGE-INDCi2030-1200f","C4",801003.461921161,1626578.32257241,"2C (Medium-Ambition)",578924.199252076,1742417.43999279,TRUE,FALSE,"High-CMT only",TRUE,FALSE,"High-CMT","top_33pct"
"POLES-JRC ENGAGE","ENGAGE-INDCi2030-1400","C3",882887.997459238,1641524.6503275,"2C (Medium-Ambition)",578924.199252076,1742417.43999279,TRUE,FALSE,"High-CMT only",TRUE,FALSE,"High-CMT","top_33pct"
"POLES-JRC ENGAGE","ENGAGE-INDCi2030-1400f","C3",875167.414740389,1639097.78211194,"2C (Medium-Ambition)",578924.199252076,1742417.43999279,TRUE,FALSE,"High-CMT only",TRUE,FALSE,"High-CMT","top_33pct"
"POLES-JRC ENGAGE","ENGAGE-INDCi2030-1600","C3",863895.702504461,1610708.43307298,"2C (Medium-Ambition)",578924.199252076,1742417.43999279,TRUE,FALSE,"High-CMT only",TRUE,FALSE,"High-CMT","top_33pct"
"POLES-JRC ENGAGE","ENGAGE-INDCi2030-1600f","C3",863895.702504461,1610708.43307298,"2C (Medium-Ambition)",578924.199252076,1742417.43999279,TRUE,FALSE,"High-CMT only",TRUE,FALSE,"High-CMT","top_33pct"
"POLES-JRC ENGAGE","ENGAGE-INDCi2030-1800","C3",922137.754920458,1582234.70761698,"2C (Medium-Ambition)",578924.199252076,1742417.43999279,TRUE,FALSE,"High-CMT only",TRUE,FALSE,"High-CMT","top_33pct"
"POLES-JRC ENGAGE","ENGAGE-INDCi2030-1800f","C3",922137.754920458,1582234.70761698,"2C (Medium-Ambition)",578924.199252076,1742417.43999279,TRUE,FALSE,"High-CMT only",TRUE,FALSE,"High-CMT","top_33pct"
"POLES-JRC ENGAGE","ENGAGE-INDCi2030-2000","C3",932832.589064991,1556251.08778393,"2C (Medium-Ambition)",578924.199252076,1742417.43999279,TRUE,FALSE,"High-CMT only",TRUE,FALSE,"High-CMT","top_33pct"
"POLES-JRC ENGAGE","ENGAGE-INDCi2030-2000f","C3",932832.589064991,1556251.08778393,"2C (Medium-Ambition)",578924.199252076,1742417.43999279,TRUE,FALSE,"High-CMT only",TRUE,FALSE,"High-CMT","top_33pct"
"POLES-JRC ENGAGE","ENGAGE-INDCi2030-2500","C4",779760.659486955,1422854.92722278,"2C (Medium-Ambition)",578924.199252076,1742417.43999279,TRUE,FALSE,"High-CMT only",TRUE,FALSE,"High-CMT","top_33pct"
"POLES-JRC ENGAGE","ENGAGE-INDCi2030-2500f","C4",779760.659486955,1422854.92722278,"2C (Medium-Ambition)",578924.199252076,1742417.43999279,TRUE,FALSE,"High-CMT only",TRUE,FALSE,"High-CMT","top_33pct"
"POLES-JRC ENGAGE","ENGAGE-INDCi2030-3000","C4",472826.223228202,1287193.58371991,"2C (Medium-Ambition)",578924.199252076,1742417.43999279,FALSE,FALSE,"Low (both)",FALSE,FALSE,NA,"top_33pct"
"POLES-JRC ENGAGE","ENGAGE-INDCi2030-3000f","C4",472826.223228202,1287193.58371991,"2C (Medium-Ambition)",578924.199252076,1742417.43999279,FALSE,FALSE,"Low (both)",FALSE,FALSE,NA,"top_33pct"
"POLES-JRC ENGAGE","ENGAGE-INDCi2030-300f","C2",1560853.36464833,1909799.1487838,"1.5C (High-Ambition)",1233903.75225355,2635442.63858426,TRUE,FALSE,"High-CMT only",TRUE,FALSE,"High-CMT","top_33pct"
"POLES-JRC ENGAGE","ENGAGE-INDCi2030-400f","C2",1401627.45364121,1853898.79823786,"1.5C (High-Ambition)",1233903.75225355,2635442.63858426,TRUE,FALSE,"High-CMT only",TRUE,FALSE,"High-CMT","top_33pct"
"POLES-JRC ENGAGE","ENGAGE-INDCi2030-500f","C3",1226105.38006958,1785874.26344072,"2C (Medium-Ambition)",578924.199252076,1742417.43999279,TRUE,TRUE,"Both High",FALSE,FALSE,NA,"top_33pct"
"POLES-JRC ENGAGE","ENGAGE-INDCi2030-600f","C3",1078418.14568481,1732832.34359252,"2C (Medium-Ambition)",578924.199252076,1742417.43999279,TRUE,FALSE,"High-CMT only",TRUE,FALSE,"High-CMT","top_33pct"
"POLES-JRC ENGAGE","ENGAGE-INDCi2030-600f-COV","C3",876790.289300927,1575517.31320896,"2C (Medium-Ambition)",578924.199252076,1742417.43999279,TRUE,FALSE,"High-CMT only",TRUE,FALSE,"High-CMT","top_33pct"
"POLES-JRC ENGAGE","ENGAGE-INDCi2030-600f-COV-NDCp","C3",849984.209916411,1578836.43946912,"2C (Medium-Ambition)",578924.199252076,1742417.43999279,TRUE,FALSE,"High-CMT only",TRUE,FALSE,"High-CMT","top_33pct"
"POLES-JRC ENGAGE","ENGAGE-INDCi2030-600f-NDCp","C3",1103166.25871548,1779232.30113087,"2C (Medium-Ambition)",578924.199252076,1742417.43999279,TRUE,TRUE,"Both High",FALSE,FALSE,NA,"top_33pct"
"POLES-JRC ENGAGE","ENGAGE-INDCi2030-700f","C3",903774.134490473,1679942.61636102,"2C (Medium-Ambition)",578924.199252076,1742417.43999279,TRUE,FALSE,"High-CMT only",TRUE,FALSE,"High-CMT","top_33pct"
"POLES-JRC ENGAGE","ENGAGE-INDCi2030-800f","C4",779776.025204753,1656702.75883412,"2C (Medium-Ambition)",578924.199252076,1742417.43999279,TRUE,FALSE,"High-CMT only",TRUE,FALSE,"High-CMT","top_33pct"
"POLES-JRC ENGAGE","ENGAGE-INDCi2030-900","C3",1297869.67988539,1976495.03107655,"2C (Medium-Ambition)",578924.199252076,1742417.43999279,TRUE,TRUE,"Both High",FALSE,FALSE,NA,"top_33pct"
"POLES-JRC ENGAGE","ENGAGE-INDCi2030-900f","C4",736226.273590272,1625939.68605929,"2C (Medium-Ambition)",578924.199252076,1742417.43999279,TRUE,FALSE,"High-CMT only",TRUE,FALSE,"High-CMT","top_33pct"
"POLES-JRC ENGAGE","ENGAGE-INDCi2100","C4",512594.424462455,1313036.37287302,"2C (Medium-Ambition)",578924.199252076,1742417.43999279,FALSE,FALSE,"Low (both)",FALSE,FALSE,NA,"top_33pct"
"POLES-JRC ENGAGE","ENGAGE-INDCi2100-COV","C4",506747.250256102,1209022.9944362,"2C (Medium-Ambition)",578924.199252076,1742417.43999279,FALSE,FALSE,"Low (both)",FALSE,FALSE,NA,"top_33pct"
"POLES-JRC ENGAGE","ENGAGE-INDCi2100-COV-NDCp","C4",600404.352383313,1259654.96383082,"2C (Medium-Ambition)",578924.199252076,1742417.43999279,TRUE,FALSE,"High-CMT only",TRUE,FALSE,"High-CMT","top_33pct"
"POLES-JRC ENGAGE","ENGAGE-INDCi2100-NDCp","C4",590205.451950537,1370859.96461485,"2C (Medium-Ambition)",578924.199252076,1742417.43999279,TRUE,FALSE,"High-CMT only",TRUE,FALSE,"High-CMT","top_33pct"
"POLES-JRC ENGAGE","ENGAGE-NPi2020-1000f","C4",860051.697422481,1656006.4899939,"2C (Medium-Ambition)",578924.199252076,1742417.43999279,TRUE,FALSE,"High-CMT only",TRUE,FALSE,"High-CMT","top_33pct"
"POLES-JRC ENGAGE","ENGAGE-NPi2020-1000f-COV","C4",817345.436816958,1495435.99523031,"2C (Medium-Ambition)",578924.199252076,1742417.43999279,TRUE,FALSE,"High-CMT only",TRUE,FALSE,"High-CMT","top_33pct"
"POLES-JRC ENGAGE","ENGAGE-NPi2020-1200f","C4",876677.628022661,1622616.78378066,"2C (Medium-Ambition)",578924.199252076,1742417.43999279,TRUE,FALSE,"High-CMT only",TRUE,FALSE,"High-CMT","top_33pct"
"POLES-JRC ENGAGE","ENGAGE-NPi2020-1400","C3",947385.233691637,1634729.54681125,"2C (Medium-Ambition)",578924.199252076,1742417.43999279,TRUE,FALSE,"High-CMT only",TRUE,FALSE,"High-CMT","top_33pct"
"POLES-JRC ENGAGE","ENGAGE-NPi2020-1400f","C3",948357.713603659,1630185.44754353,"2C (Medium-Ambition)",578924.199252076,1742417.43999279,TRUE,FALSE,"High-CMT only",TRUE,FALSE,"High-CMT","top_33pct"
"POLES-JRC ENGAGE","ENGAGE-NPi2020-1600","C3",941534.358090782,1594541.51734605,"2C (Medium-Ambition)",578924.199252076,1742417.43999279,TRUE,FALSE,"High-CMT only",TRUE,FALSE,"High-CMT","top_33pct"
"POLES-JRC ENGAGE","ENGAGE-NPi2020-1600f","C3",943685.777991617,1595940.80834922,"2C (Medium-Ambition)",578924.199252076,1742417.43999279,TRUE,FALSE,"High-CMT only",TRUE,FALSE,"High-CMT","top_33pct"
"POLES-JRC ENGAGE","ENGAGE-NPi2020-1800","C3",973395.498099727,1566497.71804055,"2C (Medium-Ambition)",578924.199252076,1742417.43999279,TRUE,FALSE,"High-CMT only",TRUE,FALSE,"High-CMT","top_33pct"
"POLES-JRC ENGAGE","ENGAGE-NPi2020-1800f","C3",973395.498099727,1566497.71804055,"2C (Medium-Ambition)",578924.199252076,1742417.43999279,TRUE,FALSE,"High-CMT only",TRUE,FALSE,"High-CMT","top_33pct"
"POLES-JRC ENGAGE","ENGAGE-NPi2020-2000","C3",982076.722726187,1524402.67749902,"2C (Medium-Ambition)",578924.199252076,1742417.43999279,TRUE,FALSE,"High-CMT only",TRUE,FALSE,"High-CMT","top_33pct"
"POLES-JRC ENGAGE","ENGAGE-NPi2020-2000f","C3",982076.722726187,1524402.67749902,"2C (Medium-Ambition)",578924.199252076,1742417.43999279,TRUE,FALSE,"High-CMT only",TRUE,FALSE,"High-CMT","top_33pct"
"POLES-JRC ENGAGE","ENGAGE-NPi2020-2500","C4",813547.679643137,1398887.74451714,"2C (Medium-Ambition)",578924.199252076,1742417.43999279,TRUE,FALSE,"High-CMT only",TRUE,FALSE,"High-CMT","top_33pct"
"POLES-JRC ENGAGE","ENGAGE-NPi2020-2500f","C4",813547.679643137,1398887.74451714,"2C (Medium-Ambition)",578924.199252076,1742417.43999279,TRUE,FALSE,"High-CMT only",TRUE,FALSE,"High-CMT","top_33pct"
"POLES-JRC ENGAGE","ENGAGE-NPi2020-3000","C4",439455.212269675,1275331.66313931,"2C (Medium-Ambition)",578924.199252076,1742417.43999279,FALSE,FALSE,"Low (both)",FALSE,FALSE,NA,"top_33pct"
"POLES-JRC ENGAGE","ENGAGE-NPi2020-3000f","C4",439455.212269675,1275331.66313931,"2C (Medium-Ambition)",578924.199252076,1742417.43999279,FALSE,FALSE,"Low (both)",FALSE,FALSE,NA,"top_33pct"
"POLES-JRC ENGAGE","ENGAGE-NPi2020-900f","C4",829027.381193568,1678849.2088392,"2C (Medium-Ambition)",578924.199252076,1742417.43999279,TRUE,FALSE,"High-CMT only",TRUE,FALSE,"High-CMT","top_33pct"
"POLES-JRC ENGAGE","ENGAGE-NPi2100","C4",341824.195539118,1214793.68324136,"2C (Medium-Ambition)",578924.199252076,1742417.43999279,FALSE,FALSE,"Low (both)",FALSE,FALSE,NA,"top_33pct"
"POLES-JRC ENGAGE","ENGAGE-NPi2100-COV","C4",341406.18650294,1109686.97949646,"2C (Medium-Ambition)",578924.199252076,1742417.43999279,FALSE,FALSE,"Low (both)",FALSE,FALSE,NA,"top_33pct"
"REMIND 2.1","ECEMF-DIAG-NPi","C4",0,NA,"2C (Medium-Ambition)",578924.199252076,1742417.43999279,FALSE,NA,"Low (both)",FALSE,NA,NA,"top_33pct"
"REMIND 3.5","Rescuing-1.5°C-Highest-Possible-Ambition","C4",920235.1889679,6241631.4926337,"2C (Medium-Ambition)",578924.199252076,1742417.43999279,TRUE,TRUE,"Both High",FALSE,FALSE,NA,"top_33pct"
"REMIND-MAgPIE 1.7-3.0","CD-LINKS-No-Policy","C4",1783.4374,2773994.73045,"2C (Medium-Ambition)",578924.199252076,1742417.43999279,FALSE,TRUE,"High-RE only",FALSE,TRUE,"High-RE","top_33pct"
"REMIND-MAgPIE 1.7-3.0","COMMIT-Baseline","C4",1812.72515,2668248.0555,"2C (Medium-Ambition)",578924.199252076,1742417.43999279,FALSE,TRUE,"High-RE only",FALSE,TRUE,"High-RE","top_33pct"
"REMIND-MAgPIE 1.7-3.0","COMMIT-Current-Policies","C4",33726.54985,2713307.73595,"2C (Medium-Ambition)",578924.199252076,1742417.43999279,FALSE,TRUE,"High-RE only",FALSE,TRUE,"High-RE","top_33pct"
"REMIND-MAgPIE 1.7-3.0","EMF33-medium-2°C-cost100","C4",0,NA,"2C (Medium-Ambition)",578924.199252076,1742417.43999279,FALSE,NA,"Low (both)",FALSE,NA,NA,"top_33pct"
"REMIND-MAgPIE 1.7-3.0","EMF33-medium-2°C-full","C3",0,NA,"2C (Medium-Ambition)",578924.199252076,1742417.43999279,FALSE,NA,"Low (both)",FALSE,NA,NA,"top_33pct"
"REMIND-MAgPIE 1.7-3.0","EMF33-medium-2°C-limbio","C3",0,NA,"2C (Medium-Ambition)",578924.199252076,1742417.43999279,FALSE,NA,"Low (both)",FALSE,NA,NA,"top_33pct"
"REMIND-MAgPIE 1.7-3.0","EMF33-medium-2°C-nofuel","C4",0,NA,"2C (Medium-Ambition)",578924.199252076,1742417.43999279,FALSE,NA,"Low (both)",FALSE,NA,NA,"top_33pct"
"REMIND-MAgPIE 1.7-3.0","EMF33-tax-hi-full","C3",0,NA,"2C (Medium-Ambition)",578924.199252076,1742417.43999279,FALSE,NA,"Low (both)",FALSE,NA,NA,"top_33pct"
"REMIND-MAgPIE 1.7-3.0","EMF33-tax-hi-none","C4",0,NA,"2C (Medium-Ambition)",578924.199252076,1742417.43999279,FALSE,NA,"Low (both)",FALSE,NA,NA,"top_33pct"
"REMIND-MAgPIE 1.7-3.0","EMF33-tax-lo-full","C3",0,NA,"2C (Medium-Ambition)",578924.199252076,1742417.43999279,FALSE,NA,"Low (both)",FALSE,NA,NA,"top_33pct"
"REMIND-MAgPIE 1.7-3.0","EMF33-tax-lo-none","C3",0,NA,"2C (Medium-Ambition)",578924.199252076,1742417.43999279,FALSE,NA,"Low (both)",FALSE,NA,NA,"top_33pct"
"REMIND-MAgPIE 1.7-3.0","PEP-NPi","C4",33726.54985,2713307.73595,"2C (Medium-Ambition)",578924.199252076,1742417.43999279,FALSE,TRUE,"High-RE only",FALSE,TRUE,"High-RE","top_33pct"
"REMIND-MAgPIE 1.7-3.0","PEP-NoPolicy","C4",1812.72515,2668248.0555,"2C (Medium-Ambition)",578924.199252076,1742417.43999279,FALSE,TRUE,"High-RE only",FALSE,TRUE,"High-RE","top_33pct"
"REMIND-MAgPIE 1.7-3.0","SMP-Reference-Default","C4",0,NA,"2C (Medium-Ambition)",578924.199252076,1742417.43999279,FALSE,NA,"Low (both)",FALSE,NA,NA,"top_33pct"
"REMIND-MAgPIE 1.7-3.0","SMP-Reference-Sustainable","C4",0,NA,"2C (Medium-Ambition)",578924.199252076,1742417.43999279,FALSE,NA,"Low (both)",FALSE,NA,NA,"top_33pct"
"REMIND-MAgPIE 2.1-4.2","ENGAGE-NoPolicy","C4",5961.6242,2262176.39415,"2C (Medium-Ambition)",578924.199252076,1742417.43999279,FALSE,TRUE,"High-RE only",FALSE,TRUE,"High-RE","top_33pct"
"REMIND-MAgPIE 2.1-4.2","NGFS Phase 2-Current Policies","C4",6647.2754,1552100.76295,"2C (Medium-Ambition)",578924.199252076,1742417.43999279,FALSE,FALSE,"Low (both)",FALSE,FALSE,NA,"top_33pct"
"REMIND-MAgPIE 2.1-4.2","NGFS Phase 2-Delayed Transition","C3",182463.6916,2516049.7144,"2C (Medium-Ambition)",578924.199252076,1742417.43999279,FALSE,TRUE,"High-RE only",FALSE,TRUE,"High-RE","top_33pct"
"REMIND-MAgPIE 2.1-4.2","NGFS Phase 2-Nationally Determined Contributions (NDCs)","C3",131680.45455,1997293.80445,"2C (Medium-Ambition)",578924.199252076,1742417.43999279,FALSE,TRUE,"High-RE only",FALSE,TRUE,"High-RE","top_33pct"
"REMIND-MAgPIE 2.1-4.3","DeepElectrification-SSP2-Baseline","C4",34499.76215,1801779.85165,"2C (Medium-Ambition)",578924.199252076,1742417.43999279,FALSE,TRUE,"High-RE only",FALSE,TRUE,"High-RE","top_33pct"
"REMIND-MAgPIE 2.1-4.3","DeepElectrification-SSP2-NPi","C4",359253.23625,1846751.32765,"2C (Medium-Ambition)",578924.199252076,1742417.43999279,FALSE,TRUE,"High-RE only",FALSE,TRUE,"High-RE","top_33pct"
"REMIND-MAgPIE 3.2-4.6","SHAPE-SSP2-NPi","C4",303333.6215,3124627.49885,"2C (Medium-Ambition)",578924.199252076,1742417.43999279,FALSE,TRUE,"High-RE only",FALSE,TRUE,"High-RE","top_33pct"
"REMIND-MAgPIE 3.2-4.6","SHAPE-SSP2-NPi [with Climate Change Impacts]","C4",301668.876,3111006.47945,"2C (Medium-Ambition)",578924.199252076,1742417.43999279,FALSE,TRUE,"High-RE only",FALSE,TRUE,"High-RE","top_33pct"
"REMIND-MAgPIE 3.2.0-4.8.0","RESCUE-End-of-Century-Budget-1150","C4",144025.28798535,3984178.71776075,"2C (Medium-Ambition)",578924.199252076,1742417.43999279,FALSE,TRUE,"High-RE only",FALSE,TRUE,"High-RE","top_33pct"
"REMIND-MAgPIE 3.2.0-4.8.0","RESCUE-End-of-Century-Budget-1150-with-OAE","C4",119695.68348485,4156912.1036843,"2C (Medium-Ambition)",578924.199252076,1742417.43999279,FALSE,TRUE,"High-RE only",FALSE,TRUE,"High-RE","top_33pct"
"REMIND-MAgPIE 3.2.0-4.8.0","RESCUE-End-of-Century-Budget-500","C2",337407.7551985,3939775.9237146,"1.5C (High-Ambition)",1233903.75225355,2635442.63858426,FALSE,TRUE,"High-RE only",FALSE,TRUE,"High-RE","top_33pct"
"REMIND-MAgPIE 3.2.0-4.8.0","RESCUE-End-of-Century-Budget-500-with-OAE","C2",285000.6597766,4250458.8591347,"1.5C (High-Ambition)",1233903.75225355,2635442.63858426,FALSE,TRUE,"High-RE only",FALSE,TRUE,"High-RE","top_33pct"
"REMIND-MAgPIE 3.2.0-4.8.0","RESCUE-Peak-Budget-1150","C3",88711.5289226,4241488.12267855,"2C (Medium-Ambition)",578924.199252076,1742417.43999279,FALSE,TRUE,"High-RE only",FALSE,TRUE,"High-RE","top_33pct"
"REMIND-MAgPIE 3.2.0-4.8.0","RESCUE-Peak-Budget-1150-with-OAE","C3",90018.74695205,4239161.18393145,"2C (Medium-Ambition)",578924.199252076,1742417.43999279,FALSE,TRUE,"High-RE only",FALSE,TRUE,"High-RE","top_33pct"
"REMIND-MAgPIE 3.3-4.8","NGFS Phase 5-Below 2°C","C3",142386.8486208,3099997.84496065,"2C (Medium-Ambition)",578924.199252076,1742417.43999279,FALSE,TRUE,"High-RE only",FALSE,TRUE,"High-RE","top_33pct"
"REMIND-MAgPIE 3.3-4.8","NGFS Phase 5-Current Policies","C4",25518.9924592,2402907.75715255,"2C (Medium-Ambition)",578924.199252076,1742417.43999279,FALSE,TRUE,"High-RE only",FALSE,TRUE,"High-RE","top_33pct"
"REMIND-MAgPIE 3.3-4.8","NGFS Phase 5-Delayed Transition","C3",116874.69426265,3217436.56533475,"2C (Medium-Ambition)",578924.199252076,1742417.43999279,FALSE,TRUE,"High-RE only",FALSE,TRUE,"High-RE","top_33pct"
"REMIND-MAgPIE 3.3-4.8","NGFS Phase 5-Fragmented World","C3",66029.20389785,2626709.22237665,"2C (Medium-Ambition)",578924.199252076,1742417.43999279,FALSE,TRUE,"High-RE only",FALSE,TRUE,"High-RE","top_33pct"
"REMIND-MAgPIE 3.3-4.8","NGFS Phase 5-Low Demand","C2",96891.12694455,2075888.37284735,"1.5C (High-Ambition)",1233903.75225355,2635442.63858426,FALSE,FALSE,"Low (both)",FALSE,FALSE,NA,"top_33pct"
"REMIND-MAgPIE 3.3-4.8","NGFS Phase 5-Nationally Determined Contributions (NDCs)","C3",115525.37677825,2848022.9568161,"2C (Medium-Ambition)",578924.199252076,1742417.43999279,FALSE,TRUE,"High-RE only",FALSE,TRUE,"High-RE","top_33pct"
"REMIND-MAgPIE 3.3-4.8","NGFS Phase 5-Net-Zero 2050","C2",143765.55833355,3378286.77547635,"1.5C (High-Ambition)",1233903.75225355,2635442.63858426,FALSE,TRUE,"High-RE only",FALSE,TRUE,"High-RE","top_33pct"
"TIAM-ECN 1.1","ENGAGE-INDCi2030-1000","C3",556416.895530341,690923.935989028,"2C (Medium-Ambition)",578924.199252076,1742417.43999279,FALSE,FALSE,"Low (both)",FALSE,FALSE,NA,"top_33pct"
"TIAM-ECN 1.1","ENGAGE-INDCi2030-1000-COV","C3",581387.992322646,709203.891892007,"2C (Medium-Ambition)",578924.199252076,1742417.43999279,TRUE,FALSE,"High-CMT only",TRUE,FALSE,"High-CMT","top_33pct"
"TIAM-ECN 1.1","ENGAGE-INDCi2030-1000-NDCp","C3",556807.769559643,693575.358128332,"2C (Medium-Ambition)",578924.199252076,1742417.43999279,FALSE,FALSE,"Low (both)",FALSE,FALSE,NA,"top_33pct"
"TIAM-ECN 1.1","ENGAGE-INDCi2030-1000f","C3",557097.031004365,691609.277594632,"2C (Medium-Ambition)",578924.199252076,1742417.43999279,FALSE,FALSE,"Low (both)",FALSE,FALSE,NA,"top_33pct"
"TIAM-ECN 1.1","ENGAGE-INDCi2030-1000f-COV","C3",552047.376414727,685263.487098521,"2C (Medium-Ambition)",578924.199252076,1742417.43999279,FALSE,FALSE,"Low (both)",FALSE,FALSE,NA,"top_33pct"
"TIAM-ECN 1.1","ENGAGE-INDCi2030-1000f-NDCp","C3",556379.739566192,705941.26827766,"2C (Medium-Ambition)",578924.199252076,1742417.43999279,FALSE,FALSE,"Low (both)",FALSE,FALSE,NA,"top_33pct"
"TIAM-ECN 1.1","ENGAGE-INDCi2030-1200","C3",522676.052688374,672007.439980189,"2C (Medium-Ambition)",578924.199252076,1742417.43999279,FALSE,FALSE,"Low (both)",FALSE,FALSE,NA,"top_33pct"
"TIAM-ECN 1.1","ENGAGE-INDCi2030-1200f","C3",537206.882520424,682626.911987166,"2C (Medium-Ambition)",578924.199252076,1742417.43999279,FALSE,FALSE,"Low (both)",FALSE,FALSE,NA,"top_33pct"
"TIAM-ECN 1.1","ENGAGE-INDCi2030-1400","C4",473222.736226781,647878.474377193,"2C (Medium-Ambition)",578924.199252076,1742417.43999279,FALSE,FALSE,"Low (both)",FALSE,FALSE,NA,"top_33pct"
"TIAM-ECN 1.1","ENGAGE-INDCi2030-1400f","C4",481616.468136574,655266.675511948,"2C (Medium-Ambition)",578924.199252076,1742417.43999279,FALSE,FALSE,"Low (both)",FALSE,FALSE,NA,"top_33pct"
"TIAM-ECN 1.1","ENGAGE-INDCi2030-1600","C4",447807.127877589,640939.919523664,"2C (Medium-Ambition)",578924.199252076,1742417.43999279,FALSE,FALSE,"Low (both)",FALSE,FALSE,NA,"top_33pct"
"TIAM-ECN 1.1","ENGAGE-INDCi2030-1600f","C3",450073.574466195,644875.997478831,"2C (Medium-Ambition)",578924.199252076,1742417.43999279,FALSE,FALSE,"Low (both)",FALSE,FALSE,NA,"top_33pct"
"TIAM-ECN 1.1","ENGAGE-INDCi2030-2000","C3",369543.887195233,604080.419454955,"2C (Medium-Ambition)",578924.199252076,1742417.43999279,FALSE,FALSE,"Low (both)",FALSE,FALSE,NA,"top_33pct"
"TIAM-ECN 1.1","ENGAGE-INDCi2030-2000f","C3",369543.866662719,606133.147127771,"2C (Medium-Ambition)",578924.199252076,1742417.43999279,FALSE,FALSE,"Low (both)",FALSE,FALSE,NA,"top_33pct"
"TIAM-ECN 1.1","ENGAGE-INDCi2030-2500","C3",207063.068663247,564175.723200626,"2C (Medium-Ambition)",578924.199252076,1742417.43999279,FALSE,FALSE,"Low (both)",FALSE,FALSE,NA,"top_33pct"
"TIAM-ECN 1.1","ENGAGE-INDCi2030-2500f","C3",207009.750105672,563098.180483293,"2C (Medium-Ambition)",578924.199252076,1742417.43999279,FALSE,FALSE,"Low (both)",FALSE,FALSE,NA,"top_33pct"
"TIAM-ECN 1.1","ENGAGE-INDCi2030-3000","C4",58399.9079295208,489057.258589408,"2C (Medium-Ambition)",578924.199252076,1742417.43999279,FALSE,FALSE,"Low (both)",FALSE,FALSE,NA,"top_33pct"
"TIAM-ECN 1.1","ENGAGE-INDCi2030-3000f","C4",58440.3891219339,489483.385,"2C (Medium-Ambition)",578924.199252076,1742417.43999279,FALSE,FALSE,"Low (both)",FALSE,FALSE,NA,"top_33pct"
"TIAM-ECN 1.1","ENGAGE-INDCi2030-900","C3",576708.142904848,701897.086874387,"2C (Medium-Ambition)",578924.199252076,1742417.43999279,FALSE,FALSE,"Low (both)",FALSE,FALSE,NA,"top_33pct"
"TIAM-ECN 1.1","ENGAGE-INDCi2030-900f","C3",578639.448241704,701114.48292391,"2C (Medium-Ambition)",578924.199252076,1742417.43999279,FALSE,FALSE,"Low (both)",FALSE,FALSE,NA,"top_33pct"
"TIAM-ECN 1.1","ENGAGE-INDCi2100","C4",15020.6086176742,329059.890662639,"2C (Medium-Ambition)",578924.199252076,1742417.43999279,FALSE,FALSE,"Low (both)",FALSE,FALSE,NA,"top_33pct"
"TIAM-ECN 1.1","ENGAGE-INDCi2100-COV","C4",14662.6780259437,326270.305,"2C (Medium-Ambition)",578924.199252076,1742417.43999279,FALSE,FALSE,"Low (both)",FALSE,FALSE,NA,"top_33pct"
"TIAM-ECN 1.1","ENGAGE-INDCi2100-NDCp","C4",17701.3693693994,334146.447839702,"2C (Medium-Ambition)",578924.199252076,1742417.43999279,FALSE,FALSE,"Low (both)",FALSE,FALSE,NA,"top_33pct"
"TIAM-ECN 1.1","ENGAGE-NPi2020-1000","C3",540002.915823995,691112.592569936,"2C (Medium-Ambition)",578924.199252076,1742417.43999279,FALSE,FALSE,"Low (both)",FALSE,FALSE,NA,"top_33pct"
"TIAM-ECN 1.1","ENGAGE-NPi2020-1000-COV","C3",530058.15055634,680169.45956664,"2C (Medium-Ambition)",578924.199252076,1742417.43999279,FALSE,FALSE,"Low (both)",FALSE,FALSE,NA,"top_33pct"
"TIAM-ECN 1.1","ENGAGE-NPi2020-1000f","C3",547716.548595891,687261.909700951,"2C (Medium-Ambition)",578924.199252076,1742417.43999279,FALSE,FALSE,"Low (both)",FALSE,FALSE,NA,"top_33pct"
"TIAM-ECN 1.1","ENGAGE-NPi2020-1000f-COV","C3",543547.022634253,675367.726076554,"2C (Medium-Ambition)",578924.199252076,1742417.43999279,FALSE,FALSE,"Low (both)",FALSE,FALSE,NA,"top_33pct"
"TIAM-ECN 1.1","ENGAGE-NPi2020-1200","C3",515348.628013483,664153.527146803,"2C (Medium-Ambition)",578924.199252076,1742417.43999279,FALSE,FALSE,"Low (both)",FALSE,FALSE,NA,"top_33pct"
"TIAM-ECN 1.1","ENGAGE-NPi2020-1200f","C3",525085.448336667,671168.708015093,"2C (Medium-Ambition)",578924.199252076,1742417.43999279,FALSE,FALSE,"Low (both)",FALSE,FALSE,NA,"top_33pct"
"TIAM-ECN 1.1","ENGAGE-NPi2020-1400","C4",461136.11058913,646703.763247482,"2C (Medium-Ambition)",578924.199252076,1742417.43999279,FALSE,FALSE,"Low (both)",FALSE,FALSE,NA,"top_33pct"
"TIAM-ECN 1.1","ENGAGE-NPi2020-1400f","C4",472385.636870008,647691.435948122,"2C (Medium-Ambition)",578924.199252076,1742417.43999279,FALSE,FALSE,"Low (both)",FALSE,FALSE,NA,"top_33pct"
"TIAM-ECN 1.1","ENGAGE-NPi2020-1600","C4",452172.258843537,620749.757194719,"2C (Medium-Ambition)",578924.199252076,1742417.43999279,FALSE,FALSE,"Low (both)",FALSE,FALSE,NA,"top_33pct"
"TIAM-ECN 1.1","ENGAGE-NPi2020-1600f","C3",456970.395902741,621701.728163752,"2C (Medium-Ambition)",578924.199252076,1742417.43999279,FALSE,FALSE,"Low (both)",FALSE,FALSE,NA,"top_33pct"
"TIAM-ECN 1.1","ENGAGE-NPi2020-2000","C3",365631.763604967,600642.93903774,"2C (Medium-Ambition)",578924.199252076,1742417.43999279,FALSE,FALSE,"Low (both)",FALSE,FALSE,NA,"top_33pct"
"TIAM-ECN 1.1","ENGAGE-NPi2020-2000f","C3",367647.358648225,604934.943689303,"2C (Medium-Ambition)",578924.199252076,1742417.43999279,FALSE,FALSE,"Low (both)",FALSE,FALSE,NA,"top_33pct"
"TIAM-ECN 1.1","ENGAGE-NPi2020-2500","C3",214006.497796581,547041.580276953,"2C (Medium-Ambition)",578924.199252076,1742417.43999279,FALSE,FALSE,"Low (both)",FALSE,FALSE,NA,"top_33pct"
"TIAM-ECN 1.1","ENGAGE-NPi2020-2500f","C3",214008.218369216,545996.172754981,"2C (Medium-Ambition)",578924.199252076,1742417.43999279,FALSE,FALSE,"Low (both)",FALSE,FALSE,NA,"top_33pct"
"TIAM-ECN 1.1","ENGAGE-NPi2020-3000","C4",45035.2280709856,473591.259166842,"2C (Medium-Ambition)",578924.199252076,1742417.43999279,FALSE,FALSE,"Low (both)",FALSE,FALSE,NA,"top_33pct"
"TIAM-ECN 1.1","ENGAGE-NPi2020-3000f","C4",45037.7869570158,474317.474511004,"2C (Medium-Ambition)",578924.199252076,1742417.43999279,FALSE,FALSE,"Low (both)",FALSE,FALSE,NA,"top_33pct"
"TIAM-ECN 1.1","ENGAGE-NPi2020-800","C3",575248.455684609,717322.94,"2C (Medium-Ambition)",578924.199252076,1742417.43999279,FALSE,FALSE,"Low (both)",FALSE,FALSE,NA,"top_33pct"
"TIAM-ECN 1.1","ENGAGE-NPi2020-800f","C3",580457.503094233,709301.9,"2C (Medium-Ambition)",578924.199252076,1742417.43999279,TRUE,FALSE,"High-CMT only",TRUE,FALSE,"High-CMT","top_33pct"
"TIAM-ECN 1.1","ENGAGE-NPi2020-900","C3",556648.956451054,698422.511455936,"2C (Medium-Ambition)",578924.199252076,1742417.43999279,FALSE,FALSE,"Low (both)",FALSE,FALSE,NA,"top_33pct"
"TIAM-ECN 1.1","ENGAGE-NPi2020-900f","C3",552920.126190524,702002.814493307,"2C (Medium-Ambition)",578924.199252076,1742417.43999279,FALSE,FALSE,"Low (both)",FALSE,FALSE,NA,"top_33pct"
"TIAM-ECN 1.1","ENGAGE-NPi2100","C4",205.52538175354,312427.097163971,"2C (Medium-Ambition)",578924.199252076,1742417.43999279,FALSE,FALSE,"Low (both)",FALSE,FALSE,NA,"top_33pct"
"TIAM-ECN 1.1","ENGAGE-NPi2100-COV","C4",264.568835708227,311473.198271103,"2C (Medium-Ambition)",578924.199252076,1742417.43999279,FALSE,FALSE,"Low (both)",FALSE,FALSE,NA,"top_33pct"
"WITCH 5.0","COMMIT-Baseline","C4",140805.039876654,1241626.08280612,"2C (Medium-Ambition)",578924.199252076,1742417.43999279,FALSE,FALSE,"Low (both)",FALSE,FALSE,NA,"top_33pct"
"WITCH 5.0","ENGAGE-INDCi2030-1000","C3",592144.710582481,1931299.68908206,"2C (Medium-Ambition)",578924.199252076,1742417.43999279,TRUE,TRUE,"Both High",FALSE,FALSE,NA,"top_33pct"
"WITCH 5.0","ENGAGE-INDCi2030-1000-NDCp","C3",579066.574757262,1938834.94732775,"2C (Medium-Ambition)",578924.199252076,1742417.43999279,TRUE,TRUE,"Both High",FALSE,FALSE,NA,"top_33pct"
"WITCH 5.0","ENGAGE-INDCi2030-1000f","C3",600972.863886615,1946406.25275075,"2C (Medium-Ambition)",578924.199252076,1742417.43999279,TRUE,TRUE,"Both High",FALSE,FALSE,NA,"top_33pct"
"WITCH 5.0","ENGAGE-INDCi2030-1000f-NDCp","C3",591972.744481883,1944223.91161705,"2C (Medium-Ambition)",578924.199252076,1742417.43999279,TRUE,TRUE,"Both High",FALSE,FALSE,NA,"top_33pct"
"WITCH 5.0","ENGAGE-INDCi2030-1200","C4",489859.063078767,1913084.15498313,"2C (Medium-Ambition)",578924.199252076,1742417.43999279,FALSE,TRUE,"High-RE only",FALSE,TRUE,"High-RE","top_33pct"
"WITCH 5.0","ENGAGE-INDCi2030-1200-NDCp","C4",449832.105867806,1908715.67350258,"2C (Medium-Ambition)",578924.199252076,1742417.43999279,FALSE,TRUE,"High-RE only",FALSE,TRUE,"High-RE","top_33pct"
"WITCH 5.0","ENGAGE-INDCi2030-1200f","C4",509975.217118785,1904548.82493364,"2C (Medium-Ambition)",578924.199252076,1742417.43999279,FALSE,TRUE,"High-RE only",FALSE,TRUE,"High-RE","top_33pct"
"WITCH 5.0","ENGAGE-INDCi2030-1200f-NDCp","C4",482689.141994471,1900051.85990459,"2C (Medium-Ambition)",578924.199252076,1742417.43999279,FALSE,TRUE,"High-RE only",FALSE,TRUE,"High-RE","top_33pct"
"WITCH 5.0","ENGAGE-INDCi2030-1400","C4",394614.198337317,1879620.76953311,"2C (Medium-Ambition)",578924.199252076,1742417.43999279,FALSE,TRUE,"High-RE only",FALSE,TRUE,"High-RE","top_33pct"
"WITCH 5.0","ENGAGE-INDCi2030-1400-NDCp","C4",378170.160238464,1874024.59052403,"2C (Medium-Ambition)",578924.199252076,1742417.43999279,FALSE,TRUE,"High-RE only",FALSE,TRUE,"High-RE","top_33pct"
"WITCH 5.0","ENGAGE-INDCi2030-1400f","C4",414442.438279049,1864785.85753015,"2C (Medium-Ambition)",578924.199252076,1742417.43999279,FALSE,TRUE,"High-RE only",FALSE,TRUE,"High-RE","top_33pct"
"WITCH 5.0","ENGAGE-INDCi2030-1400f-NDCp","C4",403867.109855301,1861467.23334104,"2C (Medium-Ambition)",578924.199252076,1742417.43999279,FALSE,TRUE,"High-RE only",FALSE,TRUE,"High-RE","top_33pct"
"WITCH 5.0","ENGAGE-INDCi2030-1600","C3",346746.94337777,1842673.39608753,"2C (Medium-Ambition)",578924.199252076,1742417.43999279,FALSE,TRUE,"High-RE only",FALSE,TRUE,"High-RE","top_33pct"
"WITCH 5.0","ENGAGE-INDCi2030-1600-NDCp","C3",343562.858760098,1843434.63696904,"2C (Medium-Ambition)",578924.199252076,1742417.43999279,FALSE,TRUE,"High-RE only",FALSE,TRUE,"High-RE","top_33pct"
"WITCH 5.0","ENGAGE-INDCi2030-1600f","C3",349514.889964837,1837781.64548892,"2C (Medium-Ambition)",578924.199252076,1742417.43999279,FALSE,TRUE,"High-RE only",FALSE,TRUE,"High-RE","top_33pct"
"WITCH 5.0","ENGAGE-INDCi2030-1600f-NDCp","C3",345794.910906942,1835053.86386429,"2C (Medium-Ambition)",578924.199252076,1742417.43999279,FALSE,TRUE,"High-RE only",FALSE,TRUE,"High-RE","top_33pct"
"WITCH 5.0","ENGAGE-INDCi2030-1800","C3",333840.471727011,1810005.03641182,"2C (Medium-Ambition)",578924.199252076,1742417.43999279,FALSE,TRUE,"High-RE only",FALSE,TRUE,"High-RE","top_33pct"
"WITCH 5.0","ENGAGE-INDCi2030-1800-NDCp","C3",332058.820130693,1808435.86766463,"2C (Medium-Ambition)",578924.199252076,1742417.43999279,FALSE,TRUE,"High-RE only",FALSE,TRUE,"High-RE","top_33pct"
"WITCH 5.0","ENGAGE-INDCi2030-1800f","C3",333840.471727011,1810005.03641182,"2C (Medium-Ambition)",578924.199252076,1742417.43999279,FALSE,TRUE,"High-RE only",FALSE,TRUE,"High-RE","top_33pct"
"WITCH 5.0","ENGAGE-INDCi2030-1800f-NDCp","C3",332058.820130693,1808435.86766463,"2C (Medium-Ambition)",578924.199252076,1742417.43999279,FALSE,TRUE,"High-RE only",FALSE,TRUE,"High-RE","top_33pct"
"WITCH 5.0","ENGAGE-INDCi2030-2000","C3",318423.228909691,1784238.46250091,"2C (Medium-Ambition)",578924.199252076,1742417.43999279,FALSE,TRUE,"High-RE only",FALSE,TRUE,"High-RE","top_33pct"
"WITCH 5.0","ENGAGE-INDCi2030-2000-NDCp","C3",316914.396371746,1783431.11985598,"2C (Medium-Ambition)",578924.199252076,1742417.43999279,FALSE,TRUE,"High-RE only",FALSE,TRUE,"High-RE","top_33pct"
"WITCH 5.0","ENGAGE-INDCi2030-2000f","C3",318423.228909691,1784238.46250091,"2C (Medium-Ambition)",578924.199252076,1742417.43999279,FALSE,TRUE,"High-RE only",FALSE,TRUE,"High-RE","top_33pct"
"WITCH 5.0","ENGAGE-INDCi2030-2000f-NDCp","C3",316914.396371746,1783431.11985598,"2C (Medium-Ambition)",578924.199252076,1742417.43999279,FALSE,TRUE,"High-RE only",FALSE,TRUE,"High-RE","top_33pct"
"WITCH 5.0","ENGAGE-INDCi2030-2500","C3",229976.37482885,1741819.54160173,"2C (Medium-Ambition)",578924.199252076,1742417.43999279,FALSE,FALSE,"Low (both)",FALSE,FALSE,NA,"top_33pct"
"WITCH 5.0","ENGAGE-INDCi2030-2500-NDCp","C3",228748.898370392,1742417.43999279,"2C (Medium-Ambition)",578924.199252076,1742417.43999279,FALSE,TRUE,"High-RE only",FALSE,TRUE,"High-RE","top_33pct"
"WITCH 5.0","ENGAGE-INDCi2030-2500f","C3",229976.37482885,1741819.54160173,"2C (Medium-Ambition)",578924.199252076,1742417.43999279,FALSE,FALSE,"Low (both)",FALSE,FALSE,NA,"top_33pct"
"WITCH 5.0","ENGAGE-INDCi2030-2500f-NDCp","C3",228748.898370392,1742417.43999279,"2C (Medium-Ambition)",578924.199252076,1742417.43999279,FALSE,TRUE,"High-RE only",FALSE,TRUE,"High-RE","top_33pct"
"WITCH 5.0","ENGAGE-INDCi2030-3000","C4",175139.377763301,1689452.84771022,"2C (Medium-Ambition)",578924.199252076,1742417.43999279,FALSE,FALSE,"Low (both)",FALSE,FALSE,NA,"top_33pct"
"WITCH 5.0","ENGAGE-INDCi2030-3000-NDCp","C4",174556.16833736,1689248.41383923,"2C (Medium-Ambition)",578924.199252076,1742417.43999279,FALSE,FALSE,"Low (both)",FALSE,FALSE,NA,"top_33pct"
"WITCH 5.0","ENGAGE-INDCi2030-3000f","C4",175139.377763301,1689452.84771022,"2C (Medium-Ambition)",578924.199252076,1742417.43999279,FALSE,FALSE,"Low (both)",FALSE,FALSE,NA,"top_33pct"
"WITCH 5.0","ENGAGE-INDCi2030-3000f-NDCp","C4",174556.16833736,1689248.41383923,"2C (Medium-Ambition)",578924.199252076,1742417.43999279,FALSE,FALSE,"Low (both)",FALSE,FALSE,NA,"top_33pct"
"WITCH 5.0","ENGAGE-INDCi2030-500f","C2",707606.063622978,2076305.10182192,"1.5C (High-Ambition)",1233903.75225355,2635442.63858426,FALSE,FALSE,"Low (both)",FALSE,FALSE,NA,"top_33pct"
"WITCH 5.0","ENGAGE-INDCi2030-600f","C3",707773.361040912,2048330.90813123,"2C (Medium-Ambition)",578924.199252076,1742417.43999279,TRUE,TRUE,"Both High",FALSE,FALSE,NA,"top_33pct"
"WITCH 5.0","ENGAGE-INDCi2030-600f-NDCp","C3",706077.835426384,2045542.04288765,"2C (Medium-Ambition)",578924.199252076,1742417.43999279,TRUE,TRUE,"Both High",FALSE,FALSE,NA,"top_33pct"
"WITCH 5.0","ENGAGE-INDCi2030-700f","C3",705458.514559409,2021548.84902833,"2C (Medium-Ambition)",578924.199252076,1742417.43999279,TRUE,TRUE,"Both High",FALSE,FALSE,NA,"top_33pct"
"WITCH 5.0","ENGAGE-INDCi2030-700f-NDCp","C3",701656.156925429,2017415.95625836,"2C (Medium-Ambition)",578924.199252076,1742417.43999279,TRUE,TRUE,"Both High",FALSE,FALSE,NA,"top_33pct"
"WITCH 5.0","ENGAGE-INDCi2030-800","C3",691525.258137947,1958886.87004841,"2C (Medium-Ambition)",578924.199252076,1742417.43999279,TRUE,TRUE,"Both High",FALSE,FALSE,NA,"top_33pct"
"WITCH 5.0","ENGAGE-INDCi2030-800-NDCp","C3",683636.291322109,1966667.62220997,"2C (Medium-Ambition)",578924.199252076,1742417.43999279,TRUE,TRUE,"Both High",FALSE,FALSE,NA,"top_33pct"
"WITCH 5.0","ENGAGE-INDCi2030-800f","C3",695659.666834993,1995146.34189213,"2C (Medium-Ambition)",578924.199252076,1742417.43999279,TRUE,TRUE,"Both High",FALSE,FALSE,NA,"top_33pct"
"WITCH 5.0","ENGAGE-INDCi2030-800f-NDCp","C3",674625.29790305,1989945.99206379,"2C (Medium-Ambition)",578924.199252076,1742417.43999279,TRUE,TRUE,"Both High",FALSE,FALSE,NA,"top_33pct"
"WITCH 5.0","ENGAGE-INDCi2030-900","C3",682573.068600634,1955183.29518593,"2C (Medium-Ambition)",578924.199252076,1742417.43999279,TRUE,TRUE,"Both High",FALSE,FALSE,NA,"top_33pct"
"WITCH 5.0","ENGAGE-INDCi2030-900-NDCp","C3",632249.446490112,1938629.33978451,"2C (Medium-Ambition)",578924.199252076,1742417.43999279,TRUE,TRUE,"Both High",FALSE,FALSE,NA,"top_33pct"
"WITCH 5.0","ENGAGE-INDCi2030-900f","C3",653776.994659416,1969054.58998868,"2C (Medium-Ambition)",578924.199252076,1742417.43999279,TRUE,TRUE,"Both High",FALSE,FALSE,NA,"top_33pct"
"WITCH 5.0","ENGAGE-INDCi2030-900f-NDCp","C3",640385.886849264,1967034.73924381,"2C (Medium-Ambition)",578924.199252076,1742417.43999279,TRUE,TRUE,"Both High",FALSE,FALSE,NA,"top_33pct"
"WITCH 5.0","ENGAGE-INDCi2100","C4",156632.928592149,1972281.20006105,"2C (Medium-Ambition)",578924.199252076,1742417.43999279,FALSE,TRUE,"High-RE only",FALSE,TRUE,"High-RE","top_33pct"
"WITCH 5.0","ENGAGE-INDCi2100-NDCp","C4",173149.524058615,1730238.4840513,"2C (Medium-Ambition)",578924.199252076,1742417.43999279,FALSE,FALSE,"Low (both)",FALSE,FALSE,NA,"top_33pct"
"WITCH 5.0","ENGAGE-NPi2020-3000","C4",177029.470418248,1674029.83177153,"2C (Medium-Ambition)",578924.199252076,1742417.43999279,FALSE,FALSE,"Low (both)",FALSE,FALSE,NA,"top_33pct"
"WITCH 5.0","ENGAGE-NPi2020-3000f","C4",177029.470418248,1674029.83177153,"2C (Medium-Ambition)",578924.199252076,1742417.43999279,FALSE,FALSE,"Low (both)",FALSE,FALSE,NA,"top_33pct"
"WITCH 5.0","ENGAGE-NPi2100","C4",140678.387068068,1618135.9868192,"2C (Medium-Ambition)",578924.199252076,1742417.43999279,FALSE,FALSE,"Low (both)",FALSE,FALSE,NA,"top_33pct"
"WITCH 5.0","ENGAGE-NoPolicy","C4",140839.211374606,1647963.86379762,"2C (Medium-Ambition)",578924.199252076,1742417.43999279,FALSE,FALSE,"Low (both)",FALSE,FALSE,NA,"top_33pct"
"WITCH 5.0","NAVIGATE Demand-NPi-act","C4",187989.61093882,1488276.67023959,"2C (Medium-Ambition)",578924.199252076,1742417.43999279,FALSE,FALSE,"Low (both)",FALSE,FALSE,NA,"top_33pct"
"WITCH 5.0","NAVIGATE Demand-NPi-all","C4",180554.187206786,1387269.68492106,"2C (Medium-Ambition)",578924.199252076,1742417.43999279,FALSE,FALSE,"Low (both)",FALSE,FALSE,NA,"top_33pct"
"WITCH 5.0","NAVIGATE Demand-NPi-ele","C4",176899.78559622,1875026.96206966,"2C (Medium-Ambition)",578924.199252076,1742417.43999279,FALSE,TRUE,"High-RE only",FALSE,TRUE,"High-RE","top_33pct"
"WITCH 5.0","NAVIGATE Demand-NPi-ref","C4",184004.870071283,1768141.8610775,"2C (Medium-Ambition)",578924.199252076,1742417.43999279,FALSE,TRUE,"High-RE only",FALSE,TRUE,"High-RE","top_33pct"
"IMAGE 3.2","SSP2021-SSP1-Baseline","C4",NA,1295685.59227033,"2C (Medium-Ambition)",578924.199252076,1742417.43999279,NA,FALSE,"Low (both)",NA,FALSE,NA,"top_33pct"
"IMAGE 3.2","SSP2021-SSP2-Baseline","C4",NA,778303.448932345,"2C (Medium-Ambition)",578924.199252076,1742417.43999279,NA,FALSE,"Low (both)",NA,FALSE,NA,"top_33pct"
"IMAGE 3.2","SSP2021-SSP3-Baseline","C4",NA,413122.27693896,"2C (Medium-Ambition)",578924.199252076,1742417.43999279,NA,FALSE,"Low (both)",NA,FALSE,NA,"top_33pct"
"IMAGE 3.2","SSP2021-SSP4-Baseline","C4",NA,953985.897897261,"2C (Medium-Ambition)",578924.199252076,1742417.43999279,NA,FALSE,"Low (both)",NA,FALSE,NA,"top_33pct"
"IMAGE 3.2","SSP2021-SSP5-Baseline","C4",NA,840529.566883043,"2C (Medium-Ambition)",578924.199252076,1742417.43999279,NA,FALSE,"Low (both)",NA,FALSE,NA,"top_33pct"
"REMIND 2.1","LeastTotalCost-Base-brkLR15-SSP1-P50","C4",NA,1127405.0023,"2C (Medium-Ambition)",578924.199252076,1742417.43999279,NA,FALSE,"Low (both)",NA,FALSE,NA,"top_33pct"
"REMIND 2.1","LeastTotalCost-Base-brkLR15-SSP2-P50","C4",NA,1804066.36125,"2C (Medium-Ambition)",578924.199252076,1742417.43999279,NA,TRUE,"Low (both)",FALSE,NA,NA,"top_33pct"
"REMIND 2.1","LeastTotalCost-Base-brkLR15-SSP5-P50","C4",NA,1104218.9035,"2C (Medium-Ambition)",578924.199252076,1742417.43999279,NA,FALSE,"Low (both)",NA,FALSE,NA,"top_33pct"
"REMIND 2.1","LeastTotalCost-Base-brkSR15-SSP1-P50","C4",NA,1137348.33575,"2C (Medium-Ambition)",578924.199252076,1742417.43999279,NA,FALSE,"Low (both)",NA,FALSE,NA,"top_33pct"
"REMIND 2.1","LeastTotalCost-Base-brkSR15-SSP2-P50","C4",NA,1730195.7391,"2C (Medium-Ambition)",578924.199252076,1742417.43999279,NA,FALSE,"Low (both)",NA,FALSE,NA,"top_33pct"
"REMIND 2.1","LeastTotalCost-Base-brkSR15-SSP5-P50","C4",NA,1026725.41515,"2C (Medium-Ambition)",578924.199252076,1742417.43999279,NA,FALSE,"Low (both)",NA,FALSE,NA,"top_33pct"
"REMIND 2.1","R2p1-SSP1-Baseline","C4",NA,1401060.5588,"2C (Medium-Ambition)",578924.199252076,1742417.43999279,NA,FALSE,"Low (both)",NA,FALSE,NA,"top_33pct"
"REMIND 2.1","R2p1-SSP2-Baseline","C4",NA,2179235.47675,"2C (Medium-Ambition)",578924.199252076,1742417.43999279,NA,TRUE,"Low (both)",FALSE,NA,NA,"top_33pct"
"REMIND 2.1","R2p1-SSP5-Baseline","C4",NA,1405322.30975,"2C (Medium-Ambition)",578924.199252076,1742417.43999279,NA,FALSE,"Low (both)",NA,FALSE,NA,"top_33pct"
"REMIND-Buildings 2.0","BEG-Baseline","C4",NA,1890047.7282,"2C (Medium-Ambition)",578924.199252076,1742417.43999279,NA,TRUE,"Low (both)",FALSE,NA,NA,"top_33pct"
"REMIND-Buildings 2.0","BEG-Efficiency","C4",NA,1554698.9767,"2C (Medium-Ambition)",578924.199252076,1742417.43999279,NA,FALSE,"Low (both)",NA,FALSE,NA,"top_33pct"
"REMIND-MAgPIE 2.0-4.1","Diff-NoPolicy-Baseline","C4",NA,2161290.48285,"2C (Medium-Ambition)",578924.199252076,1742417.43999279,NA,TRUE,"Low (both)",FALSE,NA,NA,"top_33pct"
"REMIND-MAgPIE 2.1-4.2","NGFS Phase 2-Current Policies [IPD 95th]","C4",NA,1455137.1037,"2C (Medium-Ambition)",578924.199252076,1742417.43999279,NA,FALSE,"Low (both)",NA,FALSE,NA,"top_33pct"
"REMIND-MAgPIE 2.1-4.2","NGFS Phase 2-Current Policies [IPD Median]","C4",NA,1485446.57135,"2C (Medium-Ambition)",578924.199252076,1742417.43999279,NA,FALSE,"Low (both)",NA,FALSE,NA,"top_33pct"
