database,ambition_view,Region,outcome,outcome_label,outcome_unit,n_cdr,n_re,median_cdr,median_re,pooled_effect,pooled_effect_pct,pooled_favours,n_informative_families,n_robust_families,equal_family_mean_pct,equal_family_median_pct,robust_equal_family_mean_pct,robust_equal_family_median_pct,families_favour_re,families_favour_cdr,robust_families_favour_re,robust_families_favour_cdr,loo_min_pct,loo_max_pct,n_families_tested,n_direction_flips,max_influence_shift_pct_points,most_negative_exclusion,most_positive_exclusion,pooled_equal_family_agree,leave_one_out_stable,magnitude_composition_sensitive,structural_class,evidence_class
Full,All ambitions,Aggregated R10 regions,total_energy_jobyears_per_1k,Employment,"total energy-sector job-years per 1,000 people",270,301,303.5695088216967,582.0386278172977,278.469118995601,91.73158400409754,High-RE,7,5,32.98818462367965,13.51125614967618,14.652756213427294,9.460157290813564,5,2,3,2,15.285988198129914,109.18942161533344,9,0,76.44559580596763,REMIND,POLES,TRUE,TRUE,TRUE,Directionally stable but structurally heterogeneous,Direction supported; magnitude composition-sensitive
Full,All ambitions,Aggregated R10 regions,gap_GJ_pc,DLE gap,GJ per capita of cumulative DLE gap,290,293,15.850750316180047,11.54810641989833,4.302643896281717,27.144733280478757,High-RE,7,5,12.778355240116449,8.33363868169357,2.538403388629317,-3.6980802498249625,4,3,2,3,-26.408640850439895,41.250129836869206,9,1,53.553374130918655,REMIND,MESSAGEix,TRUE,FALSE,FALSE,Dominant-family sensitive,Database association only; model-composition sensitive
Full,All ambitions,Aggregated R10 regions,headcount_pct,Deprived headcount,% of population below the DLE threshold,290,293,5.847564373702934,4.192756407236945,1.654807966465989,28.299097892924813,High-RE,7,5,13.817795784207014,5.578903061566129,2.4581963008945378,3.424218421716024,5,2,3,2,-25.741754385889433,41.99899771240315,9,1,54.04085227881424,REMIND,MESSAGEix,TRUE,FALSE,FALSE,Dominant-family sensitive,Database association only; model-composition sensitive
Full,All ambitions,Aggregated R10 regions,mortality_million_deaths,PM2.5 mortality,million cumulative PM2.5-attributable deaths,246,226,438.181675,427.66765250000003,10.514022499999953,2.399466499825661,High-RE,5,4,4.051773342618527,2.191942190754993,4.51673113058441,2.068906580467545,4,1,3,1,-0.4400549155781142,7.047335964405672,7,1,4.647869464580011,REMIND,POLES,TRUE,FALSE,FALSE,Dominant-family sensitive,Coverage-qualified; composition-sensitive association
Full,1.5C,Aggregated R10 regions,total_energy_jobyears_per_1k,Employment,"total energy-sector job-years per 1,000 people",58,67,358.0599002019925,748.6547433260449,390.59484312405243,109.08645254710342,High-RE,4,1,33.67554513221898,25.650560163856863,49.10088847564965,49.10088847564965,3,1,1,0,24.07946758658827,137.6848100204814,7,0,85.00698496051515,REMIND,IMAGE,TRUE,TRUE,TRUE,Cross-model aligned,Direction supported; magnitude composition-sensitive
Full,1.5C,Aggregated R10 regions,gap_GJ_pc,DLE gap,GJ per capita of cumulative DLE gap,67,67,18.431233091581415,11.622194378418357,6.8090387131630585,36.94293636964057,High-RE,5,1,9.372740032367476,4.901470868786244,24.832472874834473,24.832472874834473,4,1,1,0,-15.009566082875867,44.49461692334552,7,1,51.95250245251644,REMIND,MESSAGEix,TRUE,FALSE,TRUE,Dominant-family sensitive,Database association only; model-composition sensitive
Full,1.5C,Aggregated R10 regions,headcount_pct,Deprived headcount,% of population below the DLE threshold,67,67,6.457961162503231,4.224537857571905,2.2334233049313266,34.58403122488907,High-RE,5,1,10.425693449300178,14.300260696682283,26.341152883792248,26.341152883792248,4,1,1,0,-19.765624744424294,43.7943095907747,7,1,54.34965596931336,REMIND,MESSAGEix,TRUE,FALSE,TRUE,Dominant-family sensitive,Database association only; model-composition sensitive
Full,1.5C,Aggregated R10 regions,mortality_million_deaths,PM2.5 mortality,million cumulative PM2.5-attributable deaths,57,54,425.807625,417.9452725,7.862352499999986,1.8464564837231334,High-RE,1,1,1.457792499188579,1.457792499188579,1.457792499188579,1.457792499188579,1,0,1,0,0.6050744935580181,9.84197711815379,7,0,7.995520634430657,IMAGE,MESSAGEix,TRUE,TRUE,FALSE,Not identified across model families,Coverage-qualified; not identified across model families
Full,2C,Aggregated R10 regions,total_energy_jobyears_per_1k,Employment,"total energy-sector job-years per 1,000 people",212,234,294.40860114420377,542.5116411267561,248.10303998255233,84.27166836101688,High-RE,6,4,28.886713711376213,11.082627463653772,20.04641675067073,11.082627463653772,4,2,3,1,8.965870974485519,100.31656025778108,9,0,75.30579738653137,REMIND,POLES,TRUE,TRUE,TRUE,Directionally stable but structurally heterogeneous,Direction supported; magnitude composition-sensitive
Full,2C,Aggregated R10 regions,gap_GJ_pc,DLE gap,GJ per capita of cumulative DLE gap,223,226,15.45555178054982,11.367761499090152,4.087790281459668,26.44868549179839,High-RE,6,4,3.5757983433393297,-1.9624254056783808,-9.333003100173807,-5.837585634707175,3,3,1,3,-27.879985569794044,41.314465715345314,9,1,54.32867106159243,REMIND,MESSAGEix,TRUE,FALSE,TRUE,Dominant-family sensitive,Database association only; model-composition sensitive
Full,2C,Aggregated R10 regions,headcount_pct,Deprived headcount,% of population below the DLE threshold,223,226,5.772401368694007,4.172492779687552,1.5999085890064553,27.71651669413333,High-RE,6,4,5.620391547059654,0.18058925891309097,-9.492020106628056,-2.847058211860028,3,3,1,3,-27.202210662230364,40.809714909903406,9,1,54.91872735636369,REMIND,MESSAGEix,TRUE,FALSE,TRUE,Dominant-family sensitive,Database association only; model-composition sensitive
Full,2C,Aggregated R10 regions,mortality_million_deaths,PM2.5 mortality,million cumulative PM2.5-attributable deaths,189,172,440.495065,434.621435,5.8736299999999915,1.333415619537075,High-RE,5,3,4.201414532981648,3.7385017054392846,5.71333601398973,3.7385017054392846,4,1,3,0,-0.25119747936335024,6.15226327185227,7,3,4.8188476523151955,REMIND,POLES,TRUE,FALSE,FALSE,Dominant-family sensitive,Coverage-qualified; composition-sensitive association
SCI-vetted,All ambitions,Aggregated R10 regions,total_energy_jobyears_per_1k,Employment,"total energy-sector job-years per 1,000 people",69,69,350.7392575320401,423.27276987230044,72.53351234026036,20.68018072759774,High-RE,1,1,106.12122392785119,106.12122392785119,106.12122392785119,106.12122392785119,1,0,1,0,14.603744061672796,64.37277665129186,6,0,43.692595923694114,IMAGE,POLES,TRUE,TRUE,TRUE,Not identified across model families,Not identified across model families
SCI-vetted,All ambitions,Aggregated R10 regions,gap_GJ_pc,DLE gap,GJ per capita of cumulative DLE gap,69,69,19.1127086387263,18.39637443085087,0.7163342078754305,3.747947093296809,High-RE,1,1,4.7968582636930694,4.7968582636930694,4.7968582636930694,4.7968582636930694,1,0,1,0,-66.37271425701044,26.549631097939866,6,3,70.12066135030726,REMIND,WITCH,TRUE,FALSE,FALSE,Not identified across model families,Not identified across model families
SCI-vetted,All ambitions,Aggregated R10 regions,headcount_pct,Deprived headcount,% of population below the DLE threshold,69,69,6.950699586557095,6.862270385057928,0.08842920149916633,1.2722345484502253,High-RE,1,1,11.691635336120791,11.691635336120791,11.691635336120791,11.691635336120791,1,0,1,0,-81.23941874319303,29.53238640935836,6,4,82.51165329164326,REMIND,WITCH,TRUE,FALSE,FALSE,Not identified across model families,Not identified across model families
SCI-vetted,All ambitions,Aggregated R10 regions,mortality_million_deaths,PM2.5 mortality,million cumulative PM2.5-attributable deaths,69,69,420.124325,442.17121,-22.046884999999975,-5.247704950195391,High-CDR,1,1,4.8277681047176335,4.8277681047176335,4.8277681047176335,4.8277681047176335,1,0,1,0,-8.448351995878069,15.128921698117532,6,1,20.37662664831292,IMAGE,POLES,FALSE,FALSE,FALSE,Not identified across model families,Coverage-qualified; not identified across model families
SCI-vetted,1.5C,Aggregated R10 regions,total_energy_jobyears_per_1k,Employment,"total energy-sector job-years per 1,000 people",6,6,458.3544650528828,601.0386573368169,142.68419228393407,31.129661247539463,High-RE,1,0,31.908716720715606,31.908716720715606,NA,NA,1,0,0,0,22.90692802213541,40.73368863364548,4,0,9.604027386106015,REMIND,POLES,TRUE,TRUE,FALSE,Not identified across model families,Not identified across model families
SCI-vetted,1.5C,Aggregated R10 regions,gap_GJ_pc,DLE gap,GJ per capita of cumulative DLE gap,6,6,21.27685223957915,18.043651984600665,3.2332002549784846,15.19585800837632,High-RE,1,0,6.861686116967002,6.861686116967002,NA,NA,1,0,0,0,8.647471356114439,34.33048240272343,4,0,19.134624394347114,POLES,IMAGE,TRUE,TRUE,FALSE,Not identified across model families,Not identified across model families
SCI-vetted,1.5C,Aggregated R10 regions,headcount_pct,Deprived headcount,% of population below the DLE threshold,6,6,7.876058545149219,6.662031540784415,1.2140270043648034,15.414143983382523,High-RE,1,0,11.615045495134863,11.615045495134863,NA,NA,1,0,0,0,8.876161415678483,31.642258605175044,4,0,16.22811462179252,POLES,IMAGE,TRUE,TRUE,FALSE,Not identified across model families,Not identified across model families
SCI-vetted,1.5C,Aggregated R10 regions,mortality_million_deaths,PM2.5 mortality,million cumulative PM2.5-attributable deaths,6,6,481.9203375,428.3386425,53.581695000000025,11.118371820114362,High-RE,1,0,10.532177248829816,10.532177248829816,NA,NA,1,0,0,0,-4.9874689518543365,17.691542225747533,4,1,16.105840771968698,IMAGE,POLES,TRUE,FALSE,FALSE,Not identified across model families,Coverage-qualified; not identified across model families
SCI-vetted,2C,Aggregated R10 regions,total_energy_jobyears_per_1k,Employment,"total energy-sector job-years per 1,000 people",63,63,345.4670448919984,417.78545306114,72.3184081691416,20.933518620205913,High-RE,1,1,107.44051341865644,107.44051341865644,107.44051341865644,107.44051341865644,1,0,1,0,13.747922087182205,64.4122705329692,6,0,43.478751912763286,IMAGE,POLES,TRUE,TRUE,TRUE,Not identified across model families,Not identified across model families
SCI-vetted,2C,Aggregated R10 regions,gap_GJ_pc,DLE gap,GJ per capita of cumulative DLE gap,63,63,19.046803905975818,20.477791184909517,-1.4309872789336993,-7.5130047329606615,High-CDR,1,1,0.7059167713666906,0.7059167713666906,0.7059167713666906,0.7059167713666906,1,0,1,0,-71.92580715576112,29.707658437632265,6,2,64.41280242280045,REMIND,WITCH,FALSE,FALSE,FALSE,Not identified across model families,Not identified across model families
SCI-vetted,2C,Aggregated R10 regions,headcount_pct,Deprived headcount,% of population below the DLE threshold,63,63,6.911010776806588,7.600774981647953,-0.6897642048413646,-9.98065589994765,High-CDR,1,1,10.525362451075894,10.525362451075894,10.525362451075894,10.525362451075894,1,0,1,0,-84.71571472625398,32.10601193794591,6,2,74.73505882630633,REMIND,WITCH,FALSE,FALSE,TRUE,Not identified across model families,Not identified across model families
SCI-vetted,2C,Aggregated R10 regions,mortality_million_deaths,PM2.5 mortality,million cumulative PM2.5-attributable deaths,63,63,419.717675,442.17121,-22.453534999999988,-5.349675826732812,High-CDR,1,1,4.233988406243592,4.233988406243592,4.233988406243592,4.233988406243592,1,0,1,0,-8.823192876020775,15.128921698117532,6,1,20.478597524850343,WITCH,POLES,FALSE,FALSE,FALSE,Not identified across model families,Coverage-qualified; not identified across model families
