database,ambition_view,Region,outcome,outcome_label,family,n_cdr,n_re,median_cdr,median_re,direction_coded_difference,loo_effect_pct,favours,pooled_effect_pct,pooled_favours,direction_flip,influence_shift_pct_points,family_n_cdr,family_n_re,family_effect_pct,family_favours,family_robust,family_agrees_with_pooled,targeted,target_reason
Full,All ambitions,Aggregated R10 regions,total_energy_jobyears_per_1k,Employment,REMIND,269,81,302.7696057718814,349.05093197769565,46.28132620581425,15.285988198129914,High-RE,91.73158400409754,High-RE,FALSE,76.44559580596763,1,220,75.35788027259699,High-RE,FALSE,TRUE,TRUE,Large leave-one-family-out magnitude shift
Full,All ambitions,Aggregated R10 regions,total_energy_jobyears_per_1k,Employment,MESSAGEix,171,274,360.54047826791157,605.8333728948242,245.29289462691258,68.03477262950751,High-RE,91.73158400409754,High-RE,FALSE,23.696811374590027,99,27,9.460157290813564,High-RE,TRUE,TRUE,TRUE,Large leave-one-family-out magnitude shift
Full,All ambitions,Aggregated R10 regions,total_energy_jobyears_per_1k,Employment,AIM,249,287,295.9793452228964,599.7756299584491,303.7962847355527,102.641042234474,High-RE,91.73158400409754,High-RE,FALSE,10.909458230376458,21,14,-6.670793245136396,High-CDR,TRUE,FALSE,TRUE,Robust family direction disagrees with pooled
Full,All ambitions,Aggregated R10 regions,total_energy_jobyears_per_1k,Employment,WITCH,262,285,299.4008609065131,599.7756299584491,300.374769051936,100.3252856863785,High-RE,91.73158400409754,High-RE,FALSE,8.593701682280965,8,16,-25.652879151330083,High-CDR,TRUE,FALSE,TRUE,Robust family direction disagrees with pooled
Full,All ambitions,Aggregated R10 regions,gap_GJ_pc,DLE gap,REMIND,289,73,15.635448062513028,19.764557386699156,-4.129109324186128,-26.408640850439895,High-CDR,27.144733280478757,High-RE,TRUE,53.553374130918655,1,220,55.52142001839769,High-RE,FALSE,TRUE,TRUE,Pooled direction flips when family is excluded
Full,All ambitions,Aggregated R10 regions,gap_GJ_pc,DLE gap,POLES,230,284,12.808658792844987,11.384503473548286,1.4241553192967018,11.118691990548188,High-RE,27.144733280478757,High-RE,FALSE,16.026041289930568,60,9,-3.6980802498249625,High-CDR,TRUE,FALSE,TRUE,Robust family direction disagrees with pooled
Full,All ambitions,Aggregated R10 regions,gap_GJ_pc,DLE gap,GCAM,257,288,18.14011287005542,11.46137122901429,6.678741641041132,36.81753078871955,High-RE,27.144733280478757,High-RE,FALSE,9.672797508240794,33,5,-32.36418611502928,High-CDR,TRUE,FALSE,TRUE,Robust family direction disagrees with pooled
Full,All ambitions,Aggregated R10 regions,gap_GJ_pc,DLE gap,AIM,269,279,14.593377883574853,11.363680148144748,3.229697735430104,22.13125543103489,High-RE,27.144733280478757,High-RE,FALSE,5.013477849443866,21,14,-6.934584195840603,High-CDR,TRUE,FALSE,TRUE,Robust family direction disagrees with pooled
Full,All ambitions,Aggregated R10 regions,headcount_pct,Deprived headcount,REMIND,289,73,5.839446240539808,7.34262214927562,-1.5031759087358116,-25.741754385889433,High-CDR,28.299097892924813,High-RE,TRUE,54.04085227881424,1,220,57.540869400993394,High-RE,FALSE,TRUE,TRUE,Pooled direction flips when family is excluded
Full,All ambitions,Aggregated R10 regions,headcount_pct,Deprived headcount,GCAM,257,288,6.4611888093342715,4.1760434347324455,2.285145374601826,35.36725890598569,High-RE,28.299097892924813,High-RE,FALSE,7.06816101306088,33,5,-43.768819789276606,High-CDR,TRUE,FALSE,TRUE,Robust family direction disagrees with pooled
Full,All ambitions,Aggregated R10 regions,headcount_pct,Deprived headcount,AIM,269,279,5.4539033562692,4.141660986053369,1.3122423702158317,24.060609154495268,High-RE,28.299097892924813,High-RE,FALSE,4.238488738429545,21,14,-3.831530179397044,High-CDR,TRUE,FALSE,TRUE,Robust family direction disagrees with pooled
Full,All ambitions,Aggregated R10 regions,mortality_million_deaths,PM2.5 mortality,REMIND,246,42,438.181675,440.109915,-1.9282400000000166,-0.4400549155781142,High-CDR,2.399466499825661,High-RE,TRUE,2.8395214154037753,0,184,NA,NA,FALSE,FALSE,TRUE,Pooled direction flips when family is excluded
Full,All ambitions,Aggregated R10 regions,mortality_million_deaths,PM2.5 mortality,WITCH,238,219,439.52067,428.290165,11.230504999999994,2.555171068518801,High-RE,2.399466499825661,High-RE,FALSE,0.15570456869313976,8,7,-1.2172322457157243,High-CDR,TRUE,FALSE,TRUE,Robust family direction disagrees with pooled
Full,1.5C,Aggregated R10 regions,total_energy_jobyears_per_1k,Employment,REMIND,57,8,356.24156625736566,442.0226387342624,85.78107247689672,24.07946758658827,High-RE,109.08645254710342,High-RE,FALSE,85.00698496051515,1,59,105.25190018246933,High-RE,FALSE,TRUE,TRUE,Large leave-one-family-out magnitude shift
Full,1.5C,Aggregated R10 regions,total_energy_jobyears_per_1k,Employment,MESSAGEix,33,64,442.46488683415726,755.3620407259264,312.8971538917691,70.71683272554188,High-RE,109.08645254710342,High-RE,FALSE,38.36961982156154,25,3,49.10088847564965,High-RE,TRUE,TRUE,TRUE,Large leave-one-family-out magnitude shift
Full,1.5C,Aggregated R10 regions,total_energy_jobyears_per_1k,Employment,IMAGE,37,67,314.97795053101333,748.6547433260449,433.6767927950316,137.6848100204814,High-RE,109.08645254710342,High-RE,FALSE,28.598357473377973,21,0,NA,NA,FALSE,FALSE,TRUE,Large leave-one-family-out magnitude shift
Full,1.5C,Aggregated R10 regions,gap_GJ_pc,DLE gap,REMIND,66,8,18.427206343052383,21.193050056340724,-2.7658437132883407,-15.009566082875867,High-CDR,36.94293636964057,High-RE,TRUE,51.95250245251644,1,59,53.16396290242174,High-RE,FALSE,TRUE,TRUE,Pooled direction flips when family is excluded
Full,1.5C,Aggregated R10 regions,gap_GJ_pc,DLE gap,IMAGE,44,67,13.556539898456867,11.622194378418357,1.9343455200385105,14.268725902976879,High-RE,36.94293636964057,High-RE,FALSE,22.67421046666369,23,0,NA,NA,FALSE,FALSE,TRUE,Large leave-one-family-out magnitude shift
Full,1.5C,Aggregated R10 regions,headcount_pct,Deprived headcount,REMIND,66,8,6.325171976537444,7.57538173385932,-1.2502097573218762,-19.765624744424294,High-CDR,34.58403122488907,High-RE,TRUE,54.34965596931336,1,59,55.558439586938,High-RE,FALSE,TRUE,TRUE,Pooled direction flips when family is excluded
Full,1.5C,Aggregated R10 regions,headcount_pct,Deprived headcount,IMAGE,44,67,4.891903027706073,4.224537857571905,0.6673651701341683,13.642240378732758,High-RE,34.58403122488907,High-RE,FALSE,20.94179084615631,23,0,NA,NA,FALSE,FALSE,TRUE,Large leave-one-family-out magnitude shift
Full,2C,Aggregated R10 regions,total_energy_jobyears_per_1k,Employment,REMIND,212,73,294.40860114420377,320.8048964605808,26.396295316377007,8.965870974485519,High-RE,84.27166836101688,High-RE,FALSE,75.30579738653137,0,161,NA,NA,FALSE,FALSE,TRUE,Large leave-one-family-out magnitude shift
Full,2C,Aggregated R10 regions,total_energy_jobyears_per_1k,Employment,MESSAGEix,138,210,348.10315121201927,569.1635679790782,221.06041676705888,63.50428486423485,High-RE,84.27166836101688,High-RE,FALSE,20.76738349678203,74,24,8.7354469434814,High-RE,TRUE,TRUE,TRUE,Large leave-one-family-out magnitude shift
Full,2C,Aggregated R10 regions,total_energy_jobyears_per_1k,Employment,AIM,192,223,285.9992573916282,550.5614710124586,264.5622136208304,92.50451068778709,High-RE,84.27166836101688,High-RE,FALSE,8.23284232677021,20,11,-5.411219142369617,High-CDR,TRUE,FALSE,TRUE,Robust family direction disagrees with pooled
Full,2C,Aggregated R10 regions,gap_GJ_pc,DLE gap,REMIND,223,65,15.45555178054982,19.764557386699156,-4.309005606149336,-27.879985569794044,High-CDR,26.44868549179839,High-RE,TRUE,54.32867106159243,0,161,NA,NA,FALSE,FALSE,TRUE,Pooled direction flips when family is excluded
Full,2C,Aggregated R10 regions,gap_GJ_pc,DLE gap,POLES,167,218,11.86230286280616,11.341303995588408,0.5209988672177523,4.392055010257125,High-RE,26.44868549179839,High-RE,FALSE,22.056630481541266,56,8,-4.854838634200822,High-CDR,TRUE,FALSE,TRUE,Robust family direction disagrees with pooled
Full,2C,Aggregated R10 regions,gap_GJ_pc,DLE gap,AIM,203,215,13.208636705240039,11.282125290228503,1.9265114150115359,14.585240384779933,High-RE,26.44868549179839,High-RE,FALSE,11.863445107018457,20,11,-6.820332635213528,High-CDR,TRUE,FALSE,TRUE,Robust family direction disagrees with pooled
Full,2C,Aggregated R10 regions,gap_GJ_pc,DLE gap,GCAM,197,222,17.539882622969685,11.354120640740128,6.1857619822295575,35.266837955511036,High-RE,26.44868549179839,High-RE,FALSE,8.818152463712646,26,4,-26.58682895412494,High-CDR,TRUE,FALSE,TRUE,Robust family direction disagrees with pooled
Full,2C,Aggregated R10 regions,headcount_pct,Deprived headcount,REMIND,223,65,5.772401368694007,7.34262214927562,-1.5702207805816126,-27.202210662230364,High-CDR,27.71651669413333,High-RE,TRUE,54.91872735636369,0,161,NA,NA,FALSE,FALSE,TRUE,Pooled direction flips when family is excluded
Full,2C,Aggregated R10 regions,headcount_pct,Deprived headcount,POLES,167,218,4.282457908495008,4.131189761024773,0.1512681474702351,3.532274004845865,High-RE,27.71651669413333,High-RE,FALSE,24.184242689287466,56,8,1.7323996910619395,High-RE,TRUE,TRUE,TRUE,Large leave-one-family-out magnitude shift
Full,2C,Aggregated R10 regions,headcount_pct,Deprived headcount,MESSAGEix,149,202,7.0904316122073885,4.1968466853838855,2.893584926823503,40.809714909903406,High-RE,27.71651669413333,High-RE,FALSE,13.093198215770077,74,24,-1.3712211732357575,High-CDR,TRUE,FALSE,TRUE,Robust family direction disagrees with pooled
Full,2C,Aggregated R10 regions,headcount_pct,Deprived headcount,AIM,203,215,4.863380304613958,4.085348883048658,0.7780314215653004,15.997749977051372,High-RE,27.71651669413333,High-RE,FALSE,11.718766717081957,20,11,-4.322895250484298,High-CDR,TRUE,FALSE,TRUE,Robust family direction disagrees with pooled
Full,2C,Aggregated R10 regions,headcount_pct,Deprived headcount,GCAM,197,222,6.391404617174238,4.138320180357416,2.2530844368168212,35.251788484218245,High-RE,27.71651669413333,High-RE,FALSE,7.535271790084916,26,4,-34.006363693854105,High-CDR,TRUE,FALSE,TRUE,Robust family direction disagrees with pooled
Full,2C,Aggregated R10 regions,mortality_million_deaths,PM2.5 mortality,REMIND,189,38,440.495065,441.60157749999996,-1.1065124999999512,-0.25119747936335024,High-CDR,1.333415619537075,High-RE,TRUE,1.5846130989004252,0,134,NA,NA,FALSE,FALSE,TRUE,Pooled direction flips when family is excluded
Full,2C,Aggregated R10 regions,mortality_million_deaths,PM2.5 mortality,MESSAGEix,117,151,427.06152,427.702645,-0.641125000000045,-0.15012474081018704,High-CDR,1.333415619537075,High-RE,TRUE,1.483540360347262,72,21,3.7385017054392846,High-RE,TRUE,TRUE,TRUE,Pooled direction flips when family is excluded
Full,2C,Aggregated R10 regions,mortality_million_deaths,PM2.5 mortality,IMAGE,153,170,433.918965,434.137855,-0.2188899999999876,-0.050444902771186226,High-CDR,1.333415619537075,High-RE,TRUE,1.3838605223082612,36,2,4.116918434934257,High-RE,FALSE,TRUE,TRUE,Pooled direction flips when family is excluded
SCI-vetted,All ambitions,Aggregated R10 regions,total_energy_jobyears_per_1k,Employment,POLES,26,69,257.507829760795,423.27276987230044,165.76494011150544,64.37277665129186,High-RE,20.68018072759774,High-RE,FALSE,43.692595923694114,43,0,NA,NA,FALSE,FALSE,TRUE,Large leave-one-family-out magnitude shift
SCI-vetted,All ambitions,Aggregated R10 regions,total_energy_jobyears_per_1k,Employment,WITCH,69,41,350.7392575320401,527.1238490953752,176.38459156333516,50.2893781564279,High-RE,20.68018072759774,High-RE,FALSE,29.60919742883016,0,28,NA,NA,FALSE,FALSE,TRUE,Large leave-one-family-out magnitude shift
SCI-vetted,All ambitions,Aggregated R10 regions,gap_GJ_pc,DLE gap,REMIND,69,42,19.1127086387263,31.798332130283057,-12.685623491556758,-66.37271425701044,High-CDR,3.747947093296809,High-RE,TRUE,70.12066135030726,0,27,NA,NA,FALSE,FALSE,TRUE,Pooled direction flips when family is excluded
SCI-vetted,All ambitions,Aggregated R10 regions,gap_GJ_pc,DLE gap,POLES,26,69,16.313886491944857,18.39637443085087,-2.082487938906013,-12.765124606783687,High-CDR,3.747947093296809,High-RE,TRUE,16.513071700080495,43,0,NA,NA,FALSE,FALSE,TRUE,Pooled direction flips when family is excluded
SCI-vetted,All ambitions,Aggregated R10 regions,gap_GJ_pc,DLE gap,GCAM,69,62,19.1127086387263,21.333722225676738,-2.2210135869504377,-11.620611337370596,High-CDR,3.747947093296809,High-RE,TRUE,15.368558430667404,0,7,NA,NA,FALSE,FALSE,TRUE,Pooled direction flips when family is excluded
SCI-vetted,All ambitions,Aggregated R10 regions,gap_GJ_pc,DLE gap,WITCH,69,41,19.1127086387263,14.038355002320383,5.074353636405917,26.549631097939866,High-RE,3.747947093296809,High-RE,FALSE,22.801684004643057,0,28,NA,NA,FALSE,FALSE,TRUE,Large leave-one-family-out magnitude shift
SCI-vetted,All ambitions,Aggregated R10 regions,headcount_pct,Deprived headcount,REMIND,69,42,6.950699586557095,12.597407529261599,-5.646707942704504,-81.23941874319303,High-CDR,1.2722345484502253,High-RE,TRUE,82.51165329164326,0,27,NA,NA,FALSE,FALSE,TRUE,Pooled direction flips when family is excluded
SCI-vetted,All ambitions,Aggregated R10 regions,headcount_pct,Deprived headcount,GCAM,69,62,6.950699586557095,7.9442485928766935,-0.9935490063195989,-14.29423029936668,High-CDR,1.2722345484502253,High-RE,TRUE,15.566464847816905,0,7,NA,NA,FALSE,FALSE,TRUE,Pooled direction flips when family is excluded
SCI-vetted,All ambitions,Aggregated R10 regions,headcount_pct,Deprived headcount,POLES,26,69,6.061609935954439,6.862270385057928,-0.8006604491034892,-13.208709527057685,High-CDR,1.2722345484502253,High-RE,TRUE,14.48094407550791,43,0,NA,NA,FALSE,FALSE,TRUE,Pooled direction flips when family is excluded
SCI-vetted,All ambitions,Aggregated R10 regions,headcount_pct,Deprived headcount,IMAGE,43,65,7.534701131085483,7.69841789740339,-0.16371676631790688,-2.1728368978362,High-CDR,1.2722345484502253,High-RE,TRUE,3.445071446286425,26,4,11.691635336120791,High-RE,TRUE,TRUE,TRUE,Pooled direction flips when family is excluded
SCI-vetted,All ambitions,Aggregated R10 regions,headcount_pct,Deprived headcount,WITCH,69,41,6.950699586557095,4.8979921265013795,2.052707460055715,29.53238640935836,High-RE,1.2722345484502253,High-RE,FALSE,28.260151860908135,0,28,NA,NA,FALSE,FALSE,TRUE,Large leave-one-family-out magnitude shift
SCI-vetted,All ambitions,Aggregated R10 regions,mortality_million_deaths,PM2.5 mortality,POLES,26,69,520.9916250000001,442.17121,78.82041500000014,15.128921698117532,High-RE,-5.247704950195391,High-CDR,TRUE,20.37662664831292,43,0,NA,NA,FALSE,FALSE,TRUE,Pooled direction flips when family is excluded
SCI-vetted,All ambitions,Aggregated R10 regions,mortality_million_deaths,PM2.5 mortality,IMAGE,43,65,407.65341,442.093405,-34.43999500000001,-8.448351995878069,High-CDR,-5.247704950195391,High-CDR,FALSE,3.200647045682677,26,4,4.8277681047176335,High-RE,TRUE,FALSE,TRUE,Robust family direction disagrees with pooled
SCI-vetted,1.5C,Aggregated R10 regions,mortality_million_deaths,PM2.5 mortality,IMAGE,2,5,393.3719225,412.991225,-19.619302500000003,-4.9874689518543365,High-CDR,11.118371820114362,High-RE,TRUE,16.105840771968698,4,1,10.532177248829816,High-RE,FALSE,TRUE,TRUE,Pooled direction flips when family is excluded
SCI-vetted,2C,Aggregated R10 regions,total_energy_jobyears_per_1k,Employment,POLES,22,63,254.10843832204267,417.78545306114,163.67701473909733,64.4122705329692,High-RE,20.933518620205913,High-RE,FALSE,43.478751912763286,41,0,NA,NA,FALSE,FALSE,TRUE,Large leave-one-family-out magnitude shift
SCI-vetted,2C,Aggregated R10 regions,total_energy_jobyears_per_1k,Employment,WITCH,63,35,345.4670448919984,501.27592780820913,155.80888291621073,45.10093950203571,High-RE,20.933518620205913,High-RE,FALSE,24.167420881829795,0,28,NA,NA,FALSE,FALSE,TRUE,Large leave-one-family-out magnitude shift
SCI-vetted,2C,Aggregated R10 regions,gap_GJ_pc,DLE gap,WITCH,63,35,19.046803905975818,13.38844445830292,5.658359447672897,29.707658437632265,High-RE,-7.5130047329606615,High-CDR,TRUE,37.22066317059293,0,28,NA,NA,FALSE,FALSE,TRUE,Pooled direction flips when family is excluded
SCI-vetted,2C,Aggregated R10 regions,gap_GJ_pc,DLE gap,MESSAGEix,63,60,19.046803905975818,16.150405424386527,2.8963984815892907,15.206742799932766,High-RE,-7.5130047329606615,High-CDR,TRUE,22.71974753289343,0,3,NA,NA,FALSE,FALSE,TRUE,Pooled direction flips when family is excluded
SCI-vetted,2C,Aggregated R10 regions,gap_GJ_pc,DLE gap,REMIND,63,39,19.046803905975818,32.74637135272396,-13.699567446748144,-71.92580715576112,High-CDR,-7.5130047329606615,High-CDR,FALSE,64.41280242280045,0,24,NA,NA,FALSE,FALSE,TRUE,Large leave-one-family-out magnitude shift
SCI-vetted,2C,Aggregated R10 regions,gap_GJ_pc,DLE gap,POLES,22,63,15.606900284556827,20.477791184909517,-4.8708909003526895,-31.20985468954704,High-CDR,-7.5130047329606615,High-CDR,FALSE,23.696849956586377,41,0,NA,NA,FALSE,FALSE,TRUE,Large leave-one-family-out magnitude shift
SCI-vetted,2C,Aggregated R10 regions,gap_GJ_pc,DLE gap,IMAGE,41,60,20.15286018675796,22.87247583161371,-2.7196156448557502,-13.494936300122577,High-CDR,-7.5130047329606615,High-CDR,FALSE,5.981931567161915,22,3,0.7059167713666906,High-RE,TRUE,FALSE,TRUE,Robust family direction disagrees with pooled
SCI-vetted,2C,Aggregated R10 regions,headcount_pct,Deprived headcount,WITCH,63,35,6.911010776806588,4.692160831772337,2.2188499450342514,32.10601193794591,High-RE,-9.98065589994765,High-CDR,TRUE,42.08666783789356,0,28,NA,NA,FALSE,FALSE,TRUE,Pooled direction flips when family is excluded
SCI-vetted,2C,Aggregated R10 regions,headcount_pct,Deprived headcount,MESSAGEix,63,60,6.911010776806588,6.192481009323652,0.7185297674829361,10.396883910155777,High-RE,-9.98065589994765,High-CDR,TRUE,20.37753981010343,0,3,NA,NA,FALSE,FALSE,TRUE,Pooled direction flips when family is excluded
SCI-vetted,2C,Aggregated R10 regions,headcount_pct,Deprived headcount,REMIND,63,39,6.911010776806588,12.765722951186726,-5.854712174380138,-84.71571472625398,High-CDR,-9.98065589994765,High-CDR,FALSE,74.73505882630633,0,24,NA,NA,FALSE,FALSE,TRUE,Large leave-one-family-out magnitude shift
SCI-vetted,2C,Aggregated R10 regions,headcount_pct,Deprived headcount,POLES,22,63,5.837998429552872,7.600774981647953,-1.7627765520950804,-30.194878833327987,High-CDR,-9.98065589994765,High-CDR,FALSE,20.214222933380338,41,0,NA,NA,FALSE,FALSE,TRUE,Large leave-one-family-out magnitude shift
SCI-vetted,2C,Aggregated R10 regions,headcount_pct,Deprived headcount,IMAGE,41,60,7.384700307621886,8.327895130355873,-0.9431948227339877,-12.7722830100566,High-CDR,-9.98065589994765,High-CDR,FALSE,2.7916271101089514,22,3,10.525362451075894,High-RE,TRUE,FALSE,TRUE,Robust family direction disagrees with pooled
SCI-vetted,2C,Aggregated R10 regions,mortality_million_deaths,PM2.5 mortality,POLES,22,63,520.9916250000001,442.17121,78.82041500000014,15.128921698117532,High-RE,-5.349675826732812,High-CDR,TRUE,20.478597524850343,41,0,NA,NA,FALSE,FALSE,TRUE,Pooled direction flips when family is excluded
SCI-vetted,2C,Aggregated R10 regions,mortality_million_deaths,PM2.5 mortality,IMAGE,41,60,410.06586,442.093405,-32.02754500000003,-7.810341733886364,High-CDR,-5.349675826732812,High-CDR,FALSE,2.460665907153552,22,3,4.233988406243592,High-RE,TRUE,FALSE,TRUE,Robust family direction disagrees with pooled
Full,All ambitions,Aggregated R10 regions,total_energy_jobyears_per_1k,Employment,POLES,210,292,285.34485021770786,596.9112417795626,311.56639156185474,109.18942161533344,High-RE,91.73158400409754,High-RE,FALSE,17.457837611235902,60,9,13.51125614967618,High-RE,TRUE,TRUE,FALSE,Not targeted
Full,All ambitions,Aggregated R10 regions,total_energy_jobyears_per_1k,Employment,COFFEE,270,293,303.5695088216967,596.8501395656695,293.2806307439728,96.61070108204869,High-RE,91.73158400409754,High-RE,FALSE,4.87911707795115,0,8,NA,NA,FALSE,FALSE,FALSE,Not targeted
Full,All ambitions,Aggregated R10 regions,total_energy_jobyears_per_1k,Employment,IMAGE,204,299,312.7732575160311,588.1474721186423,275.37421460261123,88.04276196423123,High-RE,91.73158400409754,High-RE,FALSE,3.6888220398663094,66,2,82.2956310260241,High-RE,FALSE,TRUE,FALSE,Not targeted
Full,All ambitions,Aggregated R10 regions,total_energy_jobyears_per_1k,Employment,TIAM,258,301,308.8510681238731,582.0386278172977,273.18755969342453,88.45284601180502,High-RE,91.73158400409754,High-RE,FALSE,3.2787379922925197,12,0,NA,NA,FALSE,FALSE,FALSE,Not targeted
Full,All ambitions,Aggregated R10 regions,total_energy_jobyears_per_1k,Employment,GCAM,267,296,302.7579094096578,580.0291114524703,277.27120204281243,91.58181947532222,High-RE,91.73158400409754,High-RE,FALSE,0.14976452877532154,3,5,82.6160400231132,High-RE,TRUE,TRUE,FALSE,Not targeted
Full,All ambitions,Aggregated R10 regions,gap_GJ_pc,DLE gap,IMAGE,222,291,12.808658792844987,11.514369738067415,1.2942890547775718,10.10479766625192,High-RE,27.144733280478757,High-RE,FALSE,17.039935614226835,68,2,21.235049719270865,High-RE,FALSE,TRUE,FALSE,Not targeted
Full,All ambitions,Aggregated R10 regions,gap_GJ_pc,DLE gap,MESSAGEix,191,266,19.70754653234446,11.578158000090955,8.129388532253504,41.250129836869206,High-RE,27.144733280478757,High-RE,FALSE,14.105396556390449,99,27,8.33363868169357,High-RE,TRUE,TRUE,FALSE,Not targeted
Full,All ambitions,Aggregated R10 regions,gap_GJ_pc,DLE gap,WITCH,282,277,15.47193605680537,11.344561133335505,4.127374923469866,26.676525215177765,High-RE,27.144733280478757,High-RE,FALSE,0.4682080653009919,8,16,47.35522882214786,High-RE,TRUE,TRUE,FALSE,Not targeted
Full,All ambitions,Aggregated R10 regions,gap_GJ_pc,DLE gap,COFFEE,290,293,15.850750316180047,11.54810641989833,4.302643896281717,27.144733280478757,High-RE,27.144733280478757,High-RE,FALSE,0,0,0,NA,NA,FALSE,FALSE,FALSE,Not targeted
Full,All ambitions,Aggregated R10 regions,gap_GJ_pc,DLE gap,TIAM,290,293,15.850750316180047,11.54810641989833,4.302643896281717,27.144733280478757,High-RE,27.144733280478757,High-RE,FALSE,0,0,0,NA,NA,FALSE,FALSE,FALSE,Not targeted
Full,All ambitions,Aggregated R10 regions,headcount_pct,Deprived headcount,IMAGE,222,291,4.699686148795685,4.1912198043353595,0.5084663444603255,10.819155329992029,High-RE,28.299097892924813,High-RE,FALSE,17.479942562932784,68,2,26.892719583983013,High-RE,FALSE,TRUE,FALSE,Not targeted
Full,All ambitions,Aggregated R10 regions,headcount_pct,Deprived headcount,POLES,230,284,4.699686148795685,4.1717572296350545,0.5279289191606304,11.233280318004097,High-RE,28.299097892924813,High-RE,FALSE,17.065817574920715,60,9,3.424218421716024,High-RE,TRUE,TRUE,FALSE,Not targeted
Full,All ambitions,Aggregated R10 regions,headcount_pct,Deprived headcount,MESSAGEix,191,266,7.2523509437786835,4.206436236805626,3.0459147069730577,41.99899771240315,High-RE,28.299097892924813,High-RE,FALSE,13.69989981947834,99,27,5.578903061566129,High-RE,TRUE,TRUE,FALSE,Not targeted
Full,All ambitions,Aggregated R10 regions,headcount_pct,Deprived headcount,WITCH,282,277,5.627354399558833,4.134979374661465,1.4923750248973677,26.520011339864528,High-RE,28.299097892924813,High-RE,FALSE,1.779086553060285,8,16,50.88820998986419,High-RE,TRUE,TRUE,FALSE,Not targeted
Full,All ambitions,Aggregated R10 regions,headcount_pct,Deprived headcount,COFFEE,290,293,5.847564373702934,4.192756407236945,1.654807966465989,28.299097892924813,High-RE,28.299097892924813,High-RE,FALSE,0,0,0,NA,NA,FALSE,FALSE,FALSE,Not targeted
Full,All ambitions,Aggregated R10 regions,headcount_pct,Deprived headcount,TIAM,290,293,5.847564373702934,4.192756407236945,1.654807966465989,28.299097892924813,High-RE,28.299097892924813,High-RE,FALSE,0,0,0,NA,NA,FALSE,FALSE,FALSE,Not targeted
Full,All ambitions,Aggregated R10 regions,mortality_million_deaths,PM2.5 mortality,POLES,186,226,460.0918725,427.66765250000003,32.42421999999999,7.047335964405672,High-RE,2.399466499825661,High-RE,FALSE,4.647869464580011,60,0,NA,NA,FALSE,FALSE,FALSE,Not targeted
Full,All ambitions,Aggregated R10 regions,mortality_million_deaths,PM2.5 mortality,AIM,225,222,446.6981,428.36181750000003,18.33628249999998,4.104849002044106,High-RE,2.399466499825661,High-RE,FALSE,1.7053825022184448,21,4,2.2751543014038065,High-RE,TRUE,TRUE,FALSE,Not targeted
Full,All ambitions,Aggregated R10 regions,mortality_million_deaths,PM2.5 mortality,IMAGE,187,224,430.64255000000003,427.60837,3.034180000000049,0.7045704146048849,High-RE,2.399466499825661,High-RE,FALSE,1.6948960852207762,59,2,2.191942190754993,High-RE,FALSE,TRUE,FALSE,Not targeted
Full,All ambitions,Aggregated R10 regions,mortality_million_deaths,PM2.5 mortality,MESSAGEix,151,202,431.31202,426.6242925,4.687727499999994,1.086852970153717,High-RE,2.399466499825661,High-RE,FALSE,1.3126135296719441,95,24,1.862658859531283,High-RE,TRUE,TRUE,FALSE,Not targeted
Full,All ambitions,Aggregated R10 regions,mortality_million_deaths,PM2.5 mortality,GCAM,243,221,437.579795,427.54933,10.030464999999992,2.2922596323260294,High-RE,2.399466499825661,High-RE,FALSE,0.10720686749963182,3,5,15.146343607118276,High-RE,TRUE,TRUE,FALSE,Not targeted
Full,1.5C,Aggregated R10 regions,total_energy_jobyears_per_1k,Employment,POLES,54,66,342.19558773504366,751.6697106206666,409.47412288562293,119.66084238428928,High-RE,109.08645254710342,High-RE,FALSE,10.574389837185862,4,1,2.200231852064077,High-RE,FALSE,TRUE,FALSE,Not targeted
Full,1.5C,Aggregated R10 regions,total_energy_jobyears_per_1k,Employment,WITCH,52,67,341.5557660741536,748.6547433260449,407.0989772518913,119.18960758036447,High-RE,109.08645254710342,High-RE,FALSE,10.103155033261046,6,0,NA,NA,FALSE,FALSE,FALSE,Not targeted
Full,1.5C,Aggregated R10 regions,total_energy_jobyears_per_1k,Employment,AIM,57,64,356.24156625736566,755.3620407259264,399.1204744685607,112.03646970837123,High-RE,109.08645254710342,High-RE,FALSE,2.9500171612678088,1,3,-21.850839981307136,High-CDR,FALSE,FALSE,FALSE,Not targeted
Full,1.5C,Aggregated R10 regions,total_energy_jobyears_per_1k,Employment,GCAM,58,66,358.0599002019925,751.6697106206666,393.6098104186741,109.92848129506454,High-RE,109.08645254710342,High-RE,FALSE,0.8420287479611233,0,1,NA,NA,FALSE,FALSE,FALSE,Not targeted
Full,1.5C,Aggregated R10 regions,gap_GJ_pc,DLE gap,WITCH,61,67,15.550467761439304,11.622194378418357,3.9282733830209473,25.261448358241275,High-RE,36.94293636964057,High-RE,FALSE,11.681488011399296,6,0,NA,NA,FALSE,FALSE,FALSE,Not targeted
Full,1.5C,Aggregated R10 regions,gap_GJ_pc,DLE gap,MESSAGEix,42,64,21.230101836221365,11.783849351758526,9.446252484462839,44.49461692334552,High-RE,36.94293636964057,High-RE,FALSE,7.551680553704948,25,3,24.832472874834473,High-RE,TRUE,TRUE,FALSE,Not targeted
Full,1.5C,Aggregated R10 regions,gap_GJ_pc,DLE gap,GCAM,60,66,18.704613853247494,11.607051355691436,7.0975624975560585,37.9455173640154,High-RE,36.94293636964057,High-RE,FALSE,1.0025809943748314,7,1,-38.688336047744386,High-CDR,FALSE,FALSE,FALSE,Not targeted
Full,1.5C,Aggregated R10 regions,gap_GJ_pc,DLE gap,AIM,66,64,18.427206343052383,11.578158000090955,6.849048342961428,37.16813181257791,High-RE,36.94293636964057,High-RE,FALSE,0.22519544293734128,1,3,2.6541295635393136,High-RE,FALSE,TRUE,FALSE,Not targeted
Full,1.5C,Aggregated R10 regions,gap_GJ_pc,DLE gap,POLES,63,66,18.39637443085087,11.607051355691436,6.789323075159434,36.90576695250171,High-RE,36.94293636964057,High-RE,FALSE,0.03716941713886257,4,1,4.901470868786244,High-RE,FALSE,TRUE,FALSE,Not targeted
Full,1.5C,Aggregated R10 regions,headcount_pct,Deprived headcount,WITCH,61,67,5.5193526801235535,4.224537857571905,1.2948148225516487,23.459541319303113,High-RE,34.58403122488907,High-RE,FALSE,11.124489905585953,6,0,NA,NA,FALSE,FALSE,FALSE,Not targeted
Full,1.5C,Aggregated R10 regions,headcount_pct,Deprived headcount,MESSAGEix,42,64,7.655508664279001,4.302831499096074,3.352677165182927,43.7943095907747,High-RE,34.58403122488907,High-RE,FALSE,9.210278365885635,25,3,26.341152883792248,High-RE,TRUE,TRUE,FALSE,Not targeted
Full,1.5C,Aggregated R10 regions,headcount_pct,Deprived headcount,GCAM,60,66,6.835916804195103,4.208647132404424,2.6272696717906783,38.43331841280399,High-RE,34.58403122488907,High-RE,FALSE,3.849287187914925,7,1,-47.625002116206005,High-CDR,FALSE,FALSE,FALSE,Not targeted
Full,1.5C,Aggregated R10 regions,headcount_pct,Deprived headcount,POLES,63,66,6.091288770055372,4.208647132404424,1.8826416376509476,30.907115205339935,High-RE,34.58403122488907,High-RE,FALSE,3.6769160195491324,4,1,14.300260696682283,High-RE,FALSE,TRUE,FALSE,Not targeted
Full,1.5C,Aggregated R10 regions,headcount_pct,Deprived headcount,AIM,66,64,6.325171976537444,4.18571912965498,2.139452846882464,33.824421767796004,High-RE,34.58403122488907,High-RE,FALSE,0.7596094570930632,1,3,3.5536161952943672,High-RE,FALSE,TRUE,FALSE,Not targeted
Full,1.5C,Aggregated R10 regions,mortality_million_deaths,PM2.5 mortality,MESSAGEix,34,51,464.4933325,418.778005,45.7153275,9.84197711815379,High-RE,1.8464564837231334,High-RE,FALSE,7.995520634430657,23,3,1.457792499188579,High-RE,TRUE,TRUE,FALSE,Not targeted
Full,1.5C,Aggregated R10 regions,mortality_million_deaths,PM2.5 mortality,WITCH,51,54,436.99725,417.9452725,19.05197750000002,4.359747687199409,High-RE,1.8464564837231334,High-RE,FALSE,2.5132912034762755,6,0,NA,NA,FALSE,FALSE,FALSE,Not targeted
Full,1.5C,Aggregated R10 regions,mortality_million_deaths,PM2.5 mortality,IMAGE,34,54,420.4895475,417.9452725,2.5442750000000274,0.6050744935580181,High-RE,1.8464564837231334,High-RE,FALSE,1.2413819901651153,23,0,NA,NA,FALSE,FALSE,FALSE,Not targeted
Full,1.5C,Aggregated R10 regions,mortality_million_deaths,PM2.5 mortality,POLES,53,54,430.48855,417.9452725,12.543277499999988,2.9137308065452587,High-RE,1.8464564837231334,High-RE,FALSE,1.0672743228221253,4,0,NA,NA,FALSE,FALSE,FALSE,Not targeted
Full,1.5C,Aggregated R10 regions,mortality_million_deaths,PM2.5 mortality,REMIND,57,4,425.807625,415.27516,10.532464999999945,2.473526630717321,High-RE,1.8464564837231334,High-RE,FALSE,0.6270701469941877,0,50,NA,NA,FALSE,FALSE,FALSE,Not targeted
Full,1.5C,Aggregated R10 regions,mortality_million_deaths,PM2.5 mortality,GCAM,57,53,425.807625,417.735205,8.072419999999966,1.8957903818655117,High-RE,1.8464564837231334,High-RE,FALSE,0.04933389814237832,0,1,NA,NA,FALSE,FALSE,FALSE,Not targeted
Full,1.5C,Aggregated R10 regions,mortality_million_deaths,PM2.5 mortality,AIM,56,54,426.0176125,417.9452725,8.072339999999997,1.894837153006203,High-RE,1.8464564837231334,High-RE,FALSE,0.0483806692830695,1,0,NA,NA,FALSE,FALSE,FALSE,Not targeted
Full,2C,Aggregated R10 regions,total_energy_jobyears_per_1k,Employment,POLES,156,226,274.4702093486674,549.8092822995812,275.3390729509138,100.31656025778108,High-RE,84.27166836101688,High-RE,FALSE,16.0448918967642,56,8,13.429807983826146,High-RE,TRUE,TRUE,FALSE,Not targeted
Full,2C,Aggregated R10 regions,total_energy_jobyears_per_1k,Employment,IMAGE,167,232,308.4445802459562,548.4163730786662,239.97179283270998,77.80061904195384,High-RE,84.27166836101688,High-RE,FALSE,6.471049319063042,45,2,108.70534914279094,High-RE,FALSE,TRUE,FALSE,Not targeted
Full,2C,Aggregated R10 regions,total_energy_jobyears_per_1k,Employment,WITCH,210,218,293.701228420669,552.5859571691744,258.88472874850544,88.14560638394886,High-RE,84.27166836101688,High-RE,FALSE,3.8739380229319806,2,16,-15.570733877216586,High-CDR,FALSE,FALSE,FALSE,Not targeted
Full,2C,Aggregated R10 regions,total_energy_jobyears_per_1k,Employment,COFFEE,212,226,294.40860114420377,549.8092822995812,255.40068115537747,86.7504142755259,High-RE,84.27166836101688,High-RE,FALSE,2.4787459145090196,0,8,NA,NA,FALSE,FALSE,FALSE,Not targeted
Full,2C,Aggregated R10 regions,total_energy_jobyears_per_1k,Employment,TIAM,200,234,297.1260667571902,542.5116411267561,245.38557436956592,82.5863503150983,High-RE,84.27166836101688,High-RE,FALSE,1.685318045918578,12,0,NA,NA,FALSE,FALSE,FALSE,Not targeted
Full,2C,Aggregated R10 regions,total_energy_jobyears_per_1k,Employment,GCAM,209,230,293.60291643625965,542.5116411267561,248.90872469049646,84.7773338602152,High-RE,84.27166836101688,High-RE,FALSE,0.5056654991983152,3,4,63.43163121774499,High-RE,TRUE,TRUE,FALSE,Not targeted
Full,2C,Aggregated R10 regions,gap_GJ_pc,DLE gap,IMAGE,178,224,12.361283096467673,11.365308964343303,0.9959741321243705,8.057206718362249,High-RE,26.44868549179839,High-RE,FALSE,18.39147877343614,45,2,14.673290746182678,High-RE,FALSE,TRUE,FALSE,Not targeted
Full,2C,Aggregated R10 regions,gap_GJ_pc,DLE gap,MESSAGEix,149,202,19.39916473849868,11.384503473548286,8.014661264950394,41.314465715345314,High-RE,26.44868549179839,High-RE,FALSE,14.865780223546924,74,24,0.9299878228440601,High-RE,TRUE,TRUE,FALSE,Not targeted
Full,2C,Aggregated R10 regions,gap_GJ_pc,DLE gap,WITCH,221,210,15.396879887864916,11.259022579979105,4.137857307885811,26.874648227574163,High-RE,26.44868549179839,High-RE,FALSE,0.4259627357757729,2,16,44.11351171454853,High-RE,FALSE,TRUE,FALSE,Not targeted
Full,2C,Aggregated R10 regions,gap_GJ_pc,DLE gap,COFFEE,223,226,15.45555178054982,11.367761499090152,4.087790281459668,26.44868549179839,High-RE,26.44868549179839,High-RE,FALSE,0,0,0,NA,NA,FALSE,FALSE,FALSE,Not targeted
Full,2C,Aggregated R10 regions,gap_GJ_pc,DLE gap,TIAM,223,226,15.45555178054982,11.367761499090152,4.087790281459668,26.44868549179839,High-RE,26.44868549179839,High-RE,FALSE,0,0,0,NA,NA,FALSE,FALSE,FALSE,Not targeted
Full,2C,Aggregated R10 regions,headcount_pct,Deprived headcount,IMAGE,178,224,4.510610612669295,4.1477133705465565,0.3628972421227381,8.04541276747412,High-RE,27.71651669413333,High-RE,FALSE,19.671103926659207,45,2,21.926091914415473,High-RE,FALSE,TRUE,FALSE,Not targeted
Full,2C,Aggregated R10 regions,headcount_pct,Deprived headcount,WITCH,221,210,5.735356118994112,4.04050818545729,1.6948479335368214,29.550875279111178,High-RE,27.71651669413333,High-RE,FALSE,1.8343585849778492,2,16,49.764337794454676,High-RE,FALSE,TRUE,FALSE,Not targeted
Full,2C,Aggregated R10 regions,headcount_pct,Deprived headcount,COFFEE,223,226,5.772401368694007,4.172492779687552,1.5999085890064553,27.71651669413333,High-RE,27.71651669413333,High-RE,FALSE,0,0,0,NA,NA,FALSE,FALSE,FALSE,Not targeted
Full,2C,Aggregated R10 regions,headcount_pct,Deprived headcount,TIAM,223,226,5.772401368694007,4.172492779687552,1.5999085890064553,27.71651669413333,High-RE,27.71651669413333,High-RE,FALSE,0,0,0,NA,NA,FALSE,FALSE,FALSE,Not targeted
Full,2C,Aggregated R10 regions,mortality_million_deaths,PM2.5 mortality,POLES,133,172,463.11339,434.621435,28.49195499999996,6.15226327185227,High-RE,1.333415619537075,High-RE,FALSE,4.8188476523151955,56,0,NA,NA,FALSE,FALSE,FALSE,Not targeted
Full,2C,Aggregated R10 regions,mortality_million_deaths,PM2.5 mortality,AIM,169,168,455.163095,435.3695825,19.79351250000002,4.348663746563201,High-RE,1.333415619537075,High-RE,FALSE,3.0152481270261258,20,4,2.34711856577981,High-RE,TRUE,TRUE,FALSE,Not targeted
Full,2C,Aggregated R10 regions,mortality_million_deaths,PM2.5 mortality,WITCH,187,165,442.411195,435.543815,6.867380000000026,1.5522618047674008,High-RE,1.333415619537075,High-RE,FALSE,0.21884618523032584,2,7,-0.249853811995208,High-CDR,FALSE,FALSE,FALSE,Not targeted
Full,2C,Aggregated R10 regions,mortality_million_deaths,PM2.5 mortality,GCAM,186,168,440.06449,433.692365,6.372124999999983,1.4479979968390504,High-RE,1.333415619537075,High-RE,FALSE,0.1145823773019754,3,4,11.054387770750095,High-RE,TRUE,TRUE,FALSE,Not targeted
SCI-vetted,All ambitions,Aggregated R10 regions,total_energy_jobyears_per_1k,Employment,IMAGE,43,65,366.3670355375131,419.87033973374935,53.50330419623623,14.603744061672796,High-RE,20.68018072759774,High-RE,FALSE,6.076436665924945,26,4,106.12122392785119,High-RE,TRUE,TRUE,FALSE,Not targeted
SCI-vetted,All ambitions,Aggregated R10 regions,total_energy_jobyears_per_1k,Employment,REMIND,69,42,350.7392575320401,411.40217172223254,60.66291419019245,17.29572977289287,High-RE,20.68018072759774,High-RE,FALSE,3.384450954704871,0,27,NA,NA,FALSE,FALSE,FALSE,Not targeted
SCI-vetted,All ambitions,Aggregated R10 regions,total_energy_jobyears_per_1k,Employment,GCAM,69,62,350.7392575320401,418.82789639744465,68.08863886540456,19.41289359637327,High-RE,20.68018072759774,High-RE,FALSE,1.267287131224471,0,7,NA,NA,FALSE,FALSE,FALSE,Not targeted
SCI-vetted,All ambitions,Aggregated R10 regions,total_energy_jobyears_per_1k,Employment,MESSAGEix,69,66,350.7392575320401,427.6398007445649,76.90054321252484,21.92527399231891,High-RE,20.68018072759774,High-RE,FALSE,1.24509326472117,0,3,NA,NA,FALSE,FALSE,FALSE,Not targeted
SCI-vetted,All ambitions,Aggregated R10 regions,gap_GJ_pc,DLE gap,MESSAGEix,69,66,19.1127086387263,16.942812711533094,2.169895927193206,11.353157567612099,High-RE,3.747947093296809,High-RE,FALSE,7.605210474315291,0,3,NA,NA,FALSE,FALSE,FALSE,Not targeted
SCI-vetted,All ambitions,Aggregated R10 regions,gap_GJ_pc,DLE gap,IMAGE,43,65,20.63716606846719,20.477791184909517,0.1593748835576747,0.7722711685748049,High-RE,3.747947093296809,High-RE,FALSE,2.9756759247220037,26,4,4.7968582636930694,High-RE,TRUE,TRUE,FALSE,Not targeted
SCI-vetted,All ambitions,Aggregated R10 regions,headcount_pct,Deprived headcount,MESSAGEix,69,66,6.950699586557095,6.345282423104375,0.6054171634527199,8.71016155875329,High-RE,1.2722345484502253,High-RE,FALSE,7.437927010303065,0,3,NA,NA,FALSE,FALSE,FALSE,Not targeted
SCI-vetted,All ambitions,Aggregated R10 regions,mortality_million_deaths,PM2.5 mortality,WITCH,69,41,420.124325,451.85919,-31.734865000000013,-7.55368425763017,High-CDR,-5.247704950195391,High-CDR,FALSE,2.3059793074347787,0,28,NA,NA,FALSE,FALSE,FALSE,Not targeted
SCI-vetted,All ambitions,Aggregated R10 regions,mortality_million_deaths,PM2.5 mortality,GCAM,69,62,420.124325,440.76525000000004,-20.64092500000004,-4.9130516306095915,High-CDR,-5.247704950195391,High-CDR,FALSE,0.3346533195857999,0,7,NA,NA,FALSE,FALSE,FALSE,Not targeted
SCI-vetted,All ambitions,Aggregated R10 regions,mortality_million_deaths,PM2.5 mortality,REMIND,69,42,420.124325,442.928635,-22.804309999999987,-5.427990869131414,High-CDR,-5.247704950195391,High-CDR,FALSE,0.18028591893602286,0,27,NA,NA,FALSE,FALSE,FALSE,Not targeted
SCI-vetted,All ambitions,Aggregated R10 regions,mortality_million_deaths,PM2.5 mortality,MESSAGEix,69,66,420.124325,442.1323075,-22.007982500000026,-5.2384451911943035,High-CDR,-5.247704950195391,High-CDR,FALSE,0.009259759001087886,0,3,NA,NA,FALSE,FALSE,FALSE,Not targeted
SCI-vetted,1.5C,Aggregated R10 regions,total_energy_jobyears_per_1k,Employment,POLES,4,6,427.07518233351084,601.0386573368169,173.96347500330603,40.73368863364548,High-RE,31.129661247539463,High-RE,FALSE,9.604027386106015,2,0,NA,NA,FALSE,FALSE,FALSE,Not targeted
SCI-vetted,1.5C,Aggregated R10 regions,total_energy_jobyears_per_1k,Employment,REMIND,6,3,458.3544650528828,563.3493924487905,104.99492739590767,22.90692802213541,High-RE,31.129661247539463,High-RE,FALSE,8.222733225404053,0,3,NA,NA,FALSE,FALSE,FALSE,Not targeted
SCI-vetted,1.5C,Aggregated R10 regions,total_energy_jobyears_per_1k,Employment,IMAGE,2,5,458.3544650528828,638.7279222248432,180.37345717196035,39.352394472943494,High-RE,31.129661247539463,High-RE,FALSE,8.222733225404031,4,1,31.908716720715606,High-RE,FALSE,TRUE,FALSE,Not targeted
SCI-vetted,1.5C,Aggregated R10 regions,total_energy_jobyears_per_1k,Employment,GCAM,6,4,458.3544650528828,637.8123107752526,179.45784572236983,39.15263391219824,High-RE,31.129661247539463,High-RE,FALSE,8.022972664658777,0,2,NA,NA,FALSE,FALSE,FALSE,Not targeted
SCI-vetted,1.5C,Aggregated R10 regions,gap_GJ_pc,DLE gap,IMAGE,2,5,26.939332258905054,17.690929538350456,9.248402720554598,34.33048240272343,High-RE,15.19585800837632,High-RE,FALSE,19.134624394347114,4,1,6.861686116967002,High-RE,FALSE,TRUE,FALSE,Not targeted
SCI-vetted,1.5C,Aggregated R10 regions,gap_GJ_pc,DLE gap,GCAM,6,4,21.27685223957915,16.28017755442421,4.9966746851549395,23.48408791343739,High-RE,15.19585800837632,High-RE,FALSE,8.288229905061069,0,2,NA,NA,FALSE,FALSE,FALSE,Not targeted
SCI-vetted,1.5C,Aggregated R10 regions,gap_GJ_pc,DLE gap,POLES,4,6,19.751672178598604,18.043651984600665,1.708020193997939,8.647471356114439,High-RE,15.19585800837632,High-RE,FALSE,6.548386652261881,2,0,NA,NA,FALSE,FALSE,FALSE,Not targeted
SCI-vetted,1.5C,Aggregated R10 regions,gap_GJ_pc,DLE gap,REMIND,6,3,21.27685223957915,18.39637443085087,2.88047780872828,13.538082495915546,High-RE,15.19585800837632,High-RE,FALSE,1.6577755124607734,0,3,NA,NA,FALSE,FALSE,FALSE,Not targeted
SCI-vetted,1.5C,Aggregated R10 regions,headcount_pct,Deprived headcount,IMAGE,2,5,10.038761148386097,6.862270385057928,3.176490763328169,31.642258605175044,High-RE,15.414143983382523,High-RE,FALSE,16.22811462179252,4,1,11.615045495134863,High-RE,FALSE,TRUE,FALSE,Not targeted
SCI-vetted,1.5C,Aggregated R10 regions,headcount_pct,Deprived headcount,GCAM,6,4,7.876058545149219,5.844978337654675,2.0310802074945435,25.788028312022444,High-RE,15.414143983382523,High-RE,FALSE,10.373884328639921,0,2,NA,NA,FALSE,FALSE,FALSE,Not targeted
SCI-vetted,1.5C,Aggregated R10 regions,headcount_pct,Deprived headcount,POLES,4,6,7.3109645558002905,6.662031540784415,0.6489330150158752,8.876161415678483,High-RE,15.414143983382523,High-RE,FALSE,6.53798256770404,2,0,NA,NA,FALSE,FALSE,FALSE,Not targeted
SCI-vetted,1.5C,Aggregated R10 regions,headcount_pct,Deprived headcount,REMIND,6,3,7.876058545149219,6.862270385057928,1.0137881600912904,12.871770242435181,High-RE,15.414143983382523,High-RE,FALSE,2.542373740947342,0,3,NA,NA,FALSE,FALSE,FALSE,Not targeted
SCI-vetted,1.5C,Aggregated R10 regions,mortality_million_deaths,PM2.5 mortality,POLES,4,6,520.4065949999999,428.3386425,92.06795249999993,17.691542225747533,High-RE,11.118371820114362,High-RE,FALSE,6.573170405633171,2,0,NA,NA,FALSE,FALSE,FALSE,Not targeted
SCI-vetted,1.5C,Aggregated R10 regions,mortality_million_deaths,PM2.5 mortality,REMIND,6,3,481.9203375,451.85919,30.061147500000004,6.237783542388892,High-RE,11.118371820114362,High-RE,FALSE,4.88058827772547,0,3,NA,NA,FALSE,FALSE,FALSE,Not targeted
SCI-vetted,1.5C,Aggregated R10 regions,mortality_million_deaths,PM2.5 mortality,GCAM,6,4,481.9203375,411.99061,69.92972750000001,14.510640464514534,High-RE,11.118371820114362,High-RE,FALSE,3.392268644400172,0,2,NA,NA,FALSE,FALSE,FALSE,Not targeted
SCI-vetted,2C,Aggregated R10 regions,total_energy_jobyears_per_1k,Employment,IMAGE,41,60,366.3670355375131,416.73489013632957,50.36785459881645,13.747922087182205,High-RE,20.933518620205913,High-RE,FALSE,7.185596533023707,22,3,107.44051341865644,High-RE,TRUE,TRUE,FALSE,Not targeted
SCI-vetted,2C,Aggregated R10 regions,total_energy_jobyears_per_1k,Employment,REMIND,63,39,345.4670448919984,405.6675658266887,60.2005209346903,17.425836074613276,High-RE,20.933518620205913,High-RE,FALSE,3.507682545592637,0,24,NA,NA,FALSE,FALSE,FALSE,Not targeted
SCI-vetted,2C,Aggregated R10 regions,total_energy_jobyears_per_1k,Employment,MESSAGEix,63,60,345.4670448919984,421.0727048103777,75.60565991837927,21.885057065867308,High-RE,20.933518620205913,High-RE,FALSE,0.9515384456613951,0,3,NA,NA,FALSE,FALSE,FALSE,Not targeted
SCI-vetted,2C,Aggregated R10 regions,total_energy_jobyears_per_1k,Employment,GCAM,63,58,345.4670448919984,416.73489013632957,71.26784524433117,20.62941930296456,High-RE,20.933518620205913,High-RE,FALSE,0.3040993172413522,0,5,NA,NA,FALSE,FALSE,FALSE,Not targeted
SCI-vetted,2C,Aggregated R10 regions,gap_GJ_pc,DLE gap,GCAM,63,58,19.046803905975818,23.66766384274987,-4.620859936774053,-24.260552896878867,High-CDR,-7.5130047329606615,High-CDR,FALSE,16.747548163918204,0,5,NA,NA,FALSE,FALSE,FALSE,Not targeted
SCI-vetted,2C,Aggregated R10 regions,headcount_pct,Deprived headcount,GCAM,63,58,6.911010776806588,8.56182179805872,-1.6508110212521316,-23.88667988758269,High-CDR,-9.98065589994765,High-CDR,FALSE,13.906023987635042,0,5,NA,NA,FALSE,FALSE,FALSE,Not targeted
SCI-vetted,2C,Aggregated R10 regions,mortality_million_deaths,PM2.5 mortality,WITCH,63,35,419.717675,456.750175,-37.03250000000003,-8.823192876020775,High-CDR,-5.349675826732812,High-CDR,FALSE,3.4735170492879623,0,28,NA,NA,FALSE,FALSE,FALSE,Not targeted
SCI-vetted,2C,Aggregated R10 regions,mortality_million_deaths,PM2.5 mortality,GCAM,63,58,419.717675,441.4710625,-21.75338750000003,-5.182861908305394,High-CDR,-5.349675826732812,High-CDR,FALSE,0.166813918427418,0,5,NA,NA,FALSE,FALSE,FALSE,Not targeted
SCI-vetted,2C,Aggregated R10 regions,mortality_million_deaths,PM2.5 mortality,MESSAGEix,63,60,419.717675,442.1323075,-22.41463250000004,-5.340407096270139,High-CDR,-5.349675826732812,High-CDR,FALSE,0.00926873046267307,0,3,NA,NA,FALSE,FALSE,FALSE,Not targeted
SCI-vetted,2C,Aggregated R10 regions,mortality_million_deaths,PM2.5 mortality,REMIND,63,39,419.717675,442.17121,-22.453534999999988,-5.349675826732812,High-CDR,-5.349675826732812,High-CDR,FALSE,0,0,24,NA,NA,FALSE,FALSE,FALSE,Not targeted
