database,ambition_view,Region,outcome,outcome_label,outcome_unit,n_cdr,n_re,median_cdr,median_re,pooled_effect,pooled_effect_pct,pooled_favours,n_informative_families,n_robust_families,equal_family_mean_pct,equal_family_median_pct,robust_equal_family_mean_pct,robust_equal_family_median_pct,families_favour_re,families_favour_cdr,robust_families_favour_re,robust_families_favour_cdr,loo_min_pct,loo_max_pct,n_families_tested,n_direction_flips,max_influence_shift_pct_points,most_negative_exclusion,most_positive_exclusion,pooled_equal_family_agree,leave_one_out_stable,magnitude_composition_sensitive,structural_class,evidence_class,n_comparable_cells,n_robust_cells,matched_cell_mean_pct,matched_cell_median_pct,robust_matched_cell_mean_pct,robust_matched_cell_median_pct,cells_favour_re,cells_favour_cdr,robust_cells_favour_re,robust_cells_favour_cdr,total_cdr_support,total_re_support,matched_direction,pooled_matched_agree,final_tiered_conclusion
Full,All ambitions,Aggregated R10 regions,total_energy_jobyears_per_1k,Employment,"total energy-sector job-years per 1,000 people",270,301,303.5695088216967,582.0386278172977,278.469118995601,91.73158400409754,High-RE,7,5,32.98818462367965,13.51125614967618,14.652756213427294,9.460157290813564,5,2,3,2,15.285988198129914,109.18942161533344,9,0,76.44559580596763,REMIND,POLES,TRUE,TRUE,TRUE,Directionally stable but structurally heterogeneous,Direction supported; magnitude composition-sensitive,10,4,20.845691370172144,10.685746293470597,7.218755503394723,10.42821658606118,8,2,3,1,166,51,High-RE,TRUE,Employment direction supported; pooled magnitude is composition-sensitive
Full,All ambitions,Aggregated R10 regions,gap_GJ_pc,DLE gap,GJ per capita of cumulative DLE gap,290,293,23.404782573715316,17.135523412896454,6.269259160818862,26.786231152001978,High-RE,7,5,13.432864396156743,5.771588520509963,4.0933415182029025,-7.172657831250891,4,3,2,3,-9.72512794416655,35.66566920835037,7,1,36.511359096168526,REMIND,MESSAGEix,TRUE,FALSE,FALSE,Dominant-family sensitive,Database association only; model-composition sensitive,10,4,2.2234779518813648,-2.5969894179256157,-3.6732765081397414,-6.013983717605747,4,6,1,3,166,51,High-RE,TRUE,Deprivation is a database association driven by model/final-energy composition
Full,All ambitions,Aggregated R10 regions,headcount_pct,Deprived share,population-year-weighted mean % below the DLE threshold,290,293,6.051234196271087,4.463516254086944,1.5877179421841436,26.237919252282992,High-RE,7,5,15.115424182753674,4.8968974701295735,5.421105543061998,1.793424786160925,5,2,3,2,-18.70982369411176,37.51063166119875,7,1,44.947742946394754,REMIND,MESSAGEix,TRUE,FALSE,FALSE,Dominant-family sensitive,Database association only; model-composition sensitive,10,4,3.817369121438272,1.5937413925538966,-1.6681436327157897,-2.198461081038416,5,5,1,3,166,51,High-RE,TRUE,Deprivation is a database association driven by model/final-energy composition
Full,All ambitions,Aggregated R10 regions,mortality_million_deaths,PM2.5 mortality,million cumulative PM2.5-attributable deaths,246,226,438.181675,427.66765250000003,10.514022499999953,2.399466499825661,High-RE,5,4,4.051773342618527,2.191942190754993,4.51673113058441,2.068906580467545,4,1,3,1,-0.4400549155781142,7.047335964405672,7,1,4.647869464580011,REMIND,POLES,TRUE,FALSE,FALSE,Dominant-family sensitive,Coverage-qualified; composition-sensitive association,7,3,2.9141457255704397,3.23815625516348,3.4919673111554914,3.7385017054392846,5,2,3,0,103,29,High-RE,TRUE,Mortality is coverage-qualified and composition-sensitive; matched evidence leans High-RE
Full,1.5C,Aggregated R10 regions,total_energy_jobyears_per_1k,Employment,"total energy-sector job-years per 1,000 people",58,67,358.0599002019925,748.6547433260449,390.59484312405243,109.08645254710342,High-RE,4,1,33.67554513221898,25.650560163856863,49.10088847564965,49.10088847564965,3,1,1,0,24.07946758658827,137.6848100204814,7,0,85.00698496051515,REMIND,IMAGE,TRUE,TRUE,TRUE,Cross-model aligned,Direction supported; magnitude composition-sensitive,3,1,-2.2419606154393366,2.200231852064077,12.924726282925048,12.924726282925048,2,1,1,0,11,7,High-CDR,FALSE,Direction supported; magnitude composition-sensitive
Full,1.5C,Aggregated R10 regions,gap_GJ_pc,DLE gap,GJ per capita of cumulative DLE gap,67,67,26.19954884931114,17.949805609800375,8.249743239510764,31.488111825741125,High-RE,5,1,9.179802755719505,6.073970962236138,21.90254458660152,21.90254458660152,3,2,1,0,-15.525886144077191,39.59079221812474,7,1,47.01399796981832,REMIND,MESSAGEix,TRUE,FALSE,TRUE,Dominant-family sensitive,Database association only; model-composition sensitive,3,1,-0.64861728349802406,-1.983448902971888,-6.036373909758322,-6.036373909758322,1,2,0,1,11,7,High-CDR,FALSE,Database association only; model-composition sensitive
Full,1.5C,Aggregated R10 regions,headcount_pct,Deprived share,population-year-weighted mean % below the DLE threshold,67,67,6.973886989387415,4.5835605549488765,2.3903264344385384,34.27538240978155,High-RE,5,1,12.150319440678624,11.537005030043195,25.548915218182273,25.548915218182273,4,1,1,0,-8.34917088857779,42.749082845578904,7,1,42.62455329835934,REMIND,MESSAGEix,TRUE,FALSE,TRUE,Dominant-family sensitive,Database association only; model-composition sensitive,3,1,3.99551108638396,6.068400677365731,-5.618872448257046,-5.618872448257046,2,1,0,1,11,7,High-RE,TRUE,Database association only; model-composition sensitive
Full,1.5C,Aggregated R10 regions,mortality_million_deaths,PM2.5 mortality,million cumulative PM2.5-attributable deaths,57,54,425.807625,417.9452725,7.862352499999986,1.8464564837231334,High-RE,1,1,1.457792499188579,1.457792499188579,1.457792499188579,1.457792499188579,1,0,1,0,0.6050744935580181,9.84197711815379,7,0,7.995520634430657,IMAGE,MESSAGEix,TRUE,TRUE,FALSE,Not identified across model families,Coverage-qualified; not identified across model families,1,1,4.3902816622473795,4.3902816622473795,4.3902816622473795,4.3902816622473795,1,0,1,0,6,3,High-RE,TRUE,Coverage-qualified; not identified across model families
Full,2C,Aggregated R10 regions,total_energy_jobyears_per_1k,Employment,"total energy-sector job-years per 1,000 people",212,234,294.40860114420377,542.5116411267561,248.10303998255233,84.27166836101688,High-RE,6,4,28.886713711376213,11.082627463653772,20.04641675067073,11.082627463653772,4,2,3,1,8.965870974485519,100.31656025778108,9,0,75.30579738653137,REMIND,POLES,TRUE,TRUE,TRUE,Directionally stable but structurally heterogeneous,Direction supported; magnitude composition-sensitive,7,3,30.740399364005633,13.429807983826146,5.316765243551281,7.931706889197313,6,1,2,1,155,44,High-RE,TRUE,Direction supported; magnitude composition-sensitive
Full,2C,Aggregated R10 regions,gap_GJ_pc,DLE gap,GJ per capita of cumulative DLE gap,223,226,22.04288845564124,16.83581334752425,5.207075108116989,23.622471794454814,High-RE,6,4,5.413771876828875,-0.7058630186610091,-7.233952288733632,-7.7204443851065765,3,3,1,3,-15.762201859216717,35.76612415358522,7,1,39.38467365367153,REMIND,MESSAGEix,TRUE,FALSE,FALSE,Dominant-family sensitive,Database association only; model-composition sensitive,7,3,3.454375909901103,-3.210529932879343,-2.8855773742668807,-5.991593525453172,3,4,1,2,155,44,High-RE,TRUE,Database association only; model-composition sensitive
Full,2C,Aggregated R10 regions,headcount_pct,Deprived share,population-year-weighted mean % below the DLE threshold,223,226,5.774099363425409,4.380272083374919,1.3938272800504903,24.139301946886143,High-RE,6,4,8.252241584258092,1.3832451044460001,-5.437511403095277,-2.198461081038416,3,3,1,3,-24.337445703644033,36.039121561931466,7,2,48.47674765053017,REMIND,MESSAGEix,TRUE,FALSE,FALSE,Dominant-family sensitive,Database association only; model-composition sensitive,7,3,3.7410225650329774,-0.15573729436292608,-0.3512340275353708,-0.15573729436292608,3,4,1,2,155,44,High-RE,TRUE,Database association only; model-composition sensitive
Full,2C,Aggregated R10 regions,mortality_million_deaths,PM2.5 mortality,million cumulative PM2.5-attributable deaths,189,172,440.495065,434.621435,5.8736299999999915,1.333415619537075,High-RE,5,3,4.201414532981648,3.7385017054392846,5.71333601398973,3.7385017054392846,4,1,3,0,-0.25119747936335024,6.15226327185227,7,3,4.8188476523151955,REMIND,POLES,TRUE,FALSE,FALSE,Dominant-family sensitive,Coverage-qualified; composition-sensitive association,6,2,2.6681230694576166,2.792637410471645,3.0428101356095474,3.0428101356095474,4,2,2,0,97,26,High-RE,TRUE,Coverage-qualified; composition-sensitive association
SCI-vetted,All ambitions,Aggregated R10 regions,total_energy_jobyears_per_1k,Employment,"total energy-sector job-years per 1,000 people",69,69,350.7392575320401,423.27276987230044,72.53351234026036,20.68018072759774,High-RE,1,1,106.12122392785119,106.12122392785119,106.12122392785119,106.12122392785119,1,0,1,0,14.603744061672796,64.37277665129186,6,0,43.692595923694114,IMAGE,POLES,TRUE,TRUE,TRUE,Not identified across model families,Not identified across model families,2,1,55.52107091279091,55.52107091279091,79.13342510486622,79.13342510486622,2,0,1,0,10,4,High-RE,TRUE,Not identified across model families
SCI-vetted,All ambitions,Aggregated R10 regions,gap_GJ_pc,DLE gap,GJ per capita of cumulative DLE gap,69,69,25.30717213826523,26.429286645096077,-1.1221145068308473,-4.433978244191794,High-CDR,1,1,2.726818393586793,2.726818393586793,2.726818393586793,2.726818393586793,1,0,1,0,-84.16098542584275,23.295152602871962,6,2,79.72700718165096,REMIND,WITCH,FALSE,FALSE,FALSE,Not identified across model families,Not identified across model families,2,1,7.484056948752073,7.484056948752073,9.214195266472583,9.214195266472583,2,0,1,0,10,4,High-RE,FALSE,Not identified across model families
SCI-vetted,All ambitions,Aggregated R10 regions,headcount_pct,Deprived share,population-year-weighted mean % below the DLE threshold,69,69,6.6980224311965415,7.168360966807078,-0.4703385356105363,-7.022050768595509,High-CDR,1,1,10.724571298956079,10.724571298956079,10.724571298956079,10.724571298956079,1,0,1,0,-98.25496956054859,26.992772493273087,6,2,91.23291879195308,REMIND,WITCH,FALSE,FALSE,FALSE,Not identified across model families,Not identified across model families,2,1,9.528347600618018,9.528347600618018,18.245020147879536,18.245020147879536,2,0,1,0,10,4,High-RE,FALSE,Not identified across model families
SCI-vetted,All ambitions,Aggregated R10 regions,mortality_million_deaths,PM2.5 mortality,million cumulative PM2.5-attributable deaths,69,69,420.124325,442.17121,-22.046884999999975,-5.247704950195391,High-CDR,1,1,4.8277681047176335,4.8277681047176335,4.8277681047176335,4.8277681047176335,1,0,1,0,-8.448351995878069,15.128921698117532,6,1,20.37662664831292,IMAGE,POLES,FALSE,FALSE,FALSE,Not identified across model families,Coverage-qualified; not identified across model families,2,1,9.693540564737098,9.693540564737098,8.854903880644379,8.854903880644379,2,0,1,0,10,4,High-RE,FALSE,Coverage-qualified; not identified across model families
SCI-vetted,1.5C,Aggregated R10 regions,total_energy_jobyears_per_1k,Employment,"total energy-sector job-years per 1,000 people",6,6,458.3544650528828,601.0386573368169,142.68419228393407,31.129661247539463,High-RE,1,0,31.908716720715606,31.908716720715606,NA,NA,1,0,0,0,22.90692802213541,40.73368863364548,4,0,9.604027386106015,REMIND,POLES,TRUE,TRUE,FALSE,Not identified across model families,Not identified across model families,1,0,31.908716720715606,31.908716720715606,NA,NA,1,0,0,0,4,1,High-RE,TRUE,Not identified across model families
SCI-vetted,1.5C,Aggregated R10 regions,gap_GJ_pc,DLE gap,GJ per capita of cumulative DLE gap,6,6,29.8727376948245,25.854166825967432,4.0185708688570685,13.452301927965886,High-RE,1,0,5.753918631031564,5.753918631031564,NA,NA,1,0,0,0,7.8047794809047835,27.74186058577507,4,0,14.289558657809183,POLES,IMAGE,TRUE,TRUE,FALSE,Not identified across model families,Not identified across model families,1,0,5.753918631031564,5.753918631031564,NA,NA,1,0,0,0,4,1,High-RE,TRUE,Not identified across model families
SCI-vetted,1.5C,Aggregated R10 regions,headcount_pct,Deprived share,population-year-weighted mean % below the DLE threshold,6,6,7.731131402659751,6.820472210692021,0.9106591919677305,11.779119310459983,High-RE,1,0,0.8116750533564999,0.8116750533564999,NA,NA,1,0,0,0,5.6253979038944975,34.9619998602728,4,0,23.182880549812815,POLES,IMAGE,TRUE,TRUE,FALSE,Not identified across model families,Not identified across model families,1,0,0.8116750533564999,0.8116750533564999,NA,NA,1,0,0,0,4,1,High-RE,TRUE,Not identified across model families
SCI-vetted,1.5C,Aggregated R10 regions,mortality_million_deaths,PM2.5 mortality,million cumulative PM2.5-attributable deaths,6,6,481.9203375,428.3386425,53.581695000000025,11.118371820114362,High-RE,1,0,10.532177248829816,10.532177248829816,NA,NA,1,0,0,0,-4.9874689518543365,17.691542225747533,4,1,16.105840771968698,IMAGE,POLES,TRUE,FALSE,FALSE,Not identified across model families,Coverage-qualified; not identified across model families,1,0,10.532177248829816,10.532177248829816,NA,NA,1,0,0,0,4,1,High-RE,TRUE,Coverage-qualified; not identified across model families
SCI-vetted,2C,Aggregated R10 regions,total_energy_jobyears_per_1k,Employment,"total energy-sector job-years per 1,000 people",63,63,345.4670448919984,417.78545306114,72.3184081691416,20.933518620205913,High-RE,1,1,107.44051341865644,107.44051341865644,107.44051341865644,107.44051341865644,1,0,1,0,13.747922087182205,64.4122705329692,6,0,43.478751912763286,IMAGE,POLES,TRUE,TRUE,TRUE,Not identified across model families,Not identified across model families,1,1,79.13342510486622,79.13342510486622,79.13342510486622,79.13342510486622,1,0,1,0,6,3,High-RE,TRUE,Not identified across model families
SCI-vetted,2C,Aggregated R10 regions,gap_GJ_pc,DLE gap,GJ per capita of cumulative DLE gap,63,63,25.031319329494767,28.148905035785212,-3.117585706290445,-12.454739861102519,High-CDR,1,1,-0.4890004201976986,-0.4890004201976986,-0.4890004201976986,-0.4890004201976986,0,1,0,1,-92.58191897264541,24.218280170079307,6,2,80.12717911154289,REMIND,WITCH,TRUE,FALSE,FALSE,Not identified across model families,Not identified across model families,1,1,9.214195266472583,9.214195266472583,9.214195266472583,9.214195266472583,1,0,1,0,6,3,High-RE,FALSE,Not identified across model families
SCI-vetted,2C,Aggregated R10 regions,headcount_pct,Deprived share,population-year-weighted mean % below the DLE threshold,63,63,6.661610269550088,8.106770367740857,-1.4451600981907697,-21.693855385034002,High-CDR,1,1,11.584448537469227,11.584448537469227,11.584448537469227,11.584448537469227,1,0,1,0,-102.04549091531527,32.641157018171334,6,2,80.35163553028127,REMIND,WITCH,FALSE,FALSE,TRUE,Not identified across model families,Not identified across model families,1,1,18.245020147879536,18.245020147879536,18.245020147879536,18.245020147879536,1,0,1,0,6,3,High-RE,FALSE,Not identified across model families
SCI-vetted,2C,Aggregated R10 regions,mortality_million_deaths,PM2.5 mortality,million cumulative PM2.5-attributable deaths,63,63,419.717675,442.17121,-22.453534999999988,-5.349675826732812,High-CDR,1,1,4.233988406243592,4.233988406243592,4.233988406243592,4.233988406243592,1,0,1,0,-8.823192876020775,15.128921698117532,6,1,20.478597524850343,WITCH,POLES,FALSE,FALSE,FALSE,Not identified across model families,Coverage-qualified; not identified across model families,1,1,8.854903880644379,8.854903880644379,8.854903880644379,8.854903880644379,1,0,1,0,6,3,High-RE,FALSE,Coverage-qualified; not identified across model families
