database,ambition,Region,outcome,baseline_advantage,baseline_direction,min_advantage,max_advantage,n_specs,n_high_re,n_high_cmt,n_tie,direction_stable
Full,1.5C,Aggregated R10 regions,gap_GJ_pc,8.249743239510764,High-RE,1.254883055367098,25.6702323951113,27,27,0,0,TRUE
Full,1.5C,Aggregated R10 regions,headcount_pct,2.3903264344385384,High-RE,0.5094018742630025,4.459555027120265,27,27,0,0,TRUE
Full,1.5C,R10AFRICA,gap_GJ_pc,25.955547722844926,High-RE,3.2252648511675766,95.89705475924697,27,27,0,0,TRUE
Full,1.5C,R10AFRICA,headcount_pct,3.813584913204002,High-RE,0.8081261899368737,8.27163824590301,27,27,0,0,TRUE
Full,1.5C,R10CHINA+,gap_GJ_pc,6.839610917442464,High-RE,0.667643938485571,27.194512542018245,27,27,0,0,TRUE
Full,1.5C,R10CHINA+,headcount_pct,2.072002484990466,High-RE,0.3300621135020345,3.9637976475675725,27,27,0,0,TRUE
Full,1.5C,R10EUROPE,gap_GJ_pc,0.7072987848180194,High-RE,6.660757538758938e-4,12.190769577875516,27,27,0,0,TRUE
Full,1.5C,R10EUROPE,headcount_pct,0.2428278459503152,High-RE,4.95581988956033e-4,1.4379754292905729,27,27,0,0,TRUE
Full,1.5C,R10INDIA+,gap_GJ_pc,4.7829302669402285,High-RE,0.10142501767847434,29.817795847258303,27,27,0,0,TRUE
Full,1.5C,R10INDIA+,headcount_pct,1.406797928347689,High-RE,0.08539758528499455,4.525456087412217,27,27,0,0,TRUE
Full,1.5C,R10LATIN_AM,gap_GJ_pc,33.41127840280469,High-RE,6.431277825903161,97.99330404161933,27,27,0,0,TRUE
Full,1.5C,R10LATIN_AM,headcount_pct,7.672336670341199,High-RE,2.3470614320589767,12.611841867992617,27,27,0,0,TRUE
Full,1.5C,R10MIDDLE_EAST,gap_GJ_pc,-1.1671397724667631,High-CMT,-12.021043601877246,-0.07148870865271292,27,0,27,0,TRUE
Full,1.5C,R10MIDDLE_EAST,headcount_pct,0.3214985863594657,High-RE,-0.041431220217299725,1.276139184966227,27,23,4,0,FALSE
Full,1.5C,R10NORTH_AM,gap_GJ_pc,0.1189466953611541,High-RE,9.306763240003548e-5,4.655823870638038,27,27,0,0,TRUE
Full,1.5C,R10NORTH_AM,headcount_pct,0.025906575716402085,High-RE,3.935437862906682e-5,0.6427311363011006,27,27,0,0,TRUE
Full,1.5C,R10PAC_OECD,gap_GJ_pc,-0.16564557282712822,High-CMT,-2.0986334768447534,-4.401438930481487e-4,27,0,27,0,TRUE
Full,1.5C,R10PAC_OECD,headcount_pct,-0.13064973194902368,High-CMT,-2.041694355346391,-6.036638500779069e-4,27,0,27,0,TRUE
Full,1.5C,R10REF_ECON,gap_GJ_pc,2.150673918508865,High-RE,0.057283105516025945,28.016394039878605,27,27,0,0,TRUE
Full,1.5C,R10REF_ECON,headcount_pct,0.9186893259914171,High-RE,0.03275976531946154,4.885199152010163,27,27,0,0,TRUE
Full,1.5C,R10REST_ASIA,gap_GJ_pc,-10.027914138310809,High-CMT,-32.30061137764798,-1.02367023187109,27,0,27,0,TRUE
Full,1.5C,R10REST_ASIA,headcount_pct,0.7932456045825953,High-RE,-0.22578710295468651,2.468348772284191,27,23,4,0,FALSE
Full,2C,Aggregated R10 regions,gap_GJ_pc,5.207075108116989,High-RE,0.5876694106323785,17.08624276853628,27,27,0,0,TRUE
Full,2C,Aggregated R10 regions,headcount_pct,1.3938272800504903,High-RE,0.27705596222228335,2.834292367472937,27,27,0,0,TRUE
Full,2C,R10AFRICA,gap_GJ_pc,26.68395773311866,High-RE,3.771818573548753,89.93055555647703,27,27,0,0,TRUE
Full,2C,R10AFRICA,headcount_pct,3.2258646238730595,High-RE,0.7674804079777457,6.289913438346563,27,27,0,0,TRUE
Full,2C,R10CHINA+,gap_GJ_pc,2.1828520630341064,High-RE,0.30446049310363654,7.540969013443814,27,27,0,0,TRUE
Full,2C,R10CHINA+,headcount_pct,0.3674203774070026,High-RE,0.09902760226133045,0.637859354877488,27,27,0,0,TRUE
Full,2C,R10EUROPE,gap_GJ_pc,0.16071144369783985,High-RE,1.724617737165493e-4,2.197852487329918,27,27,0,0,TRUE
Full,2C,R10EUROPE,headcount_pct,0.03000272345112609,High-RE,-0.44458899108044747,0.15868231242905062,27,23,4,0,FALSE
Full,2C,R10INDIA+,gap_GJ_pc,3.4603178890007023,High-RE,0.0725007916307418,24.14405225180482,27,27,0,0,TRUE
Full,2C,R10INDIA+,headcount_pct,1.0394453517224627,High-RE,0.052005748753599104,3.9824820744774776,27,27,0,0,TRUE
Full,2C,R10LATIN_AM,gap_GJ_pc,16.83854626703227,High-RE,3.87553299481257,47.47306209433904,27,27,0,0,TRUE
Full,2C,R10LATIN_AM,headcount_pct,3.7487366929496773,High-RE,1.2404316616116384,6.267867157145574,27,27,0,0,TRUE
Full,2C,R10MIDDLE_EAST,gap_GJ_pc,-2.7138495437347965,High-CMT,-17.00999838526961,-0.14216609230838706,27,0,27,0,TRUE
Full,2C,R10MIDDLE_EAST,headcount_pct,-0.2969400892858408,High-CMT,-0.6660167247233675,-0.030852654153003957,27,0,27,0,TRUE
Full,2C,R10NORTH_AM,gap_GJ_pc,-0.03125476195280752,High-CMT,-1.8524962886531915,-3.459015487090826e-6,27,0,27,0,TRUE
Full,2C,R10NORTH_AM,headcount_pct,-0.016579407603665233,High-CMT,-0.520385155964949,-5.966541338563023e-6,27,0,27,0,TRUE
Full,2C,R10PAC_OECD,gap_GJ_pc,-0.27052621397903354,High-CMT,-6.956968869882456,-7.150382783423859e-4,27,0,27,0,TRUE
Full,2C,R10PAC_OECD,headcount_pct,-0.19768317488162634,High-CMT,-3.0474977991067878,-8.321592590215778e-4,27,0,27,0,TRUE
Full,2C,R10REF_ECON,gap_GJ_pc,-0.24711292859597123,High-CMT,-1.7946967348376006,-0.01486767171477732,27,0,27,0,TRUE
Full,2C,R10REF_ECON,headcount_pct,-0.08289680884289474,High-CMT,-0.2525345741791458,0.08223602647088057,27,2,25,0,FALSE
Full,2C,R10REST_ASIA,gap_GJ_pc,-9.101062851295078,High-CMT,-34.66302612806728,-1.0133141358516424,27,0,27,0,TRUE
Full,2C,R10REST_ASIA,headcount_pct,0.19951953732853678,High-RE,-0.41142933651885794,1.3294600408219175,27,17,10,0,FALSE
Full,All ambitions,Aggregated R10 regions,gap_GJ_pc,6.269259160818862,High-RE,0.8514434050589998,18.350517955015803,27,27,0,0,TRUE
Full,All ambitions,Aggregated R10 regions,headcount_pct,1.5877179421841436,High-RE,0.3744058824557276,3.166309173713003,27,27,0,0,TRUE
Full,All ambitions,R10AFRICA,gap_GJ_pc,26.830140756602077,High-RE,3.6694480567857353,90.56885873480022,27,27,0,0,TRUE
Full,All ambitions,R10AFRICA,headcount_pct,3.4562792381223364,High-RE,0.8424294245427069,6.964549925729401,27,27,0,0,TRUE
Full,All ambitions,R10CHINA+,gap_GJ_pc,2.732695502490568,High-RE,0.3465964639730317,11.211209199413616,27,27,0,0,TRUE
Full,All ambitions,R10CHINA+,headcount_pct,0.6034040902140676,High-RE,0.1421132216240948,1.1899623266723403,27,27,0,0,TRUE
Full,All ambitions,R10EUROPE,gap_GJ_pc,0.1930056384340959,High-RE,2.0032767937829324e-4,4.204336398118896,27,27,0,0,TRUE
Full,All ambitions,R10EUROPE,headcount_pct,0.05219455052084958,High-RE,1.4162577709183913e-4,0.38298607215485236,27,27,0,0,TRUE
Full,All ambitions,R10INDIA+,gap_GJ_pc,3.5697636807043693,High-RE,0.07902484595312353,26.01935281796013,27,27,0,0,TRUE
Full,All ambitions,R10INDIA+,headcount_pct,1.1621942733590402,High-RE,0.057688039503847766,4.44780000146075,27,27,0,0,TRUE
Full,All ambitions,R10LATIN_AM,gap_GJ_pc,22.095439453468913,High-RE,4.3069138721610525,62.91937060517634,27,27,0,0,TRUE
Full,All ambitions,R10LATIN_AM,headcount_pct,4.776926007783995,High-RE,1.4231783695916511,7.497759824342818,27,27,0,0,TRUE
Full,All ambitions,R10MIDDLE_EAST,gap_GJ_pc,-2.3921173947973795,High-CMT,-14.938717169783416,-0.1238385008347857,27,0,27,0,TRUE
Full,All ambitions,R10MIDDLE_EAST,headcount_pct,-0.2554402044047108,High-CMT,-0.4643749918519693,-0.027243178157688563,27,0,27,0,TRUE
Full,All ambitions,R10NORTH_AM,gap_GJ_pc,0.04568414616596478,High-RE,-0.005553574537454864,0.7204029848566273,27,26,1,0,FALSE
Full,All ambitions,R10NORTH_AM,headcount_pct,0.004449338684131665,High-RE,-0.18896540968173392,0.0416889751166889,27,18,9,0,FALSE
Full,All ambitions,R10PAC_OECD,gap_GJ_pc,-0.2663708469065326,High-CMT,-6.354406673611162,-7.057422733207851e-4,27,0,27,0,TRUE
Full,All ambitions,R10PAC_OECD,headcount_pct,-0.20435610428182763,High-CMT,-3.036674452030248,-8.314933652240632e-4,27,0,27,0,TRUE
Full,All ambitions,R10REF_ECON,gap_GJ_pc,0.08773021217422006,High-RE,-0.7297268300700139,5.164327183630419,27,15,12,0,FALSE
Full,All ambitions,R10REF_ECON,headcount_pct,0.1187578275765282,High-RE,-0.06656965883352406,0.9941316300034551,27,21,6,0,FALSE
Full,All ambitions,R10REST_ASIA,gap_GJ_pc,-9.318857784002208,High-CMT,-35.910628981523985,-1.0340778397760733,27,0,27,0,TRUE
Full,All ambitions,R10REST_ASIA,headcount_pct,0.1901687921299553,High-RE,-0.40183590865284113,1.2730508687625353,27,15,12,0,FALSE
SCI-vetted,1.5C,Aggregated R10 regions,gap_GJ_pc,4.0185708688570685,High-RE,0.6159996005363126,19.627984428223115,27,27,0,0,TRUE
SCI-vetted,1.5C,Aggregated R10 regions,headcount_pct,0.9106591919677314,High-RE,0.23301853798616978,2.6388919375817963,27,27,0,0,TRUE
SCI-vetted,1.5C,R10AFRICA,gap_GJ_pc,7.189876632347307,High-RE,1.0476187558565897,32.102134713094415,27,27,0,0,TRUE
SCI-vetted,1.5C,R10AFRICA,headcount_pct,1.4710241331709657,High-RE,0.32545855512194555,4.050412053060619,27,27,0,0,TRUE
SCI-vetted,1.5C,R10CHINA+,gap_GJ_pc,2.1938863377654485,High-RE,0.38316512777962064,5.366124882936219,27,27,0,0,TRUE
SCI-vetted,1.5C,R10CHINA+,headcount_pct,0.38741230570196983,High-RE,0.16464971547097162,0.5726771285065828,27,27,0,0,TRUE
SCI-vetted,1.5C,R10EUROPE,gap_GJ_pc,0.5624003249007081,High-RE,4.4828803230830255e-4,19.65724006959476,27,27,0,0,TRUE
SCI-vetted,1.5C,R10EUROPE,headcount_pct,0.314685004880223,High-RE,3.2937028827283925e-4,4.017733353605113,27,27,0,0,TRUE
SCI-vetted,1.5C,R10INDIA+,gap_GJ_pc,2.5120105716047076,High-RE,0.06300103983450445,12.350081165112218,27,27,0,0,TRUE
SCI-vetted,1.5C,R10INDIA+,headcount_pct,1.010263010508372,High-RE,0.04066175304781247,2.879654000106215,27,27,0,0,TRUE
SCI-vetted,1.5C,R10LATIN_AM,gap_GJ_pc,32.634605764794415,High-RE,4.8982839914162035,95.10083783560327,27,27,0,0,TRUE
SCI-vetted,1.5C,R10LATIN_AM,headcount_pct,6.869461045583908,High-RE,2.048278758196466,10.5526623627458,27,27,0,0,TRUE
SCI-vetted,1.5C,R10MIDDLE_EAST,gap_GJ_pc,-0.5634332089047054,High-CMT,-3.7726969431920594,0.06085133147788735,27,3,24,0,FALSE
SCI-vetted,1.5C,R10MIDDLE_EAST,headcount_pct,0.4018140988043668,High-RE,-0.005339303672009819,2.6479136679359616,27,26,1,0,FALSE
SCI-vetted,1.5C,R10NORTH_AM,gap_GJ_pc,0.7003962581456395,High-RE,3.6809608802247e-4,19.884332625042738,27,27,0,0,TRUE
SCI-vetted,1.5C,R10NORTH_AM,headcount_pct,0.21268029048507148,High-RE,2.6951897257000506e-4,2.374330546908766,27,27,0,0,TRUE
SCI-vetted,1.5C,R10PAC_OECD,gap_GJ_pc,0.37022627462179936,High-RE,0.0011192362531131904,7.091137742708636,27,27,0,0,TRUE
SCI-vetted,1.5C,R10PAC_OECD,headcount_pct,0.007681349338213128,High-RE,-0.6912889521927417,0.13117176745972192,27,14,13,0,FALSE
SCI-vetted,1.5C,R10REF_ECON,gap_GJ_pc,3.754933814006332,High-RE,0.1456929018903505,24.797171098260236,27,27,0,0,TRUE
SCI-vetted,1.5C,R10REF_ECON,headcount_pct,0.9063779451706351,High-RE,0.05934283434374808,2.969134393048938,27,27,0,0,TRUE
SCI-vetted,1.5C,R10REST_ASIA,gap_GJ_pc,4.049795720832645,High-RE,0.5589068605011045,14.229994158967173,27,27,0,0,TRUE
SCI-vetted,1.5C,R10REST_ASIA,headcount_pct,1.6776566172592027,High-RE,0.1616418302397813,3.9681281837061135,27,27,0,0,TRUE
SCI-vetted,2C,Aggregated R10 regions,gap_GJ_pc,-3.117585706290445,High-CMT,-18.26694496455798,-0.3470709531523912,27,0,27,0,TRUE
SCI-vetted,2C,Aggregated R10 regions,headcount_pct,-1.4451600981907697,High-CMT,-1.971918470429788,-0.06706490523053299,27,0,27,0,TRUE
SCI-vetted,2C,R10AFRICA,gap_GJ_pc,10.137014219339818,High-RE,0.48918739788097554,21.705555992442555,27,27,0,0,TRUE
SCI-vetted,2C,R10AFRICA,headcount_pct,0.2172126968219601,High-RE,-0.32268464286266063,1.5770254572842433,27,21,6,0,FALSE
SCI-vetted,2C,R10CHINA+,gap_GJ_pc,-0.5560917941717722,High-CMT,-1.871096843915474,6.636274718871682,27,7,20,0,FALSE
SCI-vetted,2C,R10CHINA+,headcount_pct,0.22487586689612282,High-RE,-0.20121596987273538,1.772807668587424,27,17,10,0,FALSE
SCI-vetted,2C,R10EUROPE,gap_GJ_pc,-0.046466669988486364,High-CMT,-0.5059562353583686,8.393032231903382,27,7,20,0,FALSE
SCI-vetted,2C,R10EUROPE,headcount_pct,-0.025255829022833437,High-CMT,-0.09601133029212211,2.100367922417133,27,12,15,0,FALSE
SCI-vetted,2C,R10INDIA+,gap_GJ_pc,1.9073029755713256,High-RE,-0.007807610298762091,19.884312751372306,27,25,2,0,FALSE
SCI-vetted,2C,R10INDIA+,headcount_pct,0.38772395240739277,High-RE,-0.08507067103586985,2.250596021652564,27,21,6,0,FALSE
SCI-vetted,2C,R10LATIN_AM,gap_GJ_pc,10.290845893993435,High-RE,0.7650002728604424,39.86696426963084,27,27,0,0,TRUE
SCI-vetted,2C,R10LATIN_AM,headcount_pct,2.4662986344786724,High-RE,0.4846073320581401,4.579843472790014,27,27,0,0,TRUE
SCI-vetted,2C,R10MIDDLE_EAST,gap_GJ_pc,-3.570883906390736,High-CMT,-18.723164698754566,-0.15731314329134372,27,0,27,0,TRUE
SCI-vetted,2C,R10MIDDLE_EAST,headcount_pct,-0.22237091283185229,High-CMT,-0.5050094879214964,1.0008142404392153,27,5,22,0,FALSE
SCI-vetted,2C,R10NORTH_AM,gap_GJ_pc,0.5517212500815816,High-RE,9.000942248110748e-5,25.712973475030648,27,27,0,0,TRUE
SCI-vetted,2C,R10NORTH_AM,headcount_pct,0.2162994092040406,High-RE,6.76385921483734e-5,4.082374844998025,27,27,0,0,TRUE
SCI-vetted,2C,R10PAC_OECD,gap_GJ_pc,-0.15955848502968492,High-CMT,-1.8663132664059736,0.5599604053827196,27,2,25,0,FALSE
SCI-vetted,2C,R10PAC_OECD,headcount_pct,-0.040253102451471456,High-CMT,-0.2682360641619109,0.233063751610036,27,2,25,0,FALSE
SCI-vetted,2C,R10REF_ECON,gap_GJ_pc,-0.9630113732023879,High-CMT,-3.0516202177230696,8.215512426228116,27,7,20,0,FALSE
SCI-vetted,2C,R10REF_ECON,headcount_pct,0.3705122607003317,High-RE,-0.21588454743346697,3.8535721749269882,27,20,7,0,FALSE
SCI-vetted,2C,R10REST_ASIA,gap_GJ_pc,-18.02006992296236,High-CMT,-72.6311592634506,-2.4796180377393,27,0,27,0,TRUE
SCI-vetted,2C,R10REST_ASIA,headcount_pct,-1.4996554285635657,High-CMT,-2.2344705400581795,-0.29327503534997135,27,0,27,0,TRUE
SCI-vetted,All ambitions,Aggregated R10 regions,gap_GJ_pc,-1.1221145068308473,High-CMT,-4.396534395544869,0.28122290141999784,27,3,24,0,FALSE
SCI-vetted,All ambitions,Aggregated R10 regions,headcount_pct,-0.4703385356105363,High-CMT,-0.8689174700740256,0.11466335203262523,27,3,24,0,FALSE
SCI-vetted,All ambitions,R10AFRICA,gap_GJ_pc,14.56282876952119,High-RE,5.4483712453969115,30.65250795167111,27,27,0,0,TRUE
SCI-vetted,All ambitions,R10AFRICA,headcount_pct,2.3482234674111986,High-RE,1.2666189224200988,3.836528039176791,27,27,0,0,TRUE
SCI-vetted,All ambitions,R10CHINA+,gap_GJ_pc,-0.3844039951601914,High-CMT,-1.5752277634095453,8.476313152743579,27,11,16,0,FALSE
SCI-vetted,All ambitions,R10CHINA+,headcount_pct,0.3515795794195897,High-RE,-0.19825716141952832,2.064900812556326,27,20,7,0,FALSE
SCI-vetted,All ambitions,R10EUROPE,gap_GJ_pc,-0.03163658790107238,High-CMT,-0.343683881510215,9.204977281911166,27,8,19,0,FALSE
SCI-vetted,All ambitions,R10EUROPE,headcount_pct,-0.012617121308639345,High-CMT,-0.07788080615955484,2.3283593678918826,27,13,14,0,FALSE
SCI-vetted,All ambitions,R10INDIA+,gap_GJ_pc,2.725826628202866,High-RE,0.025511123167806612,25.234613011234735,27,27,0,0,TRUE
SCI-vetted,All ambitions,R10INDIA+,headcount_pct,0.5536216079748506,High-RE,-0.01609565254421605,3.654738195156182,27,25,2,0,FALSE
SCI-vetted,All ambitions,R10LATIN_AM,gap_GJ_pc,11.412911073024958,High-RE,1.0671149429724256,45.73822949725246,27,27,0,0,TRUE
SCI-vetted,All ambitions,R10LATIN_AM,headcount_pct,2.940717721776668,High-RE,0.5297752269950555,5.010801435289586,27,27,0,0,TRUE
SCI-vetted,All ambitions,R10MIDDLE_EAST,gap_GJ_pc,-3.0808147909867243,High-CMT,-18.127225735672514,-0.1334911913136831,27,0,27,0,TRUE
SCI-vetted,All ambitions,R10MIDDLE_EAST,headcount_pct,-0.11118132168953232,High-CMT,-0.3234960243848375,1.207484104556749,27,7,20,0,FALSE
SCI-vetted,All ambitions,R10NORTH_AM,gap_GJ_pc,0.5455319987446859,High-RE,1.1241631368328549e-4,25.561987538622176,27,27,0,0,TRUE
SCI-vetted,All ambitions,R10NORTH_AM,headcount_pct,0.2159958270126983,High-RE,9.651556959067579e-5,3.950043014999574,27,27,0,0,TRUE
SCI-vetted,All ambitions,R10PAC_OECD,gap_GJ_pc,-0.16132885946893105,High-CMT,-1.6785002496047197,0.629182541364802,27,2,25,0,FALSE
SCI-vetted,All ambitions,R10PAC_OECD,headcount_pct,-0.061546131553504996,High-CMT,-0.3830285445599122,-4.05119960581189e-4,27,0,27,0,TRUE
SCI-vetted,All ambitions,R10REF_ECON,gap_GJ_pc,0.7469678076643191,High-RE,-0.6896939116865166,9.860562646239899,27,21,6,0,FALSE
SCI-vetted,All ambitions,R10REF_ECON,headcount_pct,0.3994595034135684,High-RE,-0.02189333593609602,4.022577873213519,27,25,2,0,FALSE
SCI-vetted,All ambitions,R10REST_ASIA,gap_GJ_pc,-17.614119288730272,High-CMT,-60.45373487151723,-2.4423692712041243,27,0,27,0,TRUE
SCI-vetted,All ambitions,R10REST_ASIA,headcount_pct,-1.2089178717953741,High-CMT,-2.016523011228835,-0.6172485558663041,27,0,27,0,TRUE
