family,Model,Scenario,project,amb,classification_state,cdr_all,cdr_cutoff,cdr_ratio_to_cutoff,cdr_percentile,renewables,re_cutoff,re_ratio_to_cutoff,re_percentile
REMIND,REMIND 2.1,CEMICS-GDPgrowth-1.5°C,CEMICS,1.5C,High-RE,332610.83935,565430.0377324205,0.5882440216368591,0.2813852813852814,4506587.78335,2704533.9788519694,1.6663084356081832,0.935064935064935
REMIND,REMIND 2.1,CEMICS-HotellingConst-1.5°C,CEMICS,1.5C,High-RE,409071.60935000004,565430.0377324205,0.7234698938007,0.43722943722943725,4910841.23325,2704533.9788519694,1.8157809336655373,0.9783549783549783
REMIND,REMIND 2.1,CEMICS-Linear-1.5°C,CEMICS,1.5C,High-RE,397164.81035000004,565430.0377324205,0.7024119410825342,0.41125541125541126,4617534.95665,2704533.9788519694,1.707331093917359,0.9567099567099567
REMIND,REMIND 2.1,CEMICS-Optimal-1.5°C,CEMICS,1.5C,High-RE,232684.78715,565430.0377324205,0.41151826330831376,0.23376623376623376,3501735.6327,2704533.9788519694,1.294764887437809,0.7662337662337663
REMIND,REMIND 2.1,CEMICS-GDPgrowth-2.0°C,CEMICS,2C,High-RE,198514.9873,550795.0699210565,0.36041533074806287,0.3177142857142857,3715806.74155,1914001.2595672116,1.9413815549892623,0.936
REMIND,REMIND 2.1,CEMICS-HotellingConst-2.0°C,CEMICS,2C,High-RE,235317.71039999998,550795.0699210565,0.4272327826640264,0.3497142857142857,3589722.9156,1914001.2595672116,1.875507081124752,0.9291428571428572
REMIND,REMIND 2.1,CEMICS-Linear-2.0°C,CEMICS,2C,High-RE,224236.50375,550795.0699210565,0.40711421723897967,0.3405714285714286,3536554.2009,1914001.2595672116,1.847728251599832,0.9245714285714286
REMIND,REMIND 2.1,CEMICS-NPI,CEMICS,2C,High-RE,30913.220100000002,550795.0699210565,0.05612472185786028,0.104,2245884.7572,1914001.2595672116,1.1733977425426736,0.7977142857142857
REMIND,REMIND 2.1,CEMICS-Optimal-2.0°C,CEMICS,2C,High-RE,189620.64599999998,550795.0699210565,0.34426714463362507,0.31085714285714283,3715496.2665,1914001.2595672116,1.9412193424262099,0.9348571428571428
REMIND,REMIND 2.1,LeastTotalCost-LTC-brkLR15-SSP1-P50,LeastTotalCost,1.5C,Low both - excluded,112073.9589,565430.0377324205,0.1982101257822404,0.12554112554112554,2191335.24255,2704533.9788519694,0.8102450402491103,0.48917748917748916
REMIND,REMIND 2.1,LeastTotalCost-LTC-brkSR15-SSP1-P50,LeastTotalCost,1.5C,Low both - excluded,118625.43625,565430.0377324205,0.20979684193243608,0.1341991341991342,2018151.9341,2704533.9788519694,0.7462106040748183,0.341991341991342
REMIND,REMIND 2.1,LeastTotalCost-CBA-brkLR15-SSP2-P50,LeastTotalCost,2C,High-RE,178480.64795,550795.0699210565,0.3240418400541984,0.2937142857142857,3215693.6299,1914001.2595672116,1.6800896100910212,0.9005714285714286
REMIND,REMIND 2.1,LeastTotalCost-CBA-brkSR15-SSP2-P50,LeastTotalCost,2C,High-RE,190269.19495,550795.0699210565,0.3454446224024311,0.31314285714285717,3035846.3488499997,1914001.2595672116,1.586125575244635,0.8662857142857143
REMIND,REMIND 2.1,LeastTotalCost-CEA-brkLR15-SSP2-P50,LeastTotalCost,2C,High-RE,149318.2529,550795.0699210565,0.2710958413651038,0.25142857142857145,3154694.5508,1914001.2595672116,1.6482196837808405,0.8868571428571429
REMIND,REMIND 2.1,LeastTotalCost-CEA-brkSR15-SSP2-P50,LeastTotalCost,2C,High-RE,155055.97955,550795.0699210565,0.28151301276575263,0.2582857142857143,3208315.9321,1914001.2595672116,1.6762350160759325,0.896
REMIND,REMIND 2.1,LeastTotalCost-LTC-brkLR15-SSP2-P50,LeastTotalCost,2C,High-RE,181515.2028,550795.0699210565,0.32955124820927667,0.29714285714285715,3222197.2279000003,1914001.2595672116,1.683487516945832,0.9028571428571428
REMIND,REMIND 2.1,LeastTotalCost-LTC-brkLR15-SSP5-P50,LeastTotalCost,2C,High-RE,543775.9697,550795.0699210565,0.9872564214816547,0.6571428571428571,3441933.48435,1914001.2595672116,1.7982921730826238,0.9177142857142857
REMIND,REMIND 2.1,LeastTotalCost-LTC-brkSR15-SSP2-P50,LeastTotalCost,2C,High-RE,168805.45185,550795.0699210565,0.30647596732155624,0.26971428571428574,3169170.3704,1914001.2595672116,1.6557828029416257,0.888
REMIND,REMIND 2.1,LeastTotalCost-LTC-brkSR15-SSP5-P50,LeastTotalCost,2C,High-RE,425845.21435,550795.0699210565,0.773146379852374,0.5382857142857143,3358700.33545,1914001.2595672116,1.7548057080220834,0.912
REMIND,REMIND 2.1,LeastTotalCost-NDC-brkLR15-SSP2-P50,LeastTotalCost,2C,High-RE,173690.89265,550795.0699210565,0.31534576494102334,0.28114285714285714,2632248.2634,1914001.2595672116,1.3752594206731068,0.8331428571428572
REMIND,REMIND 2.1,LeastTotalCost-NDC-brkSR15-SSP2-P50,LeastTotalCost,2C,High-RE,175745.03045,550795.0699210565,0.31907516978172823,0.28914285714285715,2640730.1625,1914001.2595672116,1.3796909219887945,0.8342857142857143
REMIND,REMIND 2.1,LeastTotalCost-NPi-brkLR15-SSP2-P50,LeastTotalCost,2C,High-RE,8907.7722,550795.0699210565,0.01617257068273454,0.072,1944990.2075,1914001.2595672116,1.0161906622463746,0.6914285714285714
REMIND,REMIND 2.1,LeastTotalCost-Base-brkLR15-SSP1-P50,LeastTotalCost,2C,Low both - excluded,0,550795.0699210565,0,0,1127405.0023,1914001.2595672116,0.5890304390682196,0.2057142857142857
REMIND,REMIND 2.1,LeastTotalCost-Base-brkLR15-SSP2-P50,LeastTotalCost,2C,Low both - excluded,0,550795.0699210565,0,0,1804066.36125,1914001.2595672116,0.9425627868489127,0.5897142857142857
REMIND,REMIND 2.1,LeastTotalCost-Base-brkLR15-SSP5-P50,LeastTotalCost,2C,Low both - excluded,0,550795.0699210565,0,0,1104218.9035,1914001.2595672116,0.5769164978238743,0.19885714285714284
REMIND,REMIND 2.1,LeastTotalCost-Base-brkSR15-SSP1-P50,LeastTotalCost,2C,Low both - excluded,0,550795.0699210565,0,0,1137348.33575,1914001.2595672116,0.5942254896985668,0.20914285714285713
REMIND,REMIND 2.1,LeastTotalCost-Base-brkSR15-SSP2-P50,LeastTotalCost,2C,Low both - excluded,0,550795.0699210565,0,0,1730195.7391000001,1914001.2595672116,0.9039679208420307,0.5348571428571428
REMIND,REMIND 2.1,LeastTotalCost-Base-brkSR15-SSP5-P50,LeastTotalCost,2C,Low both - excluded,0,550795.0699210565,0,0,1026725.41515,1914001.2595672116,0.5364288085067197,0.18514285714285714
REMIND,REMIND 2.1,LeastTotalCost-NPi-brkLR15-SSP1-P50,LeastTotalCost,2C,Low both - excluded,765.68085,550795.0699210565,0.001390137442787464,0.045714285714285714,1273297.8435499999,1914001.2595672116,0.6652544438961938,0.24914285714285714
REMIND,REMIND 2.1,LeastTotalCost-NPi-brkLR15-SSP5-P50,LeastTotalCost,2C,Low both - excluded,36252.99975,550795.0699210565,0.06581939768487037,0.11428571428571428,1313526.56945,1914001.2595672116,0.6862725731680087,0.2765714285714286
REMIND,REMIND 2.1,LeastTotalCost-NPi-brkSR15-SSP1-P50,LeastTotalCost,2C,Low both - excluded,827.6465999999999,550795.0699210565,0.001502639811425007,0.046857142857142854,1291119.8785,1914001.2595672116,0.6745658457883901,0.2674285714285714
REMIND,REMIND 2.1,LeastTotalCost-NPi-brkSR15-SSP2-P50,LeastTotalCost,2C,Low both - excluded,9019.3711,550795.0699210565,0.016375184878275533,0.07314285714285715,1896612.94505,1914001.2595672116,0.9909152021555391,0.6548571428571428
REMIND,REMIND 2.1,LeastTotalCost-NPi-brkSR15-SSP5-P50,LeastTotalCost,2C,Low both - excluded,35899.50105,550795.0699210565,0.0651776005459623,0.11314285714285714,1279618.2037,1914001.2595672116,0.6685566152601924,0.25485714285714284
REMIND,REMIND 2.1,R2p1-SSP5-900,R2p1,1.5C,High both - excluded,722832.69175,565430.0377324205,1.2783768875258577,0.8051948051948052,4310529.6125,2704533.9788519694,1.5938160312298053,0.8917748917748918
REMIND,REMIND 2.1,R2p1-SSP2-900,R2p1,1.5C,High-RE,183518.10515,565430.0377324205,0.3245637707645921,0.19913419913419914,3956658.91655,2704533.9788519694,1.4629725296442893,0.8181818181818182
REMIND,REMIND 2.1,R2p1-SSP5-1100,R2p1,1.5C,High-RE,362498.7528,565430.0377324205,0.641102751197569,0.30735930735930733,4113868.6484000003,2704533.9788519694,1.5211007443678968,0.8528138528138528
REMIND,REMIND 2.1,R2p1-SSP1-1100,R2p1,1.5C,Low both - excluded,94649.87015,565430.0377324205,0.1673944853187855,0.1038961038961039,2478423.16905,2704533.9788519694,0.9163956483556737,0.5930735930735931
REMIND,REMIND 2.1,R2p1-SSP1-1300,R2p1,1.5C,Low both - excluded,99110.1373,565430.0377324205,0.17528275946829355,0.11255411255411256,2290405.51545,2704533.9788519694,0.8468762209533192,0.5541125541125541
REMIND,REMIND 2.1,R2p1-SSP1-900,R2p1,1.5C,Low both - excluded,92155.3838,565430.0377324205,0.16298282307317188,0.09956709956709957,2695519.49935,2704533.9788519694,0.9966669009994115,0.658008658008658
REMIND,REMIND 2.1,R2p1-SSP1-NDC,R2p1,2C,High-RE,66631.3635,550795.0699210565,0.12097305720174664,0.15885714285714286,2016613.81545,1914001.2595672116,1.0536115404155957,0.7382857142857143
REMIND,REMIND 2.1,R2p1-SSP2-1100,R2p1,2C,High-RE,137726.98505,550795.0699210565,0.2500512306142099,0.23085714285714284,3759205.5424,1914001.2595672116,1.964055939675829,0.9394285714285714
REMIND,REMIND 2.1,R2p1-SSP2-1300,R2p1,2C,High-RE,139288.0834,550795.0699210565,0.2528854940912301,0.232,3544145.93785,1914001.2595672116,1.8516946737283715,0.9257142857142857
REMIND,REMIND 2.1,R2p1-SSP2-Baseline,R2p1,2C,High-RE,0,550795.0699210565,0,0,2179235.47675,1914001.2595672116,1.1385757798522882,0.7874285714285715
REMIND,REMIND 2.1,R2p1-SSP2-NDC,R2p1,2C,High-RE,171055.5994,550795.0699210565,0.3105612390911865,0.272,3080034.2624,1914001.2595672116,1.609212244247137,0.8697142857142857
REMIND,REMIND 2.1,R2p1-SSP2-NPi,R2p1,2C,High-RE,1336.1571000000001,550795.0699210565,0.002425869752595111,0.056,2292005.33505,1914001.2595672116,1.1974941623435824,0.8011428571428572
REMIND,REMIND 2.1,R2p1-SSP5-1300,R2p1,2C,High-RE,344013.34755,550795.0699210565,0.6245759381965895,0.4377142857142857,4004876.7384,1914001.2595672116,2.0924107120522852,0.9668571428571429
REMIND,REMIND 2.1,R2p1-SSP5-NDC,R2p1,2C,High-RE,481871.716,550795.0699210565,0.8748657028993831,0.5977142857142858,2764356.51225,1914001.2595672116,1.4442814488403568,0.8422857142857143
REMIND,REMIND 2.1,R2p1-SSP1-Baseline,R2p1,2C,Low both - excluded,0,550795.0699210565,0,0,1401060.5588,1914001.2595672116,0.7320060798271385,0.31314285714285717
REMIND,REMIND 2.1,R2p1-SSP1-NPi,R2p1,2C,Low both - excluded,94.8535,550795.0699210565,1.722119626335708e-4,0.036571428571428574,1521475.7529499999,1914001.2595672116,0.7949188880335594,0.38171428571428573
REMIND,REMIND 2.1,R2p1-SSP5-Baseline,R2p1,2C,Low both - excluded,0,550795.0699210565,0,0,1405322.30975,1914001.2595672116,0.7342326985029087,0.31657142857142856
REMIND,REMIND 2.1,R2p1-SSP5-NPi,R2p1,2C,Low both - excluded,4366.94345,550795.0699210565,0.00792843598005679,0.061714285714285715,1632528.34015,1914001.2595672116,0.8529400552845732,0.4582857142857143
REMIND,REMIND 2.1,TechCost-SSP2-1100-bioH,TechCost,2C,High-RE,149160.00460000001,550795.0699210565,0.2708085325116991,0.2502857142857143,3957348.46335,1914001.2595672116,2.0675788187541864,0.9565714285714285
REMIND,REMIND 2.1,TechCost-SSP2-1100-ccsH,TechCost,2C,High-RE,259032.45475,550795.0699210565,0.47028825945578306,0.3668571428571429,3748868.4753,1914001.2595672116,1.9586551767200422,0.9371428571428572
REMIND,REMIND 2.1,TechCost-SSP2-1100-coalH,TechCost,2C,High-RE,157208.36375,550795.0699210565,0.2854207895733927,0.264,4046472.0944499997,1914001.2595672116,2.1141428586964337,0.9748571428571429
REMIND,REMIND 2.1,TechCost-SSP2-1100-elh2H,TechCost,2C,High-RE,164056.07145,550795.0699210565,0.29785319515208,0.2674285714285714,4183573.3316,1914001.2595672116,2.185773551970377,0.9885714285714285
REMIND,REMIND 2.1,TechCost-SSP2-1100-gasH,TechCost,2C,High-RE,161076.62025,550795.0699210565,0.2924438308300155,0.2662857142857143,4014388.80325,1914001.2595672116,2.097380439633421,0.968
REMIND,REMIND 2.1,TechCost-SSP2-1100-nucH,TechCost,2C,High-RE,155216.30604999998,550795.0699210565,0.2818040947103005,0.25942857142857145,3698983.33165,1914001.2595672116,1.9325919004287402,0.9337142857142857
REMIND,REMIND 2.1,TechCost-SSP2-1100-oilH,TechCost,2C,High-RE,155564.5842,550795.0699210565,0.28243641364164085,0.26057142857142856,3998088.9313,1914001.2595672116,2.0888643156922666,0.9657142857142857
REMIND,REMIND 2.1,TechCost-SSP2-1100-spvH,TechCost,2C,High-RE,147672.2928,550795.0699210565,0.268107506519921,0.24685714285714286,4349950.5743,1914001.2595672116,2.272699953856665,0.9954285714285714
REMIND,REMIND 2.1,TechCost-SSP2-1100-windH,TechCost,2C,High-RE,139922.5894,550795.0699210565,0.254037476079905,0.2342857142857143,4611507.60265,1914001.2595672116,2.409354528686538,0.9977142857142857
REMIND,REMIND 3.0,ENGAGE-Feasibility-Maximum-Effort/Cost-Effective,ENGAGE,1.5C,High-RE,28205.7485686,565430.0377324205,0.04988371095691216,0.025974025974025976,4261815.9403137,2704533.9788519694,1.5758041768522246,0.8874458874458875
REMIND,REMIND 3.0,ENGAGE-Feasibility-Maximum-Effort/Technology,ENGAGE,1.5C,High-RE,22085.1166922,565430.0377324205,0.03905897320342112,0.021645021645021644,4406256.3550693495,2704533.9788519694,1.6292109433728519,0.9177489177489178
REMIND,REMIND 3.0,ENGAGE-Feasibility-Maximum-Effort/Enablers & Institutional,ENGAGE,1.5C,Low both - excluded,17581.7757044,565430.0377324205,0.031094520154799868,0.012987012987012988,2012518.37459095,2704533.9788519694,0.7441275984431267,0.3333333333333333
REMIND,REMIND 3.0,ENGAGE-Feasibility-Maximum-Effort/Enablers & Institutional [Optimistic],ENGAGE,1.5C,Low both - excluded,19192.8403177,565430.0377324205,0.03394379328461263,0.017316017316017316,2073441.3192293,2704533.9788519694,0.7666538248151136,0.3852813852813853
REMIND,REMIND 3.0,ENGAGE-Feasibility-Maximum-Effort/Technology & Enablers & Institutional,ENGAGE,1.5C,Low both - excluded,15048.4875457,565430.0377324205,0.02661423437292064,0.004329004329004329,2204390.5884111,2704533.9788519694,0.815072247436443,0.5151515151515151
REMIND,REMIND 3.0,ENGAGE-Feasibility-Maximum-Effort/Technology & Enablers & Institutional [Optimistic],ENGAGE,1.5C,Low both - excluded,16234.55965775,565430.0377324205,0.028711880470405272,0.008658008658008658,2197017.47767935,2704533.9788519694,0.8123460436655147,0.5021645021645021
REMIND,REMIND 3.0,ENGAGE-Feasibility-1000/Cost-Effective,ENGAGE,2C,High-RE,51588.2398742,550795.0699210565,0.09366140456121722,0.13028571428571428,3992170.56945975,1914001.2595672116,2.0857721746549154,0.9634285714285714
REMIND,REMIND 3.0,ENGAGE-Feasibility-1000/Enablers & Institutional,ENGAGE,2C,High-RE,21227.29445185,550795.0699210565,0.0385393690159435,0.09028571428571429,2054324.9083624,1914001.2595672116,1.0733142928165669,0.7542857142857143
REMIND,REMIND 3.0,ENGAGE-Feasibility-1000/Institutional,ENGAGE,2C,High-RE,34321.630988849996,550795.0699210565,0.06231288706663477,0.11085714285714286,3980198.649973,1914001.2595672116,2.0795172574092198,0.9588571428571429
REMIND,REMIND 3.0,ENGAGE-Feasibility-1000/Technology,ENGAGE,2C,High-RE,32972.674677,550795.0699210565,0.059863779611763514,0.10628571428571429,4156929.69768705,1914001.2595672116,2.171853167237206,0.984
REMIND,REMIND 3.0,ENGAGE-Feasibility-1000/Technology & Enablers & Institutional,ENGAGE,2C,High-RE,19803.94944745,550795.0699210565,0.035955204628626086,0.08457142857142858,2165859.7216132,1914001.2595672116,1.1315874066367844,0.7851428571428571
REMIND,REMIND 3.0,ENGAGE-Feasibility-1000/Technology & Institutional,ENGAGE,2C,High-RE,23061.03983755,550795.0699210565,0.04186863880400247,0.09485714285714286,4077126.83484895,1914001.2595672116,2.1301589089710724,0.9771428571428571
REMIND,REMIND 3.0,ENGAGE-Feasibility-Maximum-Effort/Enablers & Institutional [Pessimistic],ENGAGE,2C,High-RE,21610.82170745,550795.0699210565,0.03923568471763446,0.09142857142857143,1969648.70213995,1914001.2595672116,1.029073879807854,0.7108571428571429
REMIND,REMIND 3.0,ENGAGE-Feasibility-Maximum-Effort/Institutional,ENGAGE,2C,High-RE,24547.6684274,550795.0699210565,0.04456769816570495,0.10057142857142858,3966883.91027095,1914001.2595672116,2.072560762665292,0.9577142857142857
REMIND,REMIND 3.0,ENGAGE-Feasibility-Maximum-Effort/Institutional [Optimistic],ENGAGE,2C,High-RE,23462.58666565,550795.0699210565,0.04259767007176155,0.09714285714285714,3993678.98605625,1914001.2595672116,2.086560270581687,0.9645714285714285
REMIND,REMIND 3.0,ENGAGE-Feasibility-Maximum-Effort/Institutional [Pessimistic],ENGAGE,2C,High-RE,22603.64075995,550795.0699210565,0.04103820457795619,0.09257142857142857,3983835.80467205,1914001.2595672116,2.0814175459700914,0.96
REMIND,REMIND 3.0,ENGAGE-Feasibility-Maximum-Effort/Technology & Enablers & Institutional [Pessimistic],ENGAGE,2C,High-RE,12993.77017115,550795.0699210565,0.023590934052863527,0.07542857142857143,2057754.55293045,1914001.2595672116,1.0751061644524431,0.7565714285714286
REMIND,REMIND 3.0,ENGAGE-Feasibility-Maximum-Effort/Technology & Institutional,ENGAGE,2C,High-RE,18039.13965925,550795.0699210565,0.03275109136658664,0.08342857142857144,4170242.35033025,1914001.2595672116,2.178808571564479,0.9874285714285714
REMIND,REMIND 3.0,ENGAGE-Feasibility-Maximum-Effort/Technology & Institutional [Optimistic],ENGAGE,2C,High-RE,16967.31375425,550795.0699210565,0.030805130039892815,0.08,4152446.4340806,1914001.2595672116,2.1695108157972367,0.9817142857142858
REMIND,REMIND 3.0,ENGAGE-Feasibility-Maximum-Effort/Technology & Institutional [Pessimistic],ENGAGE,2C,High-RE,7533.56272135,550795.0699210565,0.013677614656989865,0.07085714285714285,4058484.5269602,1914001.2595672116,2.1204189426071185,0.976
REMIND,REMIND 3.0,NAVIGATE Demand-1.5°C-act_u,NAVIGATE,1.5C,High both - excluded,923519.12622745,565430.0377324205,1.633303971488845,0.8744588744588745,2759949.0261945,2704533.9788519694,1.020489684276791,0.6883116883116883
REMIND,REMIND 3.0,NAVIGATE Demand-1.5°C-ele_u,NAVIGATE,1.5C,High both - excluded,711417.4430887,565430.0377324205,1.2581882737283323,0.7792207792207793,2933947.4904765002,2704533.9788519694,1.0848255238863418,0.7056277056277056
REMIND,REMIND 3.0,NAVIGATE Demand-1.5°C-ref,NAVIGATE,1.5C,High both - excluded,982770.8143446,565430.0377324205,1.7380944568949102,0.9004329004329005,3229958.74489325,2704533.9788519694,1.194275527743347,0.7316017316017316
REMIND,REMIND 3.0,NAVIGATE Demand-1.5°C-tec_u,NAVIGATE,1.5C,High both - excluded,908532.6880438,565430.0377324205,1.6067994754706445,0.8658008658008658,2713943.07644685,2704533.9788519694,1.0034790088305248,0.6796536796536796
REMIND,REMIND 3.0,NAVIGATE Demand-1.5°C-all_u,NAVIGATE,1.5C,High-CDR,670689.67714215,565430.0377324205,1.1861585561174974,0.70995670995671,2201562.27508765,2704533.9788519694,0.8140264800896224,0.5108225108225108
REMIND,REMIND 3.0,NAVIGATE Demand-2.0°C-ref,NAVIGATE,2C,High both - excluded,579167.61483675,550795.0699210565,1.0515119805261874,0.7222857142857143,3042790.46845805,1914001.2595672116,1.5897536395279472,0.8674285714285714
REMIND,REMIND 3.0,NAVIGATE Demand-2.0°C-act_u,NAVIGATE,2C,High-RE,537471.2100091,550795.0699210565,0.9758097691145526,0.6457142857142857,2568833.99309515,1914001.2595672116,1.3421276398093946,0.8285714285714286
REMIND,REMIND 3.0,NAVIGATE Demand-2.0°C-all_u,NAVIGATE,2C,High-RE,357998.91795040003,550795.0699210565,0.6499675423778044,0.456,2120410.0378795,1914001.2595672116,1.1078415059972118,0.7782857142857142
REMIND,REMIND 3.0,NAVIGATE Demand-2.0°C-ele_u,NAVIGATE,2C,High-RE,389535.9559031,550795.0699210565,0.7072248412806796,0.49714285714285716,2831991.32469335,1914001.2595672116,1.4796183181894622,0.8537142857142858
REMIND,REMIND 3.0,NAVIGATE Demand-2.0°C-tec_u,NAVIGATE,2C,High-RE,541595.00657905,550795.0699210565,0.9832967580059765,0.6514285714285715,2519463.2892285,1914001.2595672116,1.3163331406574903,0.8251428571428572
REMIND,REMIND 3.0,NAVIGATE Demand-NPi-act,NAVIGATE,2C,High-RE,85325.1173523,550795.0699210565,0.15491263813332487,0.19085714285714286,1956865.89781265,1914001.2595672116,1.02239530304966,0.6994285714285714
REMIND,REMIND 3.0,NAVIGATE Demand-NPi-ele,NAVIGATE,2C,High-RE,73755.3308959,550795.0699210565,0.1339070280830057,0.18514285714285714,2467886.45486775,1914001.2595672116,1.2893860140017783,0.8194285714285714
REMIND,REMIND 3.0,NAVIGATE Demand-NPi-ref,NAVIGATE,2C,High-RE,126033.04503015001,550795.0699210565,0.22882021265770203,0.21942857142857142,2296423.90940395,1914001.2595672116,1.199802715868228,0.8034285714285714
REMIND,REMIND 3.0,NAVIGATE Demand-NPi-all,NAVIGATE,2C,Low both - excluded,82117.28715205,550795.0699210565,0.14908863865433578,0.18857142857142858,1852638.58116535,1914001.2595672116,0.9679401055275498,0.6228571428571429
REMIND,REMIND 3.0,NAVIGATE Demand-NPi-tec,NAVIGATE,2C,Low both - excluded,84054.7513064,550795.0699210565,0.15260621580808134,0.18971428571428572,1888488.5930791,1914001.2595672116,0.9866705069494675,0.6502857142857142
REMIND,REMIND 3.5,Rescuing-1.5°C-Highest-Possible-Ambition,Rescuing,2C,High both - excluded,920235.1889678999,550795.0699210565,1.6707396983415155,0.9634285714285714,6241631.492633699,1914001.2595672116,3.2610383412417603,1
REMIND,REMIND-Buildings 2.0,BEG-600,BEG,1.5C,High-RE,148287.51919999998,565430.0377324205,0.2622561754849224,0.16017316017316016,4154625.69655,2704533.9788519694,1.5361706412405922,0.8658008658008658
REMIND,REMIND-Buildings 2.0,BEG-600-Efficiency,BEG,1.5C,High-RE,140415.7673,565430.0377324205,0.24833446744909088,0.14285714285714285,3713858.9228000003,2704533.9788519694,1.3731973611130126,0.7835497835497836
REMIND,REMIND-Buildings 2.0,BEG-Baseline,BEG,2C,Low both - excluded,0,550795.0699210565,0,0,1890047.7282,1914001.2595672116,0.9874851015653836,0.6514285714285715
REMIND,REMIND-Buildings 2.0,BEG-Efficiency,BEG,2C,Low both - excluded,0,550795.0699210565,0,0,1554698.9767,1914001.2595672116,0.8122768827495672,0.4034285714285714
REMIND,REMIND-MAgPIE 1.7-3.0,CD-LINKS-INDC2030i_1000,CD,1.5C,High-RE,347923.49935,565430.0377324205,0.6153254622716886,0.2943722943722944,4117866.7538,2704533.9788519694,1.5225790417127492,0.8571428571428571
REMIND,REMIND-MAgPIE 1.7-3.0,CD-LINKS-INDC2030i_400,CD,1.5C,High-RE,414258.0881,565430.0377324205,0.7326425206579494,0.4458874458874459,4473398.0807,2704533.9788519694,1.654036560708653,0.922077922077922
REMIND,REMIND-MAgPIE 1.7-3.0,CD-LINKS-NPi2020_1000,CD,1.5C,High-RE,349442.97524999996,565430.0377324205,0.6180127547722668,0.2987012987012987,4357545.6745,2704533.9788519694,1.6112001951440473,0.9090909090909091
REMIND,REMIND-MAgPIE 1.7-3.0,CD-LINKS-NPi2020_400,CD,1.5C,High-RE,389362.29465,565430.0377324205,0.6886126817943454,0.38961038961038963,4020658.8722,2704533.9788519694,1.4866364792010136,0.8354978354978355
REMIND,REMIND-MAgPIE 1.7-3.0,CD-LINKS-INDC2030i_1600,CD,2C,High-RE,411190.7973,550795.0699210565,0.7465404462660395,0.5154285714285715,4021641.0231,1914001.2595672116,2.101169475724045,0.9691428571428572
REMIND,REMIND-MAgPIE 1.7-3.0,CD-LINKS-INDCi,CD,2C,High-RE,178813.41885000002,550795.0699210565,0.3246460046848798,0.2948571428571429,3053412.4813,1914001.2595672116,1.595303276859091,0.8685714285714285
REMIND,REMIND-MAgPIE 1.7-3.0,CD-LINKS-NPi,CD,2C,High-RE,17091.31915,550795.0699210565,0.03103026893913491,0.08114285714285714,2799267.7638,1914001.2595672116,1.4625213801755605,0.8514285714285714
REMIND,REMIND-MAgPIE 1.7-3.0,CD-LINKS-NPi2020_1600,CD,2C,High-RE,423204.30370000005,550795.0699210565,0.7683516552910621,0.5337142857142857,3898987.9889,1914001.2595672116,2.037087472858627,0.9497142857142857
REMIND,REMIND-MAgPIE 1.7-3.0,CD-LINKS-No-Policy,CD,2C,High-RE,1783.4374,550795.0699210565,0.003237932758286333,0.05828571428571429,2773994.7304499997,1914001.2595672116,1.449317087219288,0.8434285714285714
REMIND,REMIND-MAgPIE 1.7-3.0,COMMIT-2°C-2020,COMMIT,1.5C,High-RE,374744.20175,565430.0377324205,0.6627596284995049,0.36363636363636365,4046357.45175,2704533.9788519694,1.4961385153192317,0.8398268398268398
REMIND,REMIND-MAgPIE 1.7-3.0,COMMIT-2°C-2030,COMMIT,1.5C,High-RE,372201.62075,565430.0377324205,0.6582629077200488,0.33766233766233766,3998001.5601500003,2704533.9788519694,1.478258950123114,0.8268398268398268
REMIND,REMIND-MAgPIE 1.7-3.0,COMMIT-Bridge,COMMIT,1.5C,High-RE,458071.03995,565430.0377324205,0.8101285913055327,0.5151515151515151,3912653.6779,2704533.9788519694,1.446701616062098,0.8051948051948052
REMIND,REMIND-MAgPIE 1.7-3.0,COMMIT-Baseline,COMMIT,2C,High-RE,1812.72515,550795.0699210565,0.003291106346067715,0.05942857142857143,2668248.0555000002,1914001.2595672116,1.394068077104263,0.8365714285714285
REMIND,REMIND-MAgPIE 1.7-3.0,COMMIT-Current-Policies,COMMIT,2C,High-RE,33726.54985,550795.0699210565,0.06123248317170651,0.10857142857142857,2713307.73595,1914001.2595672116,1.417610214406821,0.84
REMIND,REMIND-MAgPIE 1.7-3.0,COMMIT-GPP,COMMIT,2C,High-RE,298394.55734999996,550795.0699210565,0.5417524114599788,0.38742857142857146,3196029.4457,1914001.2595672116,1.6698157484090042,0.8925714285714286
REMIND,REMIND-MAgPIE 1.7-3.0,COMMIT-NDCplus,COMMIT,2C,High-RE,173482.4962,550795.0699210565,0.31496740924871497,0.27885714285714286,2939314.8778999997,1914001.2595672116,1.5356911931001702,0.8571428571428571
REMIND,REMIND-MAgPIE 1.7-3.0,PEP-1.5°C-Full-CDR-Cost-Effective,PEP,1.5C,High-RE,428976.51385,565430.0377324205,0.7586730191596318,0.4588744588744589,4164148.8510000003,2704533.9788519694,1.5396918225326248,0.8701298701298701
REMIND,REMIND-MAgPIE 1.7-3.0,PEP-1.5°C-Full-CDR-Good-Practice,PEP,1.5C,High-RE,438670.57054999995,565430.0377324205,0.7758175924102441,0.47619047619047616,4319151.67935,2704533.9788519694,1.5970040358610726,0.8961038961038961
REMIND,REMIND-MAgPIE 1.7-3.0,PEP-1.5°C-Full-CDR-NDC,PEP,1.5C,High-RE,474436.051,565430.0377324205,0.839071183594456,0.5324675324675324,4405532.8742,2704533.9788519694,1.6289434367062667,0.9134199134199135
REMIND,REMIND-MAgPIE 1.7-3.0,PEP-1.5°C-Full-CDR-NetZero,PEP,1.5C,High-RE,457963.3029,565430.0377324205,0.8099380512867674,0.5108225108225108,4206918.0055,2704533.9788519694,1.55550569465789,0.8744588744588745
REMIND,REMIND-MAgPIE 1.7-3.0,PEP-1.5°C-Reduced-CDR-Cost-Effective,PEP,1.5C,High-RE,261094.37370000003,565430.0377324205,0.4617624750660279,0.2510822510822511,5041833.87775,2704533.9788519694,1.8642153942876978,0.9913419913419913
REMIND,REMIND-MAgPIE 1.7-3.0,PEP-2°C-Full-CDR-Cost-Effective,PEP,1.5C,High-RE,374744.20175,565430.0377324205,0.6627596284995049,0.36363636363636365,4046357.45175,2704533.9788519694,1.4961385153192317,0.8398268398268398
REMIND,REMIND-MAgPIE 1.7-3.0,PEP-2°C-Full-CDR-Good-Practice,PEP,1.5C,High-RE,378934.99725,565430.0377324205,0.6701713244129491,0.37662337662337664,3890105.2621999998,2704533.9788519694,1.4383643513516833,0.8008658008658008
REMIND,REMIND-MAgPIE 1.7-3.0,PEP-2°C-Full-CDR-NDC,PEP,1.5C,High-RE,372201.62075,565430.0377324205,0.6582629077200488,0.33766233766233766,3998001.5601500003,2704533.9788519694,1.478258950123114,0.8268398268398268
REMIND,REMIND-MAgPIE 1.7-3.0,PEP-2°C-Full-CDR-NetZero,PEP,1.5C,High-RE,407013.7187,565430.0377324205,0.7198303796032355,0.4329004329004329,3862874.5537,2704533.9788519694,1.4282958113692206,0.7922077922077922
REMIND,REMIND-MAgPIE 1.7-3.0,PEP-2°C-Reduced-CDR-Cost-Effective,PEP,1.5C,High-RE,259219.61500000002,565430.0377324205,0.45844684169869127,0.24675324675324675,4557615.72095,2704533.9788519694,1.6851759883914026,0.948051948051948
REMIND,REMIND-MAgPIE 1.7-3.0,PEP-2°C-Reduced-CDR-Good-Practice,PEP,1.5C,High-RE,229449.37810000003,565430.0377324205,0.405796230812525,0.22943722943722944,4575827.82655,2704533.9788519694,1.6919099047490485,0.9523809523809523
REMIND,REMIND-MAgPIE 1.7-3.0,PEP-2°C-Reduced-CDR-NDC,PEP,1.5C,High-RE,240876.7101,565430.0377324205,0.4260062147847733,0.23809523809523808,4706719.80375,2704533.9788519694,1.7403071436905835,0.961038961038961
REMIND,REMIND-MAgPIE 1.7-3.0,PEP-2°C-Reduced-CDR-NetZero,PEP,1.5C,High-RE,246226.14605,565430.0377324205,0.4354670421073775,0.24242424242424243,4492568.42415,2704533.9788519694,1.6611247850016004,0.9264069264069265
REMIND,REMIND-MAgPIE 1.7-3.0,PEP-Good-Practice,PEP,2C,High-RE,295743.71065,550795.0699210565,0.5369396474307366,0.3851428571428571,2991434.8085499997,1914001.2595672116,1.5629220689365764,0.864
REMIND,REMIND-MAgPIE 1.7-3.0,PEP-NDC,PEP,2C,High-RE,173482.4962,550795.0699210565,0.31496740924871497,0.27885714285714286,2939314.8778999997,1914001.2595672116,1.5356911931001702,0.8571428571428571
REMIND,REMIND-MAgPIE 1.7-3.0,PEP-NPi,PEP,2C,High-RE,33726.54985,550795.0699210565,0.06123248317170651,0.10857142857142857,2713307.73595,1914001.2595672116,1.417610214406821,0.84
REMIND,REMIND-MAgPIE 1.7-3.0,PEP-NetZero,PEP,2C,High-RE,349582.3202,550795.0699210565,0.6346867270436978,0.44457142857142856,3134777.8313,1914001.2595672116,1.6378138810675742,0.8845714285714286
REMIND,REMIND-MAgPIE 1.7-3.0,PEP-NoPolicy,PEP,2C,High-RE,1812.72515,550795.0699210565,0.003291106346067715,0.05942857142857143,2668248.0555000002,1914001.2595672116,1.394068077104263,0.8365714285714285
REMIND,REMIND-MAgPIE 2.0-4.1,Diff-1300Gt-hybrid-def,Diff,2C,High-RE,153553.90975000002,550795.0699210565,0.27878591900252186,0.256,3498942.58575,1914001.2595672116,1.8280774729172178,0.9222857142857143
REMIND,REMIND-MAgPIE 2.0-4.1,Diff-1300Gt-no-transfer-def,Diff,2C,High-RE,154734.24409999998,550795.0699210565,0.2809288836266771,0.2571428571428571,3420091.6899,1914001.2595672116,1.7868805847459794,0.9165714285714286
REMIND,REMIND-MAgPIE 2.0-4.1,Diff-1300Gt-uniform-pricing-def,Diff,2C,High-RE,151135.54015000002,550795.0699210565,0.27439523046504705,0.2537142857142857,3510492.4621,1914001.2595672116,1.8341118871017787,0.9234285714285714
REMIND,REMIND-MAgPIE 2.0-4.1,Diff-NoPolicy-Baseline,Diff,2C,High-RE,0,550795.0699210565,0,0,2161290.48285,1914001.2595672116,1.1292001361267152,0.784
REMIND,REMIND-MAgPIE 2.1-4.2,CEMICS-SSP1-1.5°C-minCDR,CEMICS,1.5C,High-RE,105598.8573,565430.0377324205,0.18675848514077836,0.12121212121212122,3223243.08855,2704533.9788519694,1.191792417382833,0.7272727272727273
REMIND,REMIND-MAgPIE 2.1-4.2,CEMICS-SSP2-1.5°C-fullCDR,CEMICS,1.5C,High-RE,363328.8587,565430.0377324205,0.6425708477693907,0.31601731601731603,3887437.54335,2704533.9788519694,1.4373779637259925,0.7965367965367965
REMIND,REMIND-MAgPIE 2.1-4.2,CEMICS-SSP2-1.5°C-minCDR,CEMICS,1.5C,High-RE,115381.2259,565430.0377324205,0.20405924376200557,0.12987012987012986,4861012.2273,2704533.9788519694,1.7973566852221323,0.974025974025974
REMIND,REMIND-MAgPIE 2.1-4.2,CEMICS-SSP1-1.5°C-fullCDR,CEMICS,1.5C,Low both - excluded,227649.08039999998,565430.0377324205,0.4026122865933252,0.22510822510822512,2676698.1991,2704533.9788519694,0.98970773524399,0.6493506493506493
REMIND,REMIND-MAgPIE 2.1-4.2,CEMICS-SSP2-2.0°C-fullCDR,CEMICS,2C,High-RE,220167.2727,550795.0699210565,0.3997262951746387,0.3382857142857143,3654625.2525,1914001.2595672116,1.9094163257376189,0.9325714285714286
REMIND,REMIND-MAgPIE 2.1-4.2,CEMICS-SSP2-2.0°C-minCDR,CEMICS,2C,High-RE,128786.37425000001,550795.0699210565,0.2338190395721198,0.22171428571428572,4329730.7657,1914001.2595672116,2.2621357974858523,0.9942857142857143
REMIND,REMIND-MAgPIE 2.1-4.2,CEMICS-SSP2-Npi,CEMICS,2C,High-RE,13946.093550000001,550795.0699210565,0.025319931698006747,0.07657142857142857,2245729.3091,1914001.2595672116,1.1733165262429335,0.7965714285714286
REMIND,REMIND-MAgPIE 2.1-4.2,CEMICS-SSP1-Npi,CEMICS,2C,Low both - excluded,6596.69175,550795.0699210565,0.011976671742805324,0.06857142857142857,1416082.1746,1914001.2595672116,0.7398543587793669,0.32685714285714285
REMIND,REMIND-MAgPIE 2.1-4.2,ENGAGE-INDCi2030-300f,ENGAGE,1.5C,High-RE,214267.4742,565430.0377324205,0.37894604089179673,0.22077922077922077,5182761.06875,2704533.9788519694,1.9163231481935374,1
REMIND,REMIND-MAgPIE 2.1-4.2,ENGAGE-INDCi2030-400f,ENGAGE,1.5C,High-RE,206969.75535,565430.0377324205,0.36603954784578435,0.21212121212121213,4995201.4422,2704533.9788519694,1.8469730760492726,0.987012987012987
REMIND,REMIND-MAgPIE 2.1-4.2,ENGAGE-INDCi2030-500f,ENGAGE,1.5C,High-RE,201390.02775,565430.0377324205,0.35617143467942924,0.2077922077922078,4759294.25585,2704533.9788519694,1.7597465193875077,0.9696969696969697
REMIND,REMIND-MAgPIE 2.1-4.2,ENGAGE-INDCi2030-600-COV,ENGAGE,1.5C,High-RE,76435.4962,565430.0377324205,0.1351811737956725,0.0735930735930736,3270959.9096,2704533.9788519694,1.2094356865830427,0.7402597402597403
REMIND,REMIND-MAgPIE 2.1-4.2,ENGAGE-INDCi2030-600-COV-NDCp,ENGAGE,1.5C,High-RE,74337.93065,565430.0377324205,0.13147149194287955,0.05194805194805195,3276397.3707,2704533.9788519694,1.2114461849323028,0.7445887445887446
REMIND,REMIND-MAgPIE 2.1-4.2,ENGAGE-INDCi2030-600f,ENGAGE,1.5C,High-RE,180254.83135,565430.0377324205,0.31879245763611574,0.19480519480519481,4546508.51535,2704533.9788519694,1.6810691050292956,0.9393939393939394
REMIND,REMIND-MAgPIE 2.1-4.2,ENGAGE-INDCi2030-600f-COV,ENGAGE,1.5C,High-RE,67721.9212,565430.0377324205,0.119770646553532,0.03896103896103896,3591838.40465,2704533.9788519694,1.3280803394360299,0.7748917748917749
REMIND,REMIND-MAgPIE 2.1-4.2,ENGAGE-INDCi2030-600f-COV-NDCp,ENGAGE,1.5C,High-RE,68691.99914999999,565430.0377324205,0.12148629284973932,0.04329004329004329,3584711.99305,2704533.9788519694,1.3254453525378342,0.7705627705627706
REMIND,REMIND-MAgPIE 2.1-4.2,ENGAGE-INDCi2030-600f-NDCp,ENGAGE,1.5C,High-RE,169642.0388,565430.0377324205,0.30002303995084184,0.19047619047619047,4554049.6258499995,2704533.9788519694,1.6838574266251665,0.9437229437229437
REMIND,REMIND-MAgPIE 2.1-4.2,ENGAGE-NPi2020-200f,ENGAGE,1.5C,High-RE,90031.18400000001,565430.0377324205,0.15922603680741423,0.09523809523809523,5149701.63425,2704533.9788519694,1.9040994398731734,0.9956709956709957
REMIND,REMIND-MAgPIE 2.1-4.2,ENGAGE-NPi2020-300f,ENGAGE,1.5C,High-RE,87657.61115,565430.0377324205,0.15502821799411085,0.09090909090909091,4912243.90675,2704533.9788519694,1.8162995714460084,0.9826839826839827
REMIND,REMIND-MAgPIE 2.1-4.2,ENGAGE-NPi2020-400,ENGAGE,1.5C,High-RE,76140.59995,565430.0377324205,0.1346596304917783,0.06926406926406926,4230309.2747,2704533.9788519694,1.5641546040015728,0.8787878787878788
REMIND,REMIND-MAgPIE 2.1-4.2,ENGAGE-NPi2020-400f,ENGAGE,1.5C,High-RE,86061.0772,565430.0377324205,0.15220464329262756,0.08658008658008658,4721463.99795,2704533.9788519694,1.7457588016528394,0.9653679653679653
REMIND,REMIND-MAgPIE 2.1-4.2,ENGAGE-NPi2020-500,ENGAGE,1.5C,High-RE,75937.36744999999,565430.0377324205,0.1343002005244298,0.06493506493506493,4144416.7934000003,2704533.9788519694,1.5323959047315197,0.8614718614718615
REMIND,REMIND-MAgPIE 2.1-4.2,ENGAGE-NPi2020-500f,ENGAGE,1.5C,High-RE,82081.5189,565430.0377324205,0.14516653418197706,0.08225108225108226,4502891.6732,2704533.9788519694,1.6649418008463714,0.9307359307359307
REMIND,REMIND-MAgPIE 2.1-4.2,ENGAGE-NPi2020-600,ENGAGE,1.5C,High-RE,75701.09030000001,565430.0377324205,0.13388232893248622,0.06060606060606061,4099810.5677,2704533.9788519694,1.5159027765072868,0.8484848484848485
REMIND,REMIND-MAgPIE 2.1-4.2,ENGAGE-NPi2020-600-COV,ENGAGE,1.5C,High-RE,74434.5472,565430.0377324205,0.13164236463013096,0.05627705627705628,3335635.3544,2704533.9788519694,1.2333493978936523,0.7489177489177489
REMIND,REMIND-MAgPIE 2.1-4.2,ENGAGE-NPi2020-600f,ENGAGE,1.5C,High-RE,76600.35685,565430.0377324205,0.13547274063683495,0.07792207792207792,4337471.0516,2704533.9788519694,1.6037776140054951,0.9047619047619048
REMIND,REMIND-MAgPIE 2.1-4.2,ENGAGE-NPi2020-600f-COV,ENGAGE,1.5C,High-RE,70610.69810000001,565430.0377324205,0.12487963742282691,0.047619047619047616,3462890.8636,2704533.9788519694,1.2804020547266115,0.7619047619047619
REMIND,REMIND-MAgPIE 2.1-4.2,ENGAGE-INDCi2030-1000,ENGAGE,2C,High-RE,88847.22450000001,550795.0699210565,0.16130722541277315,0.1977142857142857,3891109.4969,1914001.2595672116,2.032971231053341,0.9451428571428572
REMIND,REMIND-MAgPIE 2.1-4.2,ENGAGE-INDCi2030-1000-COV,ENGAGE,2C,High-RE,68896.99900000001,550795.0699210565,0.12508644823178025,0.1657142857142857,3210185.22455,1914001.2595672116,1.6772116572566298,0.8971428571428571
REMIND,REMIND-MAgPIE 2.1-4.2,ENGAGE-INDCi2030-1000-COV-NDCp,ENGAGE,2C,High-RE,69748.7675,550795.0699210565,0.12663288273440218,0.16914285714285715,3212686.48955,1914001.2595672116,1.6785184824154418,0.8994285714285715
REMIND,REMIND-MAgPIE 2.1-4.2,ENGAGE-INDCi2030-1000-NDCp,ENGAGE,2C,High-RE,107050.7589,550795.0699210565,0.1943567848480256,0.20457142857142857,3882676.5376,1914001.2595672116,2.028565299104317,0.944
REMIND,REMIND-MAgPIE 2.1-4.2,ENGAGE-INDCi2030-1000f,ENGAGE,2C,High-RE,86939.7173,550795.0699210565,0.15784403682563963,0.19428571428571428,3911661.24045,1914001.2595672116,2.043708812048793,0.952
REMIND,REMIND-MAgPIE 2.1-4.2,ENGAGE-INDCi2030-1000f-COV,ENGAGE,2C,High-RE,68719.91925,550795.0699210565,0.12476494980220028,0.16342857142857142,3225743.59885,1914001.2595672116,1.6853403741120818,0.904
REMIND,REMIND-MAgPIE 2.1-4.2,ENGAGE-INDCi2030-1000f-COV-NDCp,ENGAGE,2C,High-RE,69458.0232,550795.0699210565,0.12610501980338198,0.16685714285714287,3229648.85945,1914001.2595672116,1.6873807388090636,0.9051428571428571
REMIND,REMIND-MAgPIE 2.1-4.2,ENGAGE-INDCi2030-1000f-NDCp,ENGAGE,2C,High-RE,88619.1817,550795.0699210565,0.1608932006466606,0.19542857142857142,3910301.23525,1914001.2595672116,2.0429982559855713,0.9508571428571428
REMIND,REMIND-MAgPIE 2.1-4.2,ENGAGE-INDCi2030-1200,ENGAGE,2C,High-RE,72426.5907,550795.0699210565,0.1314946241446581,0.1782857142857143,3643706.815,1914001.2595672116,1.9037118166912306,0.9314285714285714
REMIND,REMIND-MAgPIE 2.1-4.2,ENGAGE-INDCi2030-1200f,ENGAGE,2C,High-RE,72372.4298,550795.0699210565,0.13139629192827176,0.17714285714285713,3635069.8848,1914001.2595672116,1.899199316943998,0.9302857142857143
REMIND,REMIND-MAgPIE 2.1-4.2,ENGAGE-INDCi2030-1400,ENGAGE,2C,High-RE,67923.49235,550795.0699210565,0.1233189911444473,0.16114285714285714,3443101.6212,1914001.2595672116,1.7989024845148451,0.9188571428571428
REMIND,REMIND-MAgPIE 2.1-4.2,ENGAGE-INDCi2030-1400f,ENGAGE,2C,High-RE,67923.49235,550795.0699210565,0.1233189911444473,0.16114285714285714,3443101.6212,1914001.2595672116,1.7989024845148451,0.9188571428571428
REMIND,REMIND-MAgPIE 2.1-4.2,ENGAGE-INDCi2030-1600,ENGAGE,2C,High-RE,60377.24355,550795.0699210565,0.10961834418498635,0.1462857142857143,3308108.14965,1914001.2595672116,1.7283730264618633,0.9097142857142857
REMIND,REMIND-MAgPIE 2.1-4.2,ENGAGE-INDCi2030-1600f,ENGAGE,2C,High-RE,60377.24355,550795.0699210565,0.10961834418498635,0.1462857142857143,3308108.14965,1914001.2595672116,1.7283730264618633,0.9097142857142857
REMIND,REMIND-MAgPIE 2.1-4.2,ENGAGE-INDCi2030-1800,ENGAGE,2C,High-RE,62044.8144,550795.0699210565,0.11264591458469783,0.15085714285714286,3196045.52085,1914001.2595672116,1.6698241471234352,0.8937142857142857
REMIND,REMIND-MAgPIE 2.1-4.2,ENGAGE-INDCi2030-1800f,ENGAGE,2C,High-RE,62044.8144,550795.0699210565,0.11264591458469783,0.15085714285714286,3196045.52085,1914001.2595672116,1.6698241471234352,0.8937142857142857
REMIND,REMIND-MAgPIE 2.1-4.2,ENGAGE-INDCi2030-2000,ENGAGE,2C,High-RE,44173.65385,550795.0699210565,0.08019979891310802,0.12342857142857143,3128220.9079,1914001.2595672116,1.634388113520544,0.8822857142857143
REMIND,REMIND-MAgPIE 2.1-4.2,ENGAGE-INDCi2030-2000f,ENGAGE,2C,High-RE,42530.1061,550795.0699210565,0.07721584382753405,0.12114285714285715,3101944.93625,1914001.2595672116,1.6206598197074344,0.8754285714285714
REMIND,REMIND-MAgPIE 2.1-4.2,ENGAGE-INDCi2030-2500,ENGAGE,2C,High-RE,23098.835199999998,550795.0699210565,0.041937258449518566,0.096,2943615.04855,1914001.2595672116,1.5379378847512366,0.8628571428571429
REMIND,REMIND-MAgPIE 2.1-4.2,ENGAGE-INDCi2030-2500f,ENGAGE,2C,High-RE,23015.5245,550795.0699210565,0.04178600310147789,0.09371428571428571,2943556.1241,1914001.2595672116,1.537907098747463,0.8617142857142858
REMIND,REMIND-MAgPIE 2.1-4.2,ENGAGE-INDCi2030-3000,ENGAGE,2C,High-RE,20145.31595,550795.0699210565,0.03657497506810901,0.088,2793419.53945,1914001.2595672116,1.4594658835708603,0.8491428571428571
REMIND,REMIND-MAgPIE 2.1-4.2,ENGAGE-INDCi2030-3000f,ENGAGE,2C,High-RE,20145.31595,550795.0699210565,0.03657497506810901,0.088,2796155.00105,1914001.2595672116,1.4608950684192645,0.8502857142857143
REMIND,REMIND-MAgPIE 2.1-4.2,ENGAGE-INDCi2030-700,ENGAGE,2C,High-RE,189855.83085,550795.0699210565,0.3446941362006224,0.312,3892679.2101,1914001.2595672116,2.0337913523527154,0.9462857142857143
REMIND,REMIND-MAgPIE 2.1-4.2,ENGAGE-INDCi2030-700f,ENGAGE,2C,High-RE,136973.21639999998,550795.0699210565,0.24868272045287526,0.22857142857142856,4361635.22315,1914001.2595672116,2.278804782049224,0.9965714285714286
REMIND,REMIND-MAgPIE 2.1-4.2,ENGAGE-INDCi2030-800,ENGAGE,2C,High-RE,172971.52975,550795.0699210565,0.3140397203896385,0.2742857142857143,3878984.2462,1914001.2595672116,2.0266362035086143,0.9428571428571428
REMIND,REMIND-MAgPIE 2.1-4.2,ENGAGE-INDCi2030-800f,ENGAGE,2C,High-RE,126618.55115000001,550795.0699210565,0.22988323255716106,0.22057142857142858,4213785.10875,1914001.2595672116,2.2015581691429027,0.9897142857142858
REMIND,REMIND-MAgPIE 2.1-4.2,ENGAGE-INDCi2030-900,ENGAGE,2C,High-RE,116794.3707,550795.0699210565,0.2120468702029953,0.21142857142857144,3928474.4414,1914001.2595672116,2.0524931327831495,0.9554285714285714
REMIND,REMIND-MAgPIE 2.1-4.2,ENGAGE-INDCi2030-900f,ENGAGE,2C,High-RE,114455.55559999999,550795.0699210565,0.20780061741729913,0.20914285714285713,4037286.5793999997,1914001.2595672116,2.1093437421837953,0.9714285714285714
REMIND,REMIND-MAgPIE 2.1-4.2,ENGAGE-INDCi2100,ENGAGE,2C,High-RE,58946.366599999994,550795.0699210565,0.10702050511898839,0.14514285714285713,3122375.9405,1914001.2595672116,1.6313343185604918,0.8788571428571429
REMIND,REMIND-MAgPIE 2.1-4.2,ENGAGE-INDCi2100-COV,ENGAGE,2C,High-RE,55549.61899999999,550795.0699210565,0.10085351527921577,0.13942857142857143,2792794.9575,1914001.2595672116,1.4591395609277178,0.848
REMIND,REMIND-MAgPIE 2.1-4.2,ENGAGE-INDCi2100-COV-NDCp,ENGAGE,2C,High-RE,55434.218049999996,550795.0699210565,0.10064399824411134,0.1382857142857143,2791747.97885,1914001.2595672116,1.4585925504987713,0.8457142857142858
REMIND,REMIND-MAgPIE 2.1-4.2,ENGAGE-INDCi2100-NDCp,ENGAGE,2C,High-RE,58080.874899999995,550795.0699210565,0.1054491553606762,0.14057142857142857,3128803.5946,1914001.2595672116,1.634692547332741,0.8834285714285715
REMIND,REMIND-MAgPIE 2.1-4.2,ENGAGE-NPi2020-1000,ENGAGE,2C,High-RE,73271.1764,550795.0699210565,0.133028017862436,0.18171428571428572,3763467.7040500003,1914001.2595672116,1.9662827729282606,0.9405714285714286
REMIND,REMIND-MAgPIE 2.1-4.2,ENGAGE-NPi2020-1000-COV,ENGAGE,2C,High-RE,68793.3351,550795.0699210565,0.12489824048327067,0.16457142857142856,3185223.1745,1914001.2595672116,1.6641698424065998,0.8891428571428571
REMIND,REMIND-MAgPIE 2.1-4.2,ENGAGE-NPi2020-1000f,ENGAGE,2C,High-RE,72763.58045000001,550795.0699210565,0.13210644833917803,0.17942857142857144,3754210.00115,1914001.2595672116,1.9614459407403373,0.9382857142857143
REMIND,REMIND-MAgPIE 2.1-4.2,ENGAGE-NPi2020-1000f-COV,ENGAGE,2C,High-RE,69520.9947,550795.0699210565,0.12621934816875574,0.168,3185796.18445,1914001.2595672116,1.6644692204488742,0.8902857142857142
REMIND,REMIND-MAgPIE 2.1-4.2,ENGAGE-NPi2020-1200,ENGAGE,2C,High-RE,71340.92525,550795.0699210565,0.12952353633126207,0.1737142857142857,3578929.91245,1914001.2595672116,1.869868107223324,0.928
REMIND,REMIND-MAgPIE 2.1-4.2,ENGAGE-NPi2020-1200f,ENGAGE,2C,High-RE,70975.40895,550795.0699210565,0.12885992055116371,0.17142857142857143,3556471.9426,1914001.2595672116,1.8581345883775329,0.9268571428571428
REMIND,REMIND-MAgPIE 2.1-4.2,ENGAGE-NPi2020-1400,ENGAGE,2C,High-RE,63091.94260000001,550795.0699210565,0.11454703581323404,0.15314285714285714,3406100.50545,1914001.2595672116,1.7795706708260879,0.9142857142857143
REMIND,REMIND-MAgPIE 2.1-4.2,ENGAGE-NPi2020-1400f,ENGAGE,2C,High-RE,63091.94260000001,550795.0699210565,0.11454703581323404,0.15314285714285714,3406100.50545,1914001.2595672116,1.7795706708260879,0.9142857142857143
REMIND,REMIND-MAgPIE 2.1-4.2,ENGAGE-NPi2020-1600,ENGAGE,2C,High-RE,61093.565950000004,550795.0699210565,0.1109188685344557,0.14857142857142858,3285562.0294,1914001.2595672116,1.7165934520559938,0.9074285714285715
REMIND,REMIND-MAgPIE 2.1-4.2,ENGAGE-NPi2020-1600f,ENGAGE,2C,High-RE,61093.565950000004,550795.0699210565,0.1109188685344557,0.14857142857142858,3285562.0294,1914001.2595672116,1.7165934520559938,0.9074285714285715
REMIND,REMIND-MAgPIE 2.1-4.2,ENGAGE-NPi2020-1800,ENGAGE,2C,High-RE,53164.84665,550795.0699210565,0.0965238244736285,0.13485714285714287,3211094.34275,1914001.2595672116,1.6776866403296324,0.8982857142857142
REMIND,REMIND-MAgPIE 2.1-4.2,ENGAGE-NPi2020-1800f,ENGAGE,2C,High-RE,51921.26865,550795.0699210565,0.09426603738018513,0.1337142857142857,3187313.99535,1914001.2595672116,1.6652622245769608,0.8914285714285715
REMIND,REMIND-MAgPIE 2.1-4.2,ENGAGE-NPi2020-2000,ENGAGE,2C,High-RE,43031.19345,550795.0699210565,0.07812559661466742,0.12228571428571429,3124358.0363499997,1914001.2595672116,1.632369895648068,0.88
REMIND,REMIND-MAgPIE 2.1-4.2,ENGAGE-NPi2020-2000f,ENGAGE,2C,High-RE,42344.55695,550795.0699210565,0.07687896871711124,0.12,3096375.6104,1914001.2595672116,1.6177500380016174,0.8731428571428571
REMIND,REMIND-MAgPIE 2.1-4.2,ENGAGE-NPi2020-2500,ENGAGE,2C,High-RE,23711.404749999998,550795.0699210565,0.04304941355665814,0.09828571428571428,2942538.14195,1914001.2595672116,1.5373752379950671,0.8605714285714285
REMIND,REMIND-MAgPIE 2.1-4.2,ENGAGE-NPi2020-2500f,ENGAGE,2C,High-RE,23728.50865,550795.0699210565,0.04308046666685111,0.09942857142857142,2942429.7298500002,1914001.2595672116,1.5373185963917986,0.8594285714285714
REMIND,REMIND-MAgPIE 2.1-4.2,ENGAGE-NPi2020-3000,ENGAGE,2C,High-RE,20066.06745,550795.0699210565,0.03643109487685864,0.08571428571428572,2788592.49495,1914001.2595672116,1.4569439184071116,0.8445714285714285
REMIND,REMIND-MAgPIE 2.1-4.2,ENGAGE-NPi2020-3000f,ENGAGE,2C,High-RE,20066.06745,550795.0699210565,0.03643109487685864,0.08571428571428572,2792025.45235,1914001.2595672116,1.4587375208840379,0.8468571428571429
REMIND,REMIND-MAgPIE 2.1-4.2,ENGAGE-NPi2020-700,ENGAGE,2C,High-RE,74681.8157,550795.0699210565,0.13558911431560905,0.18628571428571428,4043209.69225,1914001.2595672116,2.1124383654607617,0.9737142857142858
REMIND,REMIND-MAgPIE 2.1-4.2,ENGAGE-NPi2020-700f,ENGAGE,2C,High-RE,75316.77709999999,550795.0699210565,0.1367419231090701,0.18742857142857142,4161810.83735,1914001.2595672116,2.1744033952679094,0.9851428571428571
REMIND,REMIND-MAgPIE 2.1-4.2,ENGAGE-NPi2020-800,ENGAGE,2C,High-RE,71280.32645,550795.0699210565,0.12941351573865095,0.17257142857142857,3985746.82425,1914001.2595672116,2.0824159881437305,0.9622857142857143
REMIND,REMIND-MAgPIE 2.1-4.2,ENGAGE-NPi2020-800f,ENGAGE,2C,High-RE,73340.6022,550795.0699210565,0.133154064379174,0.18285714285714286,4025886.15845,1914001.2595672116,2.103387413318799,0.9702857142857143
REMIND,REMIND-MAgPIE 2.1-4.2,ENGAGE-NPi2020-900,ENGAGE,2C,High-RE,71841.34395000001,550795.0699210565,0.13043207514601896,0.176,3896829.923,1914001.2595672116,2.0359599574564227,0.9474285714285714
REMIND,REMIND-MAgPIE 2.1-4.2,ENGAGE-NPi2020-900f,ENGAGE,2C,High-RE,72820.03570000001,550795.0699210565,0.13220894607941397,0.18057142857142858,3897583.0498,1914001.2595672116,2.036353440374073,0.9485714285714286
REMIND,REMIND-MAgPIE 2.1-4.2,ENGAGE-NPi2100,ENGAGE,2C,High-RE,5961.6242,550795.0699210565,0.010823670227938785,0.06514285714285714,2353505.9292,1914001.2595672116,1.2296261130633572,0.8091428571428572
REMIND,REMIND-MAgPIE 2.1-4.2,ENGAGE-NPi2100-COV,ENGAGE,2C,High-RE,5961.6242,550795.0699210565,0.010823670227938785,0.06514285714285714,2091151.54155,1914001.2595672116,1.0925549453519403,0.768
REMIND,REMIND-MAgPIE 2.1-4.2,ENGAGE-NoPolicy,ENGAGE,2C,High-RE,5961.6242,550795.0699210565,0.010823670227938785,0.06514285714285714,2262176.39415,1914001.2595672116,1.1819095639788224,0.7988571428571428
REMIND,REMIND-MAgPIE 2.1-4.2,NGFS Phase 2-Divergent Net Zero Policies,NGFS Phase 2,1.5C,Low both - excluded,160888.7994,565430.0377324205,0.2845423636233095,0.18181818181818182,2407730.45715,2704533.9788519694,0.8902570557357325,0.5844155844155844
REMIND,REMIND-MAgPIE 2.1-4.2,NGFS Phase 2-Net-Zero 2050,NGFS Phase 2,1.5C,Low both - excluded,210928.98655,565430.0377324205,0.37304170715072327,0.21645021645021645,2329381.8709,2704533.9788519694,0.8612877076474316,0.5714285714285714
REMIND,REMIND-MAgPIE 2.1-4.2,NGFS Phase 2-Net-Zero 2050 [IPD 95th],NGFS Phase 2,1.5C,Low both - excluded,57253.35325,565430.0377324205,0.10125629950542901,0.030303030303030304,2231404.241,2704533.9788519694,0.8250605311112396,0.5324675324675324
REMIND,REMIND-MAgPIE 2.1-4.2,NGFS Phase 2-Net-Zero 2050 [IPD Median],NGFS Phase 2,1.5C,Low both - excluded,58127.37375,565430.0377324205,0.10280206191929925,0.03463203463203463,2279449.3256,2704533.9788519694,0.8428251755844418,0.5454545454545454
REMIND,REMIND-MAgPIE 2.1-4.2,NGFS Phase 2-Below 2°C,NGFS Phase 2,2C,High-RE,191363.56995,550795.0699210565,0.3474315229027512,0.3142857142857143,2201660.13765,1914001.2595672116,1.1502918959143387,0.792
REMIND,REMIND-MAgPIE 2.1-4.2,NGFS Phase 2-Below 2°C [IPD 95th],NGFS Phase 2,2C,High-RE,55298.172099999996,550795.0699210565,0.1003969990289232,0.13714285714285715,2096024.13485,1914001.2595672116,1.0951007082011779,0.7691428571428571
REMIND,REMIND-MAgPIE 2.1-4.2,NGFS Phase 2-Below 2°C [IPD Median],NGFS Phase 2,2C,High-RE,54672.3098,550795.0699210565,0.09926071017272538,0.136,2136687.1352,1914001.2595672116,1.1163457309757159,0.7805714285714286
REMIND,REMIND-MAgPIE 2.1-4.2,NGFS Phase 2-Delayed Transition,NGFS Phase 2,2C,High-RE,182463.69160000002,550795.0699210565,0.331273283956866,0.29942857142857143,2516049.7144,1914001.2595672116,1.3145496649092707,0.824
REMIND,REMIND-MAgPIE 2.1-4.2,NGFS Phase 2-Nationally Determined Contributions (NDCs),NGFS Phase 2,2C,High-RE,131680.45455,550795.0699210565,0.23907340813503158,0.22628571428571428,1997293.80445,1914001.2595672116,1.0435174974240207,0.7302857142857143
REMIND,REMIND-MAgPIE 2.1-4.2,NGFS Phase 2-Current Policies,NGFS Phase 2,2C,Low both - excluded,6647.2754,550795.0699210565,0.012068509256905169,0.06971428571428571,1552100.76295,1914001.2595672116,0.8109194051946217,0.3977142857142857
REMIND,REMIND-MAgPIE 2.1-4.2,NGFS Phase 2-Current Policies [IPD 95th],NGFS Phase 2,2C,Low both - excluded,0,550795.0699210565,0,0,1455137.1036999999,1914001.2595672116,0.7602592194892449,0.3462857142857143
REMIND,REMIND-MAgPIE 2.1-4.2,NGFS Phase 2-Current Policies [IPD Median],NGFS Phase 2,2C,Low both - excluded,0,550795.0699210565,0,0,1485446.5713499999,1914001.2595672116,0.776094876596834,0.3577142857142857
REMIND,REMIND-MAgPIE 2.1-4.2,SusDev-SSP1-900,SusDev,1.5C,High-RE,144684.43205,565430.0377324205,0.2558838802236914,0.15151515151515152,2726898.189,2704533.9788519694,1.0082691548055625,0.683982683982684
REMIND,REMIND-MAgPIE 2.1-4.2,SusDev-SSP2-900,SusDev,1.5C,High-RE,193433.84625000003,565430.0377324205,0.34210040737442937,0.20346320346320346,3994265.7375000003,2704533.9788519694,1.4768776316855523,0.8225108225108225
REMIND,REMIND-MAgPIE 2.1-4.2,SusDev-SDP-1000,SusDev,1.5C,Low both - excluded,149816.87955,565430.0377324205,0.26496094928175384,0.1645021645021645,2257649.67165,2704533.9788519694,0.8347647651327847,0.5411255411255411
REMIND,REMIND-MAgPIE 2.1-4.2,SusDev-SSP1-NDC,SusDev,2C,High-RE,86212.6657,550795.0699210565,0.1565240329989819,0.192,2030728.5437,1914001.2595672116,1.060986001732926,0.7428571428571429
REMIND,REMIND-MAgPIE 2.1-4.2,SusDev-SSP2-NDC,SusDev,2C,High-RE,186669.6934,550795.0699210565,0.33890952115231293,0.30742857142857144,3107649.44165,1914001.2595672116,1.6236402280909117,0.8765714285714286
REMIND,REMIND-MAgPIE 2.1-4.2,SusDev-SSP2-NPi,SusDev,2C,High-RE,9167.75685,550795.0699210565,0.0166445877072102,0.07428571428571429,2347706.9568,1914001.2595672116,1.2265963489129867,0.8068571428571428
REMIND,REMIND-MAgPIE 2.1-4.2,SusDev-SDP-NPi,SusDev,2C,Low both - excluded,5739.419800000001,550795.0699210565,0.010420245411460584,0.064,1438777.87765,1914001.2595672116,0.7517120850669305,0.3405714285714286
REMIND,REMIND-MAgPIE 2.1-4.2,SusDev-SSP1-NPi,SusDev,2C,Low both - excluded,5737.891500000001,550795.0699210565,0.010417470695266738,0.06285714285714286,1566809.842,1914001.2595672116,0.8186043944162724,0.4137142857142857
REMIND,REMIND-MAgPIE 2.1-4.3,DeepElectrification-SSP2-HighRenewables-900,DeepElectrification,1.5C,High-RE,374306.81954999996,565430.0377324205,0.6619860894746696,0.354978354978355,4335725.46135,2704533.9788519694,1.603132182939127,0.9004329004329005
REMIND,REMIND-MAgPIE 2.1-4.3,DeepElectrification-SSP2-Default-1100,DeepElectrification,1.5C,Low both - excluded,159731.6193,565430.0377324205,0.2824958149386292,0.1774891774891775,2527521.0793500002,2704533.9788519694,0.9345495745713988,0.5974025974025974
REMIND,REMIND-MAgPIE 2.1-4.3,DeepElectrification-SSP2-Default-900,DeepElectrification,1.5C,Low both - excluded,164640.74539999999,565430.0377324205,0.29117792549590943,0.18614718614718614,2627437.18625,2704533.9788519694,0.9714935019471651,0.6277056277056277
REMIND,REMIND-MAgPIE 2.1-4.3,DeepElectrification-SSP2-Default-1300,DeepElectrification,2C,High-RE,172998.18510000003,550795.0699210565,0.31408811470443126,0.2754285714285714,2476820.4596,1914001.2595672116,1.294053725001232,0.8205714285714286
REMIND,REMIND-MAgPIE 2.1-4.3,DeepElectrification-SSP2-HighRenewables-1100,DeepElectrification,2C,High-RE,104148.63475,550795.0699210565,0.18908781221467225,0.2022857142857143,4112955.8236,1914001.2595672116,2.14887832651166,0.9794285714285714
REMIND,REMIND-MAgPIE 2.1-4.3,DeepElectrification-SSP2-HighRenewables-1300,DeepElectrification,2C,High-RE,133646.25975,550795.0699210565,0.24264244008058214,0.22742857142857142,3923671.97765,1914001.2595672116,2.049984010218054,0.9531428571428572
REMIND,REMIND-MAgPIE 2.1-4.3,DeepElectrification-SSP2-Baseline,DeepElectrification,2C,Low both - excluded,34499.76215,550795.0699210565,0.06263629439338433,0.112,1801779.85165,1914001.2595672116,0.9413681640196064,0.5874285714285714
REMIND,REMIND-MAgPIE 2.1-4.3,DeepElectrification-SSP2-NPi,DeepElectrification,2C,Low both - excluded,359253.23625,550795.0699210565,0.6522448291003957,0.45714285714285713,1846751.32765,1914001.2595672116,0.964864217522815,0.6205714285714286
REMIND,REMIND-MAgPIE 3.2-4.6,SHAPE-SDP-EI-1.5°C,SHAPE,1.5C,High both - excluded,678090.68835,565430.0377324205,1.1992477284535317,0.7186147186147186,3189040.5392,2704533.9788519694,1.1791460429547629,0.7186147186147186
REMIND,REMIND-MAgPIE 3.2-4.6,SHAPE-SDP-EI-1.5°C [with Climate Change Impacts],SHAPE,1.5C,High both - excluded,680931.3117999999,565430.0377324205,1.2042715567973385,0.7229437229437229,3189093.7975500003,2704533.9788519694,1.1791657352013447,0.7229437229437229
REMIND,REMIND-MAgPIE 3.2-4.6,SHAPE-SSP2-1.5°C,SHAPE,1.5C,High both - excluded,730235.1589500001,565430.0377324205,1.291468634879229,0.8095238095238095,3685143.7056,2704533.9788519694,1.3625799248284112,0.7792207792207793
REMIND,REMIND-MAgPIE 3.2-4.6,SHAPE-SSP2-1.5°C [with Climate Change Impacts],SHAPE,1.5C,High both - excluded,730738.32575,565430.0377324205,1.2923585182713775,0.8138528138528138,3727990.7922,2704533.9788519694,1.3784226123061953,0.7878787878787878
REMIND,REMIND-MAgPIE 3.2-4.6,SHAPE-SDP-MC-1.5°C,SHAPE,1.5C,Low both - excluded,378448.64249999996,565430.0377324205,0.6693111742307081,0.3722943722943723,2011626.8194,2704533.9788519694,0.7437979463855369,0.329004329004329
REMIND,REMIND-MAgPIE 3.2-4.6,SHAPE-SDP-MC-1.5°C [with Climate Change Impacts],SHAPE,1.5C,Low both - excluded,387840.10420000006,565430.0377324205,0.6859205884345648,0.3852813852813853,2004473.9234,2704533.9788519694,0.7411531668945297,0.30735930735930733
REMIND,REMIND-MAgPIE 3.2-4.6,SHAPE-SDP-RC-1.5°C,SHAPE,1.5C,Low both - excluded,264402.40530000004,565430.0377324205,0.46761294529089675,0.2554112554112554,1954705.0273499999,2704533.9788519694,0.7227511440546738,0.2727272727272727
REMIND,REMIND-MAgPIE 3.2-4.6,SHAPE-SDP-RC-1.5°C [with Climate Change Impacts],SHAPE,1.5C,Low both - excluded,265412.04235,565430.0377324205,0.4693985544425594,0.2597402597402597,1954887.3165,2704533.9788519694,0.7228185453709174,0.27705627705627706
REMIND,REMIND-MAgPIE 3.2-4.6,SHAPE-SSP1-1.5°C,SHAPE,1.5C,Low both - excluded,505239.7506,565430.0377324205,0.8935495408524716,0.5670995670995671,2385061.44525,2704533.9788519694,0.8818752006445191,0.5800865800865801
REMIND,REMIND-MAgPIE 3.2-4.6,SHAPE-SSP2-NPi,SHAPE,2C,High-RE,303333.6215,550795.0699210565,0.5507195653430154,0.3942857142857143,3124627.49885,1914001.2595672116,1.6325106805606449,0.8811428571428571
REMIND,REMIND-MAgPIE 3.2-4.6,SHAPE-SSP2-NPi [with Climate Change Impacts],SHAPE,2C,High-RE,301668.876,550795.0699210565,0.5476971245280702,0.39085714285714285,3111006.47945,1914001.2595672116,1.6253941651811932,0.8777142857142857
REMIND,REMIND-MAgPIE 3.2-4.6,SHAPE-SSP1-NPi,SHAPE,2C,Low both - excluded,235347.6927,550795.0699210565,0.427287217247118,0.35085714285714287,1864682.121,1914001.2595672116,0.9742324419481503,0.6342857142857142
REMIND,REMIND-MAgPIE 3.2.0-4.8.0,RESCUE-End-of-Century-Budget-500,RESCUE,1.5C,High-RE,337407.7551985,565430.0377324205,0.5967276810259806,0.2857142857142857,3939775.9237146,2704533.9788519694,1.456730052024331,0.8138528138528138
REMIND,REMIND-MAgPIE 3.2.0-4.8.0,RESCUE-End-of-Century-Budget-500-with-OAE,RESCUE,1.5C,High-RE,285000.6597766,565430.0377324205,0.5040423054274867,0.2727272727272727,4250458.8591347,2704533.9788519694,1.5716049021277043,0.8831168831168831
REMIND,REMIND-MAgPIE 3.2.0-4.8.0,RESCUE-Peak-Budget-500,RESCUE,1.5C,High-RE,137281.79837570002,565430.0377324205,0.2427918384496335,0.13852813852813853,3914336.7216216,2704533.9788519694,1.447323920582862,0.8095238095238095
REMIND,REMIND-MAgPIE 3.2.0-4.8.0,RESCUE-End-of-Century-Budget-1150,RESCUE,2C,High-RE,144025.28798535,550795.0699210565,0.2614861603717561,0.24571428571428572,3984178.71776075,1914001.2595672116,2.0815967062956067,0.9611428571428572
REMIND,REMIND-MAgPIE 3.2.0-4.8.0,RESCUE-End-of-Century-Budget-1150-with-OAE,RESCUE,2C,High-RE,119695.68348485001,550795.0699210565,0.2173143697564424,0.216,4156912.1036843,1914001.2595672116,2.171843974974316,0.9828571428571429
REMIND,REMIND-MAgPIE 3.2.0-4.8.0,RESCUE-Peak-Budget-1150,RESCUE,2C,High-RE,88711.5289226,550795.0699210565,0.1610608623191103,0.19657142857142856,4241488.12267855,1914001.2595672116,2.2160320435931284,0.992
REMIND,REMIND-MAgPIE 3.2.0-4.8.0,RESCUE-Peak-Budget-1150-with-OAE,RESCUE,2C,High-RE,90018.74695205,550795.0699210565,0.16343419153143848,0.19885714285714284,4239161.18393145,1914001.2595672116,2.214816297921349,0.9908571428571429
REMIND,REMIND-MAgPIE 3.2.0-4.8.0,RESCUE-Peak-Budget-500-with-OAE,RESCUE,2C,High-RE,130560.8475318,550795.0699210565,0.2370406974603328,0.22514285714285714,3924521.43202415,1914001.2595672116,2.0504278209887654,0.9542857142857143
REMIND,REMIND-MAgPIE 3.3-4.8,NGFS Phase 5-Net-Zero 2050,NGFS Phase 5,1.5C,High-RE,143765.55833355,565430.0377324205,0.2542587919631968,0.1471861471861472,3378286.77547635,2704533.9788519694,1.2491197381481514,0.7575757575757576
REMIND,REMIND-MAgPIE 3.3-4.8,NGFS Phase 5-Low Demand,NGFS Phase 5,1.5C,Low both - excluded,96891.12694455,565430.0377324205,0.17135829453475543,0.10822510822510822,2075888.37284735,2704533.9788519694,0.7675586215886742,0.38961038961038963
REMIND,REMIND-MAgPIE 3.3-4.8,NGFS Phase 5-Below 2°C,NGFS Phase 5,2C,High-RE,142386.8486208,550795.0699210565,0.2585114798525844,0.24,3099997.84496065,1914001.2595672116,1.6196425313019973,0.8742857142857143
REMIND,REMIND-MAgPIE 3.3-4.8,NGFS Phase 5-Current Policies,NGFS Phase 5,2C,High-RE,25518.992459200002,550795.0699210565,0.046331192584671374,0.10171428571428572,2402907.75715255,1914001.2595672116,1.2554368734824597,0.8125714285714286
REMIND,REMIND-MAgPIE 3.3-4.8,NGFS Phase 5-Delayed Transition,NGFS Phase 5,2C,High-RE,116874.69426265001,550795.0699210565,0.21219270223206835,0.21257142857142858,3217436.56533475,1914001.2595672116,1.6810002340658163,0.9017142857142857
REMIND,REMIND-MAgPIE 3.3-4.8,NGFS Phase 5-Fragmented World,NGFS Phase 5,2C,High-RE,66029.20389785,550795.0699210565,0.11987980195122977,0.15542857142857142,2626709.22237665,1914001.2595672116,1.3723654617503198,0.832
REMIND,REMIND-MAgPIE 3.3-4.8,NGFS Phase 5-Nationally Determined Contributions (NDCs),NGFS Phase 5,2C,High-RE,115525.37677825,550795.0699210565,0.2097429390477439,0.2102857142857143,2848022.9568161,1914001.2595672116,1.4879942960226091,0.8548571428571429
REMIND,REMIND-Transport 2.1,Transport-1100-Conventional,Transport,2C,High-RE,66401.60655,550795.0699210565,0.12055592029811942,0.15657142857142858,4170174.6901,1914001.2595672116,2.178773221415198,0.9862857142857143
REMIND,REMIND-Transport 2.1,Transport-1100-Conventional-LowDemand,Transport,2C,High-RE,67735.6703,550795.0699210565,0.12297798945387857,0.16,4107316.50075,1914001.2595672116,2.1459319737745286,0.9782857142857143
REMIND,REMIND-Transport 2.1,Transport-1100-Conventional-SynFuel,Transport,2C,High-RE,86464.95895,550795.0699210565,0.15698208584617998,0.19314285714285714,5115154.40645,1914001.2595672116,2.6724927065129642,0.9988571428571429
REMIND,REMIND-Transport 2.1,Transport-1100-Electrification,Transport,2C,High-RE,70068.83915,550795.0699210565,0.12721399114927212,0.1702857142857143,4128002.6892999997,1914001.2595672116,2.1567397976704634,0.9805714285714285
REMIND,REMIND-Transport 2.1,Transport-1100-Electrification-LowDemand,Transport,2C,High-RE,71458.15785,550795.0699210565,0.12973637883186181,0.17485714285714285,4042990.2901000003,1914001.2595672116,2.112323735363784,0.9725714285714285
REMIND,REMIND-Transport 2.1,Transport-1100-H2,Transport,2C,High-RE,66413.69885,550795.0699210565,0.12057787456143869,0.15771428571428572,4305152.4833,1914001.2595672116,2.249294488068137,0.9931428571428571
REMIND,REMIND-Transport 2.1,Transport-NDC-Conventional,Transport,2C,High-RE,90406.81235,550795.0699210565,0.16413874649051902,0.2,3028446.9885,1914001.2595672116,1.5822596632902863,0.8651428571428571
REMIND,REMIND-Transport 2.1,Transport-NPi-Conventional,Transport,2C,High-RE,428.2745,550795.0699210565,7.775568871039152e-4,0.04114285714285714,2038017.56665,1914001.2595672116,1.064794266180802,0.7462857142857143
WITCH,WITCH 4.6,DISCRATE-Reference-dr2p,DISCRATE,2C,Low both - excluded,143022.33886062607,550795.0699210565,0.2596652487850426,0.24342857142857144,0,1914001.2595672116,0,0
WITCH,WITCH 4.6,DISCRATE-Reference-dr3p,DISCRATE,2C,Low both - excluded,142943.10158737632,550795.0699210565,0.25952138897660043,0.24114285714285713,0,1914001.2595672116,0,0
WITCH,WITCH 4.6,DISCRATE-Reference-dr4p,DISCRATE,2C,Low both - excluded,142949.8227238359,550795.0699210565,0.2595335915848419,0.2422857142857143,0,1914001.2595672116,0,0
WITCH,WITCH 4.6,DISCRATE-Reference-dr5p,DISCRATE,2C,Low both - excluded,143150.92336275303,550795.0699210565,0.2598987013142117,0.24457142857142858,0,1914001.2595672116,0,0
WITCH,WITCH 5.0,COMMIT-2°C-2020,COMMIT,2C,High-CDR,737077.0990903586,550795.0699210565,1.3382056945353582,0.8628571428571429,1583039.9137879936,1914001.2595672116,0.8270840501672114,0.424
WITCH,WITCH 5.0,COMMIT-2°C-2030,COMMIT,2C,High-CDR,595273.4606781763,550795.0699210565,1.0807530662238765,0.744,1653849.2428767874,1914001.2595672116,0.8640794955645698,0.47314285714285714
WITCH,WITCH 5.0,COMMIT-Bridge,COMMIT,2C,High-RE,509653.2838389188,550795.0699210565,0.9253047306904283,0.6274285714285714,3496156.3466547932,1914001.2595672116,1.8266217585694453,0.9211428571428572
WITCH,WITCH 5.0,COMMIT-Baseline,COMMIT,2C,Low both - excluded,140805.03987665442,550795.0699210565,0.2556396154686633,0.2377142857142857,1241626.0828061216,1914001.2595672116,0.6487070353793155,0.2377142857142857
WITCH,WITCH 5.0,COMMIT-Current-Policies,COMMIT,2C,Low both - excluded,140533.68862788,550795.0699210565,0.255146961733013,0.23542857142857143,1225081.2858989304,1914001.2595672116,0.6400629465499632,0.23657142857142857
WITCH,WITCH 5.0,COMMIT-GPP,COMMIT,2C,Low both - excluded,325062.29255032394,550795.0699210565,0.5901692122932654,0.40914285714285714,1436175.3795973675,1914001.2595672116,0.7503523691108287,0.33714285714285713
WITCH,WITCH 5.0,COMMIT-NDC-2050-Convergence,COMMIT,2C,Low both - excluded,258015.82054609747,550795.0699210565,0.4684425018239142,0.3657142857142857,1386344.3619506375,1914001.2595672116,0.7243173717994907,0.304
WITCH,WITCH 5.0,COMMIT-NDCplus,COMMIT,2C,Low both - excluded,171756.75901366418,550795.0699210565,0.3118342345335107,0.27314285714285713,1324896.472782664,1914001.2595672116,0.6922129576248272,0.2822857142857143
WITCH,WITCH 5.0,ENGAGE-INDCi2030-500f,ENGAGE,1.5C,High-CDR,707606.063622978,565430.0377324205,1.2514475998847443,0.7748917748917749,2076305.1018219169,2704533.9788519694,0.7677127069053407,0.3939393939393939
WITCH,WITCH 5.0,ENGAGE-NPi2020-400f,ENGAGE,1.5C,High-CDR,717862.4087739903,565430.0377324205,1.269586617033787,0.7965367965367965,2031406.8203313902,2704533.9788519694,0.7511115912079201,0.3593073593073593
WITCH,WITCH 5.0,ENGAGE-NPi2020-450,ENGAGE,1.5C,High-CDR,681009.7224171846,565430.0377324205,1.2044102311017657,0.7272727272727273,1956414.9657864731,2704533.9788519694,0.7233833928819557,0.2813852813852814
WITCH,WITCH 5.0,ENGAGE-NPi2020-450f,ENGAGE,1.5C,High-CDR,716159.1460613603,565430.0377324205,1.2665742855356927,0.7922077922077922,2018026.1560759707,2704533.9788519694,0.7461640977173413,0.33766233766233766
WITCH,WITCH 5.0,ENGAGE-NPi2020-500,ENGAGE,1.5C,High-CDR,707033.7140671893,565430.0377324205,1.2504353622645357,0.7619047619047619,1978333.398358719,2704533.9788519694,0.7314877216660037,0.2857142857142857
WITCH,WITCH 5.0,ENGAGE-NPi2020-500f,ENGAGE,1.5C,High-CDR,714279.2050494704,565430.0377324205,1.2632494869108635,0.7878787878787878,2004682.7781737545,2704533.9788519694,0.7412303908360248,0.3116883116883117
WITCH,WITCH 5.0,ENGAGE-Feasibility-Maximum-Effort/Cost-Effective,ENGAGE,1.5C,Low both - excluded,512830.3681308592,565430.0377324205,0.9069740443707147,0.5800865800865801,2051640.2384097711,2704533.9788519694,0.7585928867792073,0.3722943722943723
WITCH,WITCH 5.0,ENGAGE-Feasibility-Maximum-Effort/Technology,ENGAGE,1.5C,Low both - excluded,280114.8133933063,565430.0377324205,0.4954013665716598,0.2683982683982684,2193904.387710957,2704533.9788519694,0.8111949803057137,0.49783549783549785
WITCH,WITCH 5.0,ENGAGE-INDCi2030-1000,ENGAGE,2C,High both - excluded,592144.7105824812,550795.0699210565,1.0750726412045613,0.7371428571428571,1931299.6890820544,1914001.2595672116,1.0090378360141488,0.6765714285714286
WITCH,WITCH 5.0,ENGAGE-INDCi2030-1000-NDCp,ENGAGE,2C,High both - excluded,579066.5747572619,550795.0699210565,1.0513285364741145,0.7211428571428572,1938834.9473277484,1914001.2595672116,1.0129747499571407,0.6857142857142857
WITCH,WITCH 5.0,ENGAGE-INDCi2030-1000f,ENGAGE,2C,High both - excluded,600972.8638866153,550795.0699210565,1.0911006592211339,0.7462857142857143,1946406.2527507485,1914001.2595672116,1.0169304973137083,0.6925714285714286
WITCH,WITCH 5.0,ENGAGE-INDCi2030-1000f-NDCp,ENGAGE,2C,High both - excluded,591972.744481883,550795.0699210565,1.0747604268983895,0.736,1944223.9116170474,1914001.2595672116,1.015790298934636,0.6902857142857143
WITCH,WITCH 5.0,ENGAGE-INDCi2030-600f,ENGAGE,2C,High both - excluded,707773.3610409116,550795.0699210565,1.2850030795343799,0.8377142857142857,2048330.9081312297,1914001.2595672116,1.0701826333146678,0.7508571428571429
WITCH,WITCH 5.0,ENGAGE-INDCi2030-600f-NDCp,ENGAGE,2C,High both - excluded,706077.8354263838,550795.0699210565,1.2819247556583675,0.8365714285714285,2045542.042887646,1914001.2595672116,1.068725546894456,0.7497142857142857
WITCH,WITCH 5.0,ENGAGE-INDCi2030-700f,ENGAGE,2C,High both - excluded,705458.5145594089,550795.0699210565,1.280800343148532,0.8331428571428572,2021548.849028326,1914001.2595672116,1.0561899261682999,0.7417142857142857
WITCH,WITCH 5.0,ENGAGE-INDCi2030-700f-NDCp,ENGAGE,2C,High both - excluded,701656.1569254289,550795.0699210565,1.2738969450579773,0.832,2017415.956258361,1914001.2595672116,1.0540306314712318,0.7394285714285714
WITCH,WITCH 5.0,ENGAGE-INDCi2030-800,ENGAGE,2C,High both - excluded,691525.2581379466,550795.0699210565,1.25550371799272,0.824,1958886.870048417,1914001.2595672116,1.0234511917151794,0.7028571428571428
WITCH,WITCH 5.0,ENGAGE-INDCi2030-800-NDCp,ENGAGE,2C,High both - excluded,683636.291322109,550795.0699210565,1.2411808468439853,0.8194285714285714,1966667.6222099732,1914001.2595672116,1.027516367807757,0.7062857142857143
WITCH,WITCH 5.0,ENGAGE-INDCi2030-800f,ENGAGE,2C,High both - excluded,695659.6668349928,550795.0699210565,1.2630099738087692,0.8285714285714286,1995146.3418921286,1914001.2595672116,1.0423955219043404,0.7291428571428571
WITCH,WITCH 5.0,ENGAGE-INDCi2030-800f-NDCp,ENGAGE,2C,High both - excluded,674625.29790305,550795.0699210565,1.224820872125347,0.8148571428571428,1989945.9920637934,1914001.2595672116,1.0396785175124463,0.728
WITCH,WITCH 5.0,ENGAGE-INDCi2030-900,ENGAGE,2C,High both - excluded,682573.0686006332,550795.0699210565,1.2392505050897857,0.8171428571428572,1955183.2951859261,1914001.2595672116,1.0215162008973946,0.6982857142857143
WITCH,WITCH 5.0,ENGAGE-INDCi2030-900-NDCp,ENGAGE,2C,High both - excluded,632249.4464901114,550795.0699210565,1.1478850865181662,0.7634285714285715,1938629.3397845062,1914001.2595672116,1.0128673270689819,0.6845714285714286
WITCH,WITCH 5.0,ENGAGE-INDCi2030-900f,ENGAGE,2C,High both - excluded,653776.9946594159,550795.0699210565,1.1869695833572356,0.7965714285714286,1969054.589988681,1914001.2595672116,1.028763476589309,0.7097142857142857
WITCH,WITCH 5.0,ENGAGE-INDCi2030-900f-NDCp,ENGAGE,2C,High both - excluded,640385.8868492644,550795.0699210565,1.1626572600605314,0.7714285714285715,1967034.739243816,1914001.2595672116,1.027708173864314,0.7074285714285714
WITCH,WITCH 5.0,ENGAGE-NPi2020-600,ENGAGE,2C,High both - excluded,694830.4911661511,550795.0699210565,1.2615045578852744,0.8274285714285714,1971912.1734572726,1914001.2595672116,1.0302564659247693,0.712
WITCH,WITCH 5.0,ENGAGE-NPi2020-600f,ENGAGE,2C,High both - excluded,688228.5057879061,550795.0699210565,1.2495182752571614,0.8228571428571428,1981062.7603142238,1914001.2595672116,1.0350373336547207,0.7222857142857143
WITCH,WITCH 5.0,ENGAGE-NPi2020-700,ENGAGE,2C,High both - excluded,647916.9678160686,550795.0699210565,1.1763303689499838,0.7851428571428571,1940738.1682062491,1914001.2595672116,1.013969117577845,0.6891428571428572
WITCH,WITCH 5.0,ENGAGE-NPi2020-700f,ENGAGE,2C,High both - excluded,655418.7229787956,550795.0699210565,1.1899502351622981,0.7977142857142857,1962167.78868463,1914001.2595672116,1.0251653591535828,0.704
WITCH,WITCH 5.0,ENGAGE-NPi2020-800,ENGAGE,2C,High both - excluded,584140.3987078352,550795.0699210565,1.060540354494382,0.728,1932264.8340962671,1914001.2595672116,1.0095420911756272,0.6788571428571428
WITCH,WITCH 5.0,ENGAGE-NPi2020-800f,ENGAGE,2C,High both - excluded,613078.7260400612,550795.0699210565,1.1130795454068454,0.7542857142857143,1939982.2100316521,1914001.2595672116,1.0135741553640958,0.688
WITCH,WITCH 5.0,ENGAGE-NPi2020-900f,ENGAGE,2C,High both - excluded,571882.8085050725,550795.0699210565,1.0382859973438732,0.7051428571428572,1920382.408067185,1914001.2595672116,1.003333931191569,0.6697142857142857
WITCH,WITCH 5.0,ENGAGE-Feasibility-1000/Cost-Effective,ENGAGE,2C,High-RE,512482.5074919085,550795.0699210565,0.9304413482955844,0.6308571428571429,2015035.1295454812,1914001.2595672116,1.0527867311859112,0.7371428571428571
WITCH,WITCH 5.0,ENGAGE-Feasibility-1000/Institutional,ENGAGE,2C,High-RE,478668.5970074582,550795.0699210565,0.869050256887855,0.5942857142857143,1939102.827938709,1914001.2595672116,1.0131147083869596,0.6868571428571428
WITCH,WITCH 5.0,ENGAGE-Feasibility-1000/Technology,ENGAGE,2C,High-RE,276800.7748930713,550795.0699210565,0.5025476624777055,0.38171428571428573,2099682.9134150376,1914001.2595672116,1.0970122944902407,0.7714285714285715
WITCH,WITCH 5.0,ENGAGE-Feasibility-1000/Technology & Institutional,ENGAGE,2C,High-RE,272512.989443723,550795.0699210565,0.49476294238214824,0.37485714285714283,2113825.0466844556,1914001.2595672116,1.104401073990112,0.7748571428571429
WITCH,WITCH 5.0,ENGAGE-Feasibility-Maximum-Effort/Institutional,ENGAGE,2C,High-RE,477440.0513352799,550795.0699210565,0.8668197618466513,0.592,1948495.6345020402,1914001.2595672116,1.0180221276043613,0.6937142857142857
WITCH,WITCH 5.0,ENGAGE-Feasibility-Maximum-Effort/Institutional [Optimistic],ENGAGE,2C,High-RE,495863.885142487,550795.0699210565,0.900269287474845,0.6137142857142858,2005636.9975014827,1914001.2595672116,1.0478765295875465,0.736
WITCH,WITCH 5.0,ENGAGE-Feasibility-Maximum-Effort/Technology & Institutional,ENGAGE,2C,High-RE,272512.989443723,550795.0699210565,0.49476294238214824,0.37485714285714283,2113825.0466844556,1914001.2595672116,1.104401073990112,0.7748571428571429
WITCH,WITCH 5.0,ENGAGE-Feasibility-Maximum-Effort/Technology & Institutional [Optimistic],ENGAGE,2C,High-RE,275861.7758431486,550795.0699210565,0.5008428559149719,0.38057142857142856,2089034.0757414321,1914001.2595672116,1.0914486421047593,0.7668571428571429
WITCH,WITCH 5.0,ENGAGE-Feasibility-Maximum-Effort/Technology & Institutional [Pessimistic],ENGAGE,2C,High-RE,264778.685657144,550795.0699210565,0.4807208708224164,0.3702857142857143,1918387.481644324,1914001.2595672116,1.0022916505698143,0.6685714285714286
WITCH,WITCH 5.0,ENGAGE-INDCi2100,ENGAGE,2C,High-RE,156632.92859214862,550795.0699210565,0.28437605408232547,0.26285714285714284,1972281.2000610484,1914001.2595672116,1.0304492696661103,0.7131428571428572
WITCH,WITCH 5.0,ENGAGE-NPi2020-900,ENGAGE,2C,High-RE,534285.5982318888,550795.0699210565,0.9700261084553028,0.6422857142857142,1924244.0435193935,1914001.2595672116,1.0053515032453522,0.6708571428571428
WITCH,WITCH 5.0,ENGAGE-Feasibility-1000/Enablers & Institutional,ENGAGE,2C,Low both - excluded,421444.85806075047,550795.0699210565,0.7651572809487105,0.5268571428571428,1112840.235687187,1914001.2595672116,0.5814208481444882,0.2022857142857143
WITCH,WITCH 5.0,ENGAGE-Feasibility-1000/Technology & Enablers & Institutional,ENGAGE,2C,Low both - excluded,269171.09380552155,550795.0699210565,0.48869553942104255,0.37142857142857144,1470978.7787112326,1914001.2595672116,0.768535951247935,0.3485714285714286
WITCH,WITCH 5.0,ENGAGE-Feasibility-Maximum-Effort/Enablers & Institutional,ENGAGE,2C,Low both - excluded,421640.68368582695,550795.0699210565,0.7655128135882902,0.528,1160546.2988506227,1914001.2595672116,0.6063456296329931,0.216
WITCH,WITCH 5.0,ENGAGE-Feasibility-Maximum-Effort/Enablers & Institutional [Optimistic],ENGAGE,2C,Low both - excluded,465843.63849608554,550795.0699210565,0.8457658100731607,0.5805714285714285,1175995.8733973945,1914001.2595672116,0.6144175023496626,0.22171428571428572
WITCH,WITCH 5.0,ENGAGE-Feasibility-Maximum-Effort/Enablers & Institutional [Pessimistic],ENGAGE,2C,Low both - excluded,398210.9139482637,550795.0699210565,0.7229747245292842,0.504,1151633.4465033005,1914001.2595672116,0.6016889700290503,0.21257142857142858
WITCH,WITCH 5.0,ENGAGE-Feasibility-Maximum-Effort/Institutional [Pessimistic],ENGAGE,2C,Low both - excluded,452509.2676999223,550795.0699210565,0.8215564960753532,0.5668571428571428,1897519.922544902,1914001.2595672116,0.991389066783563,0.656
WITCH,WITCH 5.0,ENGAGE-Feasibility-Maximum-Effort/Technology & Enablers & Institutional,ENGAGE,2C,Low both - excluded,269372.6092538173,550795.0699210565,0.4890614022606003,0.37257142857142855,1399363.8849824793,1914001.2595672116,0.7311196259603817,0.312
WITCH,WITCH 5.0,ENGAGE-Feasibility-Maximum-Effort/Technology & Enablers & Institutional [Optimistic],ENGAGE,2C,Low both - excluded,273367.00327362807,550795.0699210565,0.4963134534098295,0.37714285714285717,1431067.7980551904,1914001.2595672116,0.747683832966118,0.33485714285714285
WITCH,WITCH 5.0,ENGAGE-Feasibility-Maximum-Effort/Technology & Enablers & Institutional [Pessimistic],ENGAGE,2C,Low both - excluded,256151.78774289065,550795.0699210565,0.4650582434944524,0.36342857142857143,1244642.3960388037,1914001.2595672116,0.6502829555714288,0.23885714285714285
WITCH,WITCH 5.0,ENGAGE-INDCi2030-1200,ENGAGE,2C,Low both - excluded,489859.0630787664,550795.0699210565,0.8893671890508681,0.608,1913084.1549831303,1914001.2595672116,0.9995208443152808,0.6651428571428571
WITCH,WITCH 5.0,ENGAGE-INDCi2030-1200-NDCp,ENGAGE,2C,Low both - excluded,449832.1058678065,550795.0699210565,0.8166959554163753,0.5611428571428572,1908715.6735025833,1914001.2595672116,0.9972384625985965,0.664
WITCH,WITCH 5.0,ENGAGE-INDCi2030-1200f,ENGAGE,2C,Low both - excluded,509975.2171187855,550795.0699210565,0.9258892190009588,0.6285714285714286,1904548.8249336437,1914001.2595672116,0.9950614271613879,0.6617142857142857
WITCH,WITCH 5.0,ENGAGE-INDCi2030-1200f-NDCp,ENGAGE,2C,Low both - excluded,482689.14199447073,550795.0699210565,0.8763497866160146,0.5988571428571429,1900051.859904587,1914001.2595672116,0.992711917198122,0.6571428571428571
WITCH,WITCH 5.0,ENGAGE-INDCi2030-1400,ENGAGE,2C,Low both - excluded,394614.19833731727,550795.0699210565,0.7164446813111016,0.5017142857142857,1879620.7695331143,1914001.2595672116,0.9820373733495498,0.6445714285714286
WITCH,WITCH 5.0,ENGAGE-INDCi2030-1400-NDCp,ENGAGE,2C,Low both - excluded,378170.16023846413,550795.0699210565,0.6865895881977773,0.4868571428571429,1874024.590524036,1914001.2595672116,0.9791135617892879,0.6388571428571429
WITCH,WITCH 5.0,ENGAGE-INDCi2030-1400f,ENGAGE,2C,Low both - excluded,414442.43827904924,550795.0699210565,0.752443986723501,0.52,1864785.8575301478,1914001.2595672116,0.9742866407265623,0.6354285714285715
WITCH,WITCH 5.0,ENGAGE-INDCi2030-1400f-NDCp,ENGAGE,2C,Low both - excluded,403867.1098553011,550795.0699210565,0.7332438721958531,0.5085714285714286,1861467.2333410396,1914001.2595672116,0.9725527734302271,0.6285714285714286
WITCH,WITCH 5.0,ENGAGE-INDCi2030-1600,ENGAGE,2C,Low both - excluded,346746.9433777699,550795.0699210565,0.6295389380073207,0.4422857142857143,1842673.3960875305,1914001.2595672116,0.9627336381712677,0.616
WITCH,WITCH 5.0,ENGAGE-INDCi2030-1600-NDCp,ENGAGE,2C,Low both - excluded,343562.85876009776,550795.0699210565,0.6237580499936926,0.43657142857142855,1843434.6369690446,1914001.2595672116,0.9631313604181623,0.6171428571428571
WITCH,WITCH 5.0,ENGAGE-INDCi2030-1600f,ENGAGE,2C,Low both - excluded,349514.8899648371,550795.0699210565,0.6345643035892312,0.44342857142857145,1837781.645488922,1914001.2595672116,0.9601778662906815,0.6102857142857143
WITCH,WITCH 5.0,ENGAGE-INDCi2030-1600f-NDCp,ENGAGE,2C,Low both - excluded,345794.91090694204,550795.0699210565,0.6278104685223554,0.44114285714285717,1835053.8638642894,1914001.2595672116,0.958752693965952,0.608
WITCH,WITCH 5.0,ENGAGE-INDCi2030-1800,ENGAGE,2C,Low both - excluded,333840.471727011,550795.0699210565,0.6061064994188478,0.4205714285714286,1810005.0364118177,1914001.2595672116,0.9456655408999526,0.5942857142857143
WITCH,WITCH 5.0,ENGAGE-INDCi2030-1800-NDCp,ENGAGE,2C,Low both - excluded,332058.82013069297,550795.0699210565,0.6028718088894401,0.416,1808435.8676646317,1914001.2595672116,0.9448457040584968,0.5908571428571429
WITCH,WITCH 5.0,ENGAGE-INDCi2030-1800f,ENGAGE,2C,Low both - excluded,333840.471727011,550795.0699210565,0.6061064994188478,0.4205714285714286,1810005.0364118177,1914001.2595672116,0.9456655408999526,0.5942857142857143
WITCH,WITCH 5.0,ENGAGE-INDCi2030-1800f-NDCp,ENGAGE,2C,Low both - excluded,332058.82013069297,550795.0699210565,0.6028718088894401,0.416,1808435.8676646317,1914001.2595672116,0.9448457040584968,0.5908571428571429
WITCH,WITCH 5.0,ENGAGE-INDCi2030-2000,ENGAGE,2C,Low both - excluded,318423.2289096914,550795.0699210565,0.5781156119558766,0.4045714285714286,1784238.4625009072,1914001.2595672116,0.9322033899310778,0.5748571428571428
WITCH,WITCH 5.0,ENGAGE-INDCi2030-2000-NDCp,ENGAGE,2C,Low both - excluded,316914.3963717461,550795.0699210565,0.5753762400545239,0.4,1783431.1198559797,1914001.2595672116,0.9317815810942799,0.5725714285714286
WITCH,WITCH 5.0,ENGAGE-INDCi2030-2000f,ENGAGE,2C,Low both - excluded,318423.2289096914,550795.0699210565,0.5781156119558766,0.4045714285714286,1784238.4625009072,1914001.2595672116,0.9322033899310778,0.5748571428571428
WITCH,WITCH 5.0,ENGAGE-INDCi2030-2000f-NDCp,ENGAGE,2C,Low both - excluded,316914.3963717461,550795.0699210565,0.5753762400545239,0.4,1783431.1198559797,1914001.2595672116,0.9317815810942799,0.5725714285714286
WITCH,WITCH 5.0,ENGAGE-INDCi2030-2500,ENGAGE,2C,Low both - excluded,229976.37482884948,550795.0699210565,0.41753528197304157,0.3474285714285714,1741819.5416017282,1914001.2595672116,0.9100409589048982,0.5428571428571428
WITCH,WITCH 5.0,ENGAGE-INDCi2030-2500-NDCp,ENGAGE,2C,Low both - excluded,228748.89837039183,550795.0699210565,0.4153067281505944,0.34514285714285714,1742417.4399927869,1914001.2595672116,0.9103533403038497,0.5451428571428572
WITCH,WITCH 5.0,ENGAGE-INDCi2030-2500f,ENGAGE,2C,Low both - excluded,229976.37482884948,550795.0699210565,0.41753528197304157,0.3474285714285714,1741819.5416017282,1914001.2595672116,0.9100409589048982,0.5428571428571428
WITCH,WITCH 5.0,ENGAGE-INDCi2030-2500f-NDCp,ENGAGE,2C,Low both - excluded,228748.89837039183,550795.0699210565,0.4153067281505944,0.34514285714285714,1742417.4399927869,1914001.2595672116,0.9103533403038497,0.5451428571428572
WITCH,WITCH 5.0,ENGAGE-INDCi2030-3000,ENGAGE,2C,Low both - excluded,175139.37776330125,550795.0699210565,0.3179755726361228,0.2857142857142857,1689452.8477102227,1914001.2595672116,0.8826811577398005,0.5051428571428571
WITCH,WITCH 5.0,ENGAGE-INDCi2030-3000-NDCp,ENGAGE,2C,Low both - excluded,174556.16833735953,550795.0699210565,0.31691672251601316,0.2834285714285714,1689248.4138392278,1914001.2595672116,0.8825743480551291,0.5028571428571429
WITCH,WITCH 5.0,ENGAGE-INDCi2030-3000f,ENGAGE,2C,Low both - excluded,175139.37776330125,550795.0699210565,0.3179755726361228,0.2857142857142857,1689452.8477102227,1914001.2595672116,0.8826811577398005,0.5051428571428571
WITCH,WITCH 5.0,ENGAGE-INDCi2030-3000f-NDCp,ENGAGE,2C,Low both - excluded,174556.16833735953,550795.0699210565,0.31691672251601316,0.2834285714285714,1689248.4138392278,1914001.2595672116,0.8825743480551291,0.5028571428571429
WITCH,WITCH 5.0,ENGAGE-INDCi2100-NDCp,ENGAGE,2C,Low both - excluded,173149.52405861494,550795.0699210565,0.31436287925277157,0.2765714285714286,1730238.4840513025,1914001.2595672116,0.9039902536127583,0.536
WITCH,WITCH 5.0,ENGAGE-NPi2020-1000,ENGAGE,2C,Low both - excluded,492448.1728345952,550795.0699210565,0.8940678661215614,0.6114285714285714,1906558.3172082382,1914001.2595672116,0.9961113179410047,0.6628571428571428
WITCH,WITCH 5.0,ENGAGE-NPi2020-1000f,ENGAGE,2C,Low both - excluded,529252.1867214288,550795.0699210565,0.96088766153496,0.6377142857142857,1901043.863569549,1914001.2595672116,0.9932302050832545,0.6582857142857143
WITCH,WITCH 5.0,ENGAGE-NPi2020-1200,ENGAGE,2C,Low both - excluded,411410.4301860181,550795.0699210565,0.7469392023515826,0.5165714285714286,1872954.3540054194,1914001.2595672116,0.9785543999218299,0.6377142857142857
WITCH,WITCH 5.0,ENGAGE-NPi2020-1200f,ENGAGE,2C,Low both - excluded,450021.90527516964,550795.0699210565,0.8170405471125035,0.5622857142857143,1864170.375074734,1914001.2595672116,0.9739650722571911,0.632
WITCH,WITCH 5.0,ENGAGE-NPi2020-1400,ENGAGE,2C,Low both - excluded,375877.5561444778,550795.0699210565,0.6824272341405506,0.48342857142857143,1844570.4967755855,1914001.2595672116,0.9637248082024117,0.6182857142857143
WITCH,WITCH 5.0,ENGAGE-NPi2020-1400f,ENGAGE,2C,Low both - excluded,376586.70892625954,550795.0699210565,0.6837147416374558,0.4845714285714286,1833142.2488988251,1914001.2595672116,0.957753940722761,0.6068571428571429
WITCH,WITCH 5.0,ENGAGE-NPi2020-1600,ENGAGE,2C,Low both - excluded,355628.7579287911,550795.0699210565,0.6456643810914323,0.448,1815533.0352317835,1914001.2595672116,0.9485537306502644,0.5988571428571429
WITCH,WITCH 5.0,ENGAGE-NPi2020-1600f,ENGAGE,2C,Low both - excluded,356722.5253298596,550795.0699210565,0.6476501784610877,0.4502857142857143,1810922.34125713,1914001.2595672116,0.9461448012142952,0.5965714285714285
WITCH,WITCH 5.0,ENGAGE-NPi2020-1800,ENGAGE,2C,Low both - excluded,340800.48912433966,550795.0699210565,0.6187428096863419,0.4308571428571429,1787232.1445068135,1914001.2595672116,0.9337674860835448,0.5782857142857143
WITCH,WITCH 5.0,ENGAGE-NPi2020-1800f,ENGAGE,2C,Low both - excluded,340800.48912433966,550795.0699210565,0.6187428096863419,0.4308571428571429,1787232.1445068135,1914001.2595672116,0.9337674860835448,0.5782857142857143
WITCH,WITCH 5.0,ENGAGE-NPi2020-2000,ENGAGE,2C,Low both - excluded,318197.18668648327,550795.0699210565,0.5777052193515264,0.4022857142857143,1767086.4508188935,1914001.2595672116,0.9232420522118475,0.5588571428571428
WITCH,WITCH 5.0,ENGAGE-NPi2020-2000f,ENGAGE,2C,Low both - excluded,318197.18668648327,550795.0699210565,0.5777052193515264,0.4022857142857143,1767086.4508188935,1914001.2595672116,0.9232420522118475,0.5588571428571428
WITCH,WITCH 5.0,ENGAGE-NPi2020-2500,ENGAGE,2C,Low both - excluded,235819.75741654437,550795.0699210565,0.4281442777807426,0.352,1726900.0595336389,1914001.2595672116,0.9022460413239856,0.5302857142857142
WITCH,WITCH 5.0,ENGAGE-NPi2020-2500f,ENGAGE,2C,Low both - excluded,235819.75741654437,550795.0699210565,0.4281442777807426,0.352,1726900.0595336389,1914001.2595672116,0.9022460413239856,0.5302857142857142
WITCH,WITCH 5.0,ENGAGE-NPi2020-3000,ENGAGE,2C,Low both - excluded,177029.47041824774,550795.0699210565,0.32140714411917437,0.2914285714285714,1674029.831771535,1914001.2595672116,0.8746231609847853,0.49142857142857144
WITCH,WITCH 5.0,ENGAGE-NPi2020-3000f,ENGAGE,2C,Low both - excluded,177029.47041824774,550795.0699210565,0.32140714411917437,0.2914285714285714,1674029.831771535,1914001.2595672116,0.8746231609847853,0.49142857142857144
WITCH,WITCH 5.0,ENGAGE-NPi2100,ENGAGE,2C,Low both - excluded,140678.38706806774,550795.0699210565,0.25540967003976756,0.23657142857142857,1618135.9868192046,1914001.2595672116,0.8454205443862105,0.44685714285714284
WITCH,WITCH 5.0,ENGAGE-NoPolicy,ENGAGE,2C,Low both - excluded,140839.21137460644,550795.0699210565,0.2557016557806017,0.23885714285714285,1647963.8637976246,1914001.2595672116,0.861004586888442,0.47085714285714286
WITCH,WITCH 5.0,NAVIGATE Demand-1.5°C-ele_u,NAVIGATE,2C,High-RE,418646.671190666,550795.0699210565,0.760077012400763,0.5222857142857142,2409610.691229066,1914001.2595672116,1.258938926599202,0.8148571428571428
WITCH,WITCH 5.0,NAVIGATE Demand-1.5°C-ref,NAVIGATE,2C,High-RE,430854.7378809863,550795.0699210565,0.7822414567776345,0.544,2243960.1554728793,1914001.2595672116,1.1723922041620165,0.7954285714285714
WITCH,WITCH 5.0,NAVIGATE Demand-2.0°C-ele_u,NAVIGATE,2C,High-RE,420169.893334382,550795.0699210565,0.7628425094556555,0.5234285714285715,2213041.6752384715,1914001.2595672116,1.1562383588707137,0.7942857142857143
WITCH,WITCH 5.0,NAVIGATE Demand-2.0°C-ref,NAVIGATE,2C,High-RE,453239.6602806037,550795.0699210565,0.8228825656438155,0.568,2057839.085773717,1914001.2595672116,1.0751503299632255,0.7577142857142857
WITCH,WITCH 5.0,NAVIGATE Demand-1.5°C-act_u,NAVIGATE,2C,Low both - excluded,427954.98747917544,550795.0699210565,0.7769767938200912,0.5417142857142857,1877821.4315589038,1914001.2595672116,0.9810972809827259,0.6422857142857142
WITCH,WITCH 5.0,NAVIGATE Demand-1.5°C-all_u,NAVIGATE,2C,Low both - excluded,415575.0875615856,550795.0699210565,0.7545003763761874,0.5211428571428571,1742860.452035643,1914001.2595672116,0.9105847988991049,0.5474285714285714
WITCH,WITCH 5.0,NAVIGATE Demand-1.5°C-tec_u,NAVIGATE,2C,Low both - excluded,426989.85721833736,550795.0699210565,0.7752245445470968,0.5394285714285715,1653225.772869214,1914001.2595672116,0.863753753873201,0.472
WITCH,WITCH 5.0,NAVIGATE Demand-2.0°C-act_u,NAVIGATE,2C,Low both - excluded,448386.0129934157,550795.0699210565,0.8140704909680496,0.5588571428571428,1722211.1961712874,1914001.2595672116,0.8997962710644761,0.5257142857142857
WITCH,WITCH 5.0,NAVIGATE Demand-2.0°C-all_u,NAVIGATE,2C,Low both - excluded,421384.97083956434,550795.0699210565,0.7650485522681965,0.5257142857142857,1599259.5283287663,1914001.2595672116,0.8355582423652043,0.43314285714285716
WITCH,WITCH 5.0,NAVIGATE Demand-2.0°C-tec_u,NAVIGATE,2C,Low both - excluded,446230.35206111055,550795.0699210565,0.8101567650652123,0.5565714285714286,1560316.2091479485,1914001.2595672116,0.8152116940094192,0.40914285714285714
WITCH,WITCH 5.0,NAVIGATE Demand-NPi-act,NAVIGATE,2C,Low both - excluded,187989.61093882006,550795.0699210565,0.34130590705135383,0.30857142857142855,1488276.6702395917,1914001.2595672116,0.7775735061826012,0.36228571428571427
WITCH,WITCH 5.0,NAVIGATE Demand-NPi-all,NAVIGATE,2C,Low both - excluded,180554.18720678572,550795.0699210565,0.327806469351049,0.296,1387269.684921064,1914001.2595672116,0.7248008213091507,0.30628571428571427
WITCH,WITCH 5.0,NAVIGATE Demand-NPi-ele,NAVIGATE,2C,Low both - excluded,176899.78559621953,550795.0699210565,0.32117169389619615,0.29028571428571426,1875026.96206966,1914001.2595672116,0.9796372665364053,0.64
WITCH,WITCH 5.0,NAVIGATE Demand-NPi-ref,NAVIGATE,2C,Low both - excluded,184004.87007128264,550795.0699210565,0.3340713817530273,0.304,1768141.861077498,1914001.2595672116,0.923793467867051,0.5611428571428572
WITCH,WITCH 5.0,NAVIGATE Demand-NPi-tec,NAVIGATE,2C,Low both - excluded,188199.08537317993,550795.0699210565,0.3416862198860165,0.3097142857142857,1414972.463816486,1914001.2595672116,0.7392745729626299,0.32457142857142857
