approach,Region,Ambition,outcome,n_cmt,n_re,median_cmt,median_re,re_minus_cmt
A,Aggregated R10 regions,1.5C (High-Ambition),gap_GJ_pc,53,43,18.6670596404233,12.9757685762586,-5.6912910641647
A,Aggregated R10 regions,1.5C (High-Ambition),headcount_pct,53,43,6.86062190860604,4.61430103001869,-2.2463208785873503
A,Aggregated R10 regions,1.5C (High-Ambition),net_re_jobs_per_1k,53,43,290.97032237792,686.780456483417,395.81013410549696
A,Aggregated R10 regions,2C (Medium-Ambition),gap_GJ_pc,217,222,15.5169521435752,11.0588262630121,-4.458125880563099
A,Aggregated R10 regions,2C (Medium-Ambition),headcount_pct,217,222,5.796357860466835,4.021770586738485,-1.7745872737283497
A,Aggregated R10 regions,2C (Medium-Ambition),net_re_jobs_per_1k,217,222,173.109173267742,461.4377749937015,288.3286017259595
A,R10AFRICA,1.5C (High-Ambition),gap_GJ_pc,53,43,67.2700331330091,45.1457188204975,-22.124314312511594
A,R10AFRICA,1.5C (High-Ambition),headcount_pct,53,43,27.5555493716099,17.549883341983,-10.005666029626898
A,R10AFRICA,1.5C (High-Ambition),net_re_jobs_per_1k,53,43,225.8017250121575,1057.55336154611,831.7516365339525
A,R10AFRICA,2C (Medium-Ambition),gap_GJ_pc,216,222,65.561746300554,40.769604317349845,-24.79214198320416
A,R10AFRICA,2C (Medium-Ambition),headcount_pct,216,222,25.9005824719875,16.368165593057,-9.532416878930501
A,R10AFRICA,2C (Medium-Ambition),net_re_jobs_per_1k,216,222,167.3739743770795,705.7819418589925,538.4079674819129
A,R10CHINA+,1.5C (High-Ambition),gap_GJ_pc,53,43,1.14144801203479,0.800191775410923,-0.34125623662386706
A,R10CHINA+,1.5C (High-Ambition),headcount_pct,53,43,0.588788573559263,0.41556049374527,-0.17322807981399296
A,R10CHINA+,1.5C (High-Ambition),net_re_jobs_per_1k,53,43,209.46643845025102,333.69619498301,124.22975653275898
A,R10CHINA+,2C (Medium-Ambition),gap_GJ_pc,217,222,0.80684901903603,0.679238477729478,-0.12761054130655203
A,R10CHINA+,2C (Medium-Ambition),headcount_pct,217,222,0.42043292405787547,0.357723991517567,-0.06270893254030846
A,R10CHINA+,2C (Medium-Ambition),net_re_jobs_per_1k,217,222,157.684536110868,248.677057057535,90.99252094666699
A,R10EUROPE,1.5C (High-Ambition),gap_GJ_pc,53,43,5.9456693464225,2.80384594939442,-3.1418233970280802
A,R10EUROPE,1.5C (High-Ambition),headcount_pct,53,43,1.69842945074847,1.01875607173491,-0.6796733790135601
A,R10EUROPE,1.5C (High-Ambition),net_re_jobs_per_1k,53,43,91.5041719187497,154.486925888192,62.982753969442285
A,R10EUROPE,2C (Medium-Ambition),gap_GJ_pc,217,222,3.3224446506913248,2.659510329130415,-0.6629343215609098
A,R10EUROPE,2C (Medium-Ambition),headcount_pct,217,222,1.0460249244753101,0.9621247200247285,-0.08390020445058166
A,R10EUROPE,2C (Medium-Ambition),net_re_jobs_per_1k,217,222,57.0021718464584,114.8884908142865,57.886318967828096
A,R10INDIA+,1.5C (High-Ambition),gap_GJ_pc,53,43,1.09401361105107,0.530749541329695,-0.5632640697213751
A,R10INDIA+,1.5C (High-Ambition),headcount_pct,53,43,0.998136929813239,0.500067701503105,-0.498069228310134
A,R10INDIA+,1.5C (High-Ambition),net_re_jobs_per_1k,53,43,268.02232322177247,1000.640160358,732.6178371362275
A,R10INDIA+,2C (Medium-Ambition),gap_GJ_pc,216,222,1.12627382745669,0.4484452015558415,-0.6778286259008484
A,R10INDIA+,2C (Medium-Ambition),headcount_pct,216,222,1.08563091583884,0.419202085803422,-0.666428830035418
A,R10INDIA+,2C (Medium-Ambition),net_re_jobs_per_1k,216,222,209.719520315231,664.660787472068,454.94126715683706
A,R10LATIN_AM,1.5C (High-Ambition),gap_GJ_pc,53,43,62.9430828332595,39.8052819754885,-23.137800857771005
A,R10LATIN_AM,1.5C (High-Ambition),headcount_pct,53,43,17.8315177526121,10.279955414957,-7.551562337655101
A,R10LATIN_AM,1.5C (High-Ambition),net_re_jobs_per_1k,53,43,271.6442738948965,492.411535242111,220.76726134721446
A,R10LATIN_AM,2C (Medium-Ambition),gap_GJ_pc,217,222,50.98331171444195,39.591259581269895,-11.392052133172058
A,R10LATIN_AM,2C (Medium-Ambition),headcount_pct,217,222,13.85268964713525,10.4028624177498,-3.44982722938545
A,R10LATIN_AM,2C (Medium-Ambition),net_re_jobs_per_1k,217,222,166.31491594985,360.033521618885,193.71860566903501
A,R10MIDDLE_EAST,1.5C (High-Ambition),gap_GJ_pc,53,43,1.50717395175093,2.73258832722409,1.22541437547316
A,R10MIDDLE_EAST,1.5C (High-Ambition),headcount_pct,53,43,0.725799755572774,1.10911621561611,0.3833164600433361
A,R10MIDDLE_EAST,1.5C (High-Ambition),net_re_jobs_per_1k,53,43,294.177519413072,851.026534492647,556.849015079575
A,R10MIDDLE_EAST,2C (Medium-Ambition),gap_GJ_pc,216,222,0.804509400944393,2.247906182212815,1.4433967812684219
A,R10MIDDLE_EAST,2C (Medium-Ambition),headcount_pct,216,222,0.436910979616319,0.9134186948927594,0.4765077152764404
A,R10MIDDLE_EAST,2C (Medium-Ambition),net_re_jobs_per_1k,216,222,127.524039908988,538.4241056404164,410.9000657314284
A,R10NORTH_AM,1.5C (High-Ambition),gap_GJ_pc,53,43,7.62078610870211,8.50998473935869,0.8891986306565789
A,R10NORTH_AM,1.5C (High-Ambition),headcount_pct,53,43,1.6372777869747701,2.11835509034969,0.48107730337492005
A,R10NORTH_AM,1.5C (High-Ambition),net_re_jobs_per_1k,53,43,190.783524473276,344.593232282111,153.809707808835
A,R10NORTH_AM,2C (Medium-Ambition),gap_GJ_pc,217,222,7.06607416076594,8.048177192299164,0.9821030315332244
A,R10NORTH_AM,2C (Medium-Ambition),headcount_pct,217,222,1.80303957323076,2.0770919438463853,0.27405237061562526
A,R10NORTH_AM,2C (Medium-Ambition),net_re_jobs_per_1k,217,222,106.448299313048,209.393379759205,102.94508044615701
A,R10PAC_OECD,1.5C (High-Ambition),gap_GJ_pc,53,43,5.7378551696356,6.50062364092242,0.7627684712868197
A,R10PAC_OECD,1.5C (High-Ambition),headcount_pct,53,43,1.57361264950864,1.79117978244348,0.2175671329348401
A,R10PAC_OECD,1.5C (High-Ambition),net_re_jobs_per_1k,53,43,138.1258554540005,127.763850571982,-10.362004882018482
A,R10PAC_OECD,2C (Medium-Ambition),gap_GJ_pc,216,218,3.87906552200746,5.147554999351286,1.2684894773438256
A,R10PAC_OECD,2C (Medium-Ambition),headcount_pct,216,218,1.0507305181276,1.42499438761699,0.37426386948938983
A,R10PAC_OECD,2C (Medium-Ambition),net_re_jobs_per_1k,216,218,76.89548972914764,94.94427342569595,18.048783696548313
A,R10REF_ECON,1.5C (High-Ambition),gap_GJ_pc,53,43,1.87263462945466,1.95986009250957,0.08722546305490986
A,R10REF_ECON,1.5C (High-Ambition),headcount_pct,53,43,0.758233801628801,0.67143191324741,-0.08680188838139102
A,R10REF_ECON,1.5C (High-Ambition),net_re_jobs_per_1k,53,43,503.39426950570396,879.043640954802,375.649371449098
A,R10REF_ECON,2C (Medium-Ambition),gap_GJ_pc,217,222,1.15018210389208,1.3912903518564401,0.24110824796436003
A,R10REF_ECON,2C (Medium-Ambition),headcount_pct,217,222,0.4499378985607005,0.514844375328162,0.06490647676746147
A,R10REF_ECON,2C (Medium-Ambition),net_re_jobs_per_1k,217,222,297.827126375474,600.9110268784565,303.0839005029825
A,R10REST_ASIA,1.5C (High-Ambition),gap_GJ_pc,53,43,10.6536473314479,8.33412220666363,-2.3195251247842705
A,R10REST_ASIA,1.5C (High-Ambition),headcount_pct,53,43,4.79511733358077,3.85289950607219,-0.9422178275085806
A,R10REST_ASIA,1.5C (High-Ambition),net_re_jobs_per_1k,53,43,170.70017255593552,836.821919590924,666.1217470349885
A,R10REST_ASIA,2C (Medium-Ambition),gap_GJ_pc,216,222,3.82732164573022,6.843588964968831,3.0162673192386107
A,R10REST_ASIA,2C (Medium-Ambition),headcount_pct,216,222,2.05050197042548,3.067067216272535,1.016565245847055
A,R10REST_ASIA,2C (Medium-Ambition),net_re_jobs_per_1k,216,222,98.27148178417875,540.3428505685356,442.0713687843569
C,Aggregated R10 regions,1.5C (High-Ambition),gap_GJ_pc,7,7,20.7611762911255,18.3963744308508,-2.364801860274703
C,Aggregated R10 regions,1.5C (High-Ambition),headcount_pct,7,7,7.84982921276773,6.86227038505792,-0.98755882770981
C,Aggregated R10 regions,1.5C (High-Ambition),net_re_jobs_per_1k,7,7,264.360800446051,526.35060572005,261.989805273999
C,Aggregated R10 regions,2C (Medium-Ambition),gap_GJ_pc,63,63,19.0468039059758,20.4777911849095,1.4309872789336993
C,Aggregated R10 regions,2C (Medium-Ambition),headcount_pct,63,63,6.86603658292006,7.60077498164794,0.7347383987278802
C,Aggregated R10 regions,2C (Medium-Ambition),net_re_jobs_per_1k,63,63,181.542892400061,292.895961025399,111.35306862533801
C,R10AFRICA,1.5C (High-Ambition),gap_GJ_pc,7,7,72.8426951710033,71.6156046558171,-1.2270905151862053
C,R10AFRICA,1.5C (High-Ambition),headcount_pct,7,7,30.1976654084044,28.0480496024555,-2.1496158059489012
C,R10AFRICA,1.5C (High-Ambition),net_re_jobs_per_1k,7,7,350.325431959635,873.998830429395,523.67339846976
C,R10AFRICA,2C (Medium-Ambition),gap_GJ_pc,63,63,82.318184835764,77.6288405412875,-4.6893442944764985
C,R10AFRICA,2C (Medium-Ambition),headcount_pct,63,63,31.9261531445689,33.2254193892564,1.2992662446875016
C,R10AFRICA,2C (Medium-Ambition),net_re_jobs_per_1k,63,63,282.007983681296,369.537718058782,87.52973437748597
C,R10CHINA+,1.5C (High-Ambition),gap_GJ_pc,7,7,0.939929362923797,0.738413645737899,-0.201515717185898
C,R10CHINA+,1.5C (High-Ambition),headcount_pct,7,7,0.517270297028719,0.458617759209414,-0.05865253781930496
C,R10CHINA+,1.5C (High-Ambition),net_re_jobs_per_1k,7,7,162.047975381128,246.925466170506,84.87749078937802
C,R10CHINA+,2C (Medium-Ambition),gap_GJ_pc,63,63,0.53667210524912,0.719299116854658,0.18262701160553796
C,R10CHINA+,2C (Medium-Ambition),headcount_pct,63,63,0.299911628229314,0.352048962317971,0.052137334088657006
C,R10CHINA+,2C (Medium-Ambition),net_re_jobs_per_1k,63,63,132.446910688855,275.907057567035,143.46014687817998
C,R10EUROPE,1.5C (High-Ambition),gap_GJ_pc,7,7,8.53530971635323,5.22453315636936,-3.3107765599838705
C,R10EUROPE,1.5C (High-Ambition),headcount_pct,7,7,3.15697723572228,2.03222498151215,-1.1247522542101298
C,R10EUROPE,1.5C (High-Ambition),net_re_jobs_per_1k,7,7,23.8506092222523,118.722499543395,94.8718903211427
C,R10EUROPE,2C (Medium-Ambition),gap_GJ_pc,63,63,4.4162809816243,3.65965139100185,-0.7566295906224494
C,R10EUROPE,2C (Medium-Ambition),headcount_pct,63,63,1.61790250997671,1.02944174866836,-0.5884607613083499
C,R10EUROPE,2C (Medium-Ambition),net_re_jobs_per_1k,63,63,65.0899470475308,125.74933408942,60.659387041889204
C,R10INDIA+,1.5C (High-Ambition),gap_GJ_pc,7,7,0.992205326196613,0.660955728228331,-0.3312495979682819
C,R10INDIA+,1.5C (High-Ambition),headcount_pct,7,7,0.913403168037712,0.608252574721701,-0.305150593316011
C,R10INDIA+,1.5C (High-Ambition),net_re_jobs_per_1k,7,7,221.1060361948,663.331580139787,442.22554394498695
C,R10INDIA+,2C (Medium-Ambition),gap_GJ_pc,63,63,1.20974276372571,0.917242729553176,-0.2925000341725341
C,R10INDIA+,2C (Medium-Ambition),headcount_pct,63,63,1.2027802870095,0.813147376032366,-0.38963291097713393
C,R10INDIA+,2C (Medium-Ambition),net_re_jobs_per_1k,63,63,281.934871247928,256.901383269936,-25.033487977992024
C,R10LATIN_AM,1.5C (High-Ambition),gap_GJ_pc,7,7,72.5392736584028,51.2469090218298,-21.292364636573005
C,R10LATIN_AM,1.5C (High-Ambition),headcount_pct,7,7,20.3079126940389,13.5759297397709,-6.731982954268002
C,R10LATIN_AM,1.5C (High-Ambition),net_re_jobs_per_1k,7,7,209.827738009531,367.968438577386,158.140700567855
C,R10LATIN_AM,2C (Medium-Ambition),gap_GJ_pc,63,63,60.5793970716066,53.17165712315,-7.4077399484566016
C,R10LATIN_AM,2C (Medium-Ambition),headcount_pct,63,63,16.8536793717498,14.0814975298035,-2.772181841946299
C,R10LATIN_AM,2C (Medium-Ambition),net_re_jobs_per_1k,63,63,170.404616320625,276.432725094885,106.02810877425998
C,R10MIDDLE_EAST,1.5C (High-Ambition),gap_GJ_pc,7,7,1.11309300057871,1.18031542749116,0.06722242691244995
C,R10MIDDLE_EAST,1.5C (High-Ambition),headcount_pct,7,7,0.651515884126021,0.622295228563963,-0.029220655562057996
C,R10MIDDLE_EAST,1.5C (High-Ambition),net_re_jobs_per_1k,7,7,178.957485975461,1004.17244018695,825.2149542114889
C,R10MIDDLE_EAST,2C (Medium-Ambition),gap_GJ_pc,63,63,0.758279941728957,2.51077893894881,1.752498997219853
C,R10MIDDLE_EAST,2C (Medium-Ambition),headcount_pct,63,63,0.39279894273845,1.00884600702632,0.6160470642878701
C,R10MIDDLE_EAST,2C (Medium-Ambition),net_re_jobs_per_1k,63,63,125.169032084174,504.255642928421,379.08661084424705
C,R10NORTH_AM,1.5C (High-Ambition),gap_GJ_pc,7,7,25.2773306587082,13.2615204307017,-12.0158102280065
C,R10NORTH_AM,1.5C (High-Ambition),headcount_pct,7,7,6.3290320632834,3.52518354508019,-2.8038485182032096
C,R10NORTH_AM,1.5C (High-Ambition),net_re_jobs_per_1k,7,7,152.921272542271,241.526132467726,88.604859925455
C,R10NORTH_AM,2C (Medium-Ambition),gap_GJ_pc,63,63,18.3709047584503,6.43628160273126,-11.934623155719041
C,R10NORTH_AM,2C (Medium-Ambition),headcount_pct,63,63,4.78783337822107,1.34934482198619,-3.4384885562348795
C,R10NORTH_AM,2C (Medium-Ambition),net_re_jobs_per_1k,63,63,101.324951683881,245.240545118653,143.915593434772
C,R10PAC_OECD,1.5C (High-Ambition),gap_GJ_pc,7,7,9.00201799164766,6.11560969549242,-2.88640829615524
C,R10PAC_OECD,1.5C (High-Ambition),headcount_pct,7,7,2.52920058837092,1.79117978244348,-0.7380208059274398
C,R10PAC_OECD,1.5C (High-Ambition),net_re_jobs_per_1k,7,7,106.424900189605,143.429969661013,37.00506947140799
C,R10PAC_OECD,2C (Medium-Ambition),gap_GJ_pc,63,62,3.93397976431725,4.47078805688305,0.5368082925658002
C,R10PAC_OECD,2C (Medium-Ambition),headcount_pct,63,62,1.16179725323399,1.12898134049835,-0.032815912735639996
C,R10PAC_OECD,2C (Medium-Ambition),net_re_jobs_per_1k,63,62,141.195759452254,145.943477944752,4.747718492497995
C,R10REF_ECON,1.5C (High-Ambition),gap_GJ_pc,7,7,1.77096374317393,1.31153392072612,-0.45942982244780994
C,R10REF_ECON,1.5C (High-Ambition),headcount_pct,7,7,0.755059175615771,0.559635226214266,-0.19542394940150498
C,R10REF_ECON,1.5C (High-Ambition),net_re_jobs_per_1k,7,7,440.264777239782,866.589295959827,426.32451872004503
C,R10REF_ECON,2C (Medium-Ambition),gap_GJ_pc,63,63,1.37915849805673,2.18720688980904,0.80804839175231
C,R10REF_ECON,2C (Medium-Ambition),headcount_pct,63,63,0.576277186869923,0.677437509445102,0.10116032257517893
C,R10REF_ECON,2C (Medium-Ambition),net_re_jobs_per_1k,63,63,277.878262722709,911.366905273495,633.488642550786
C,R10REST_ASIA,1.5C (High-Ambition),gap_GJ_pc,7,7,11.3478220478673,10.6536473314479,-0.6941747164194005
C,R10REST_ASIA,1.5C (High-Ambition),headcount_pct,7,7,5.30264342796993,4.7267559333847204,-0.5758874945852099
C,R10REST_ASIA,1.5C (High-Ambition),net_re_jobs_per_1k,7,7,171.367943495582,570.923642913954,399.555699418372
C,R10REST_ASIA,2C (Medium-Ambition),gap_GJ_pc,63,63,3.73045461854584,10.7076476743223,6.9771930557764605
C,R10REST_ASIA,2C (Medium-Ambition),headcount_pct,63,63,1.99865881098902,5.08995310732928,3.0912942963402603
C,R10REST_ASIA,2C (Medium-Ambition),net_re_jobs_per_1k,63,63,99.9973723708854,210.840504595208,110.84313222432259
