Model,Scenario
AIM/CGE V2.2,ENGAGE-Feasibility-1000/Cost-Effective
AIM/CGE V2.2,ENGAGE-Feasibility-1000/Enablers & Institutional
AIM/CGE V2.2,ENGAGE-Feasibility-1000/Institutional
AIM/CGE V2.2,ENGAGE-Feasibility-1000/Technology
AIM/CGE V2.2,ENGAGE-Feasibility-1000/Technology & Enablers & Institutional
AIM/CGE V2.2,ENGAGE-Feasibility-1000/Technology & Institutional
AIM/CGE V2.2,ENGAGE-Feasibility-Maximum-Effort/Cost-Effective
AIM/CGE V2.2,ENGAGE-Feasibility-Maximum-Effort/Enablers & Institutional
AIM/CGE V2.2,ENGAGE-Feasibility-Maximum-Effort/Institutional
AIM/CGE V2.2,ENGAGE-Feasibility-Maximum-Effort/Technology
AIM/CGE V2.2,ENGAGE-INDCi2030-1000f
AIM/CGE V2.2,ENGAGE-INDCi2030-1200
AIM/CGE V2.2,ENGAGE-INDCi2030-1200f
AIM/CGE V2.2,ENGAGE-INDCi2030-1400
AIM/CGE V2.2,ENGAGE-INDCi2030-1400f
AIM/CGE V2.2,ENGAGE-INDCi2030-1600
AIM/CGE V2.2,ENGAGE-INDCi2030-1600f
AIM/CGE V2.2,ENGAGE-INDCi2030-1800
AIM/CGE V2.2,ENGAGE-INDCi2030-1800f
AIM/CGE V2.2,ENGAGE-INDCi2100
AIM/CGE V2.2,ENGAGE-NPi2020-1000
AIM/CGE V2.2,ENGAGE-NPi2020-1000f
AIM/CGE V2.2,ENGAGE-NPi2020-1200
AIM/CGE V2.2,ENGAGE-NPi2020-1200f
AIM/CGE V2.2,ENGAGE-NPi2020-1400
AIM/CGE V2.2,ENGAGE-NPi2020-1400f
AIM/CGE V2.2,ENGAGE-NPi2020-1600
AIM/CGE V2.2,ENGAGE-NPi2020-1600f
AIM/CGE V2.2,ENGAGE-NPi2020-1800
AIM/CGE V2.2,ENGAGE-NPi2020-1800f
AIM/CGE V2.2,ENGAGE-NPi2020-300f
AIM/CGE V2.2,ENGAGE-NPi2020-400f
AIM/CGE V2.2,ENGAGE-NPi2020-500f
AIM/CGE V2.2,ENGAGE-NPi2020-600
AIM/CGE V2.2,ENGAGE-NPi2020-600f
AIM/CGE V2.2,ENGAGE-NPi2020-800f
AIM/CGE V2.2,ENGAGE-NPi2020-900
AIM/CGE V2.2,ENGAGE-NPi2020-900f
COFFEE 1.1,COMMIT-2<U+00B0>C-2020
COFFEE 1.1,COMMIT-2<U+00B0>C-2030
COFFEE 1.1,COMMIT-Bridge
COFFEE 1.1,ENGAGE-INDCi2030-1000f-NDCp
COFFEE 1.1,ENGAGE-INDCi2030-500
COFFEE 1.1,ENGAGE-INDCi2030-600
COFFEE 1.1,ENGAGE-INDCi2030-600-NDCp
COFFEE 1.1,ENGAGE-INDCi2030-600f-COV-NDCp
COFFEE 1.1,ENGAGE-INDCi2030-600f-NDCp
COFFEE 1.1,ENGAGE-INDCi2030-700
COFFEE 1.1,ENGAGE-NPi2020-1000f-COV
COFFEE 1.1,ENGAGE-NPi2020-400-lowBECCS
COFFEE 1.1,ENGAGE-NPi2020-400f-lowBECCS
COFFEE 1.1,ENGAGE-NPi2020-500
COFFEE 1.1,ENGAGE-NPi2020-600
COFFEE 1.1,ENGAGE-NPi2020-600f-COV
COFFEE 1.5,NAVIGATE Demand-2.0<U+00B0>C-act_u
COFFEE 1.5,NAVIGATE Demand-2.0<U+00B0>C-ele_u
COFFEE 1.5,NAVIGATE Demand-2.0<U+00B0>C-ref
COFFEE 1.5,NAVIGATE Demand-2.0<U+00B0>C-tec_u
GCAM 5.2,NGFS Phase 1-Immediate 2C<U+00B0>C with CDR
GCAM 5.3,Deep-Mitigation-MAC_30_n0
GCAM 5.3,Deep-Mitigation-MAC_35_n0
GCAM 5.3,Deep-Mitigation-MAC_35_n8
GCAM 5.3,Deep-Mitigation-MAC_40_n0
GCAM 5.3,Deep-Mitigation-MAC_40_n8
GCAM 5.3,Deep-Mitigation-MAC_45_n0
GCAM 5.3,Deep-Mitigation-MAC_45_n8
GCAM 5.3,Deep-Mitigation-MAC_50_n0
GCAM 5.3,Deep-Mitigation-MAC_50_n8
GCAM 5.3,Deep-Mitigation-MAC_55_n0
GCAM 5.3,Deep-Mitigation-MAC_55_n8
GCAM 5.3,Deep-Mitigation-MAC_60_n0
GCAM 5.3,Deep-Mitigation-MAC_60_n8
GCAM 5.3,Deep-Mitigation-MAC_65_n0
GCAM 5.3,Deep-Mitigation-MAC_65_n8
GCAM 5.3,Deep-Mitigation-MAC_70_n0
GCAM 5.3,Deep-Mitigation-MAC_70_n8
GCAM 5.3,Deep-Mitigation-MAC_75_n0
GCAM 5.3,Deep-Mitigation-MAC_75_n8
GCAM 5.3,Deep-Mitigation-MAC_80_n0
GCAM 5.3,Deep-Mitigation-MAC_80_n8
GCAM 5.3,Deep-Mitigation-MAC_85_n0
GCAM 5.3,Deep-Mitigation-MAC_85_n8
GCAM 5.3,Deep-Mitigation-MAC_90_n0
GCAM 5.3,Deep-Mitigation-MAC_90_n8
GCAM 5.3,Deep-Mitigation-MAC_95_n0
GCAM 5.3,Deep-Mitigation-MAC_95_n8
GCAM 5.3,Deep-Mitigation-MAC_99_n0
GCAM 5.3,Deep-Mitigation-MAC_99_n8
GCAM 5.3,Deep-Mitigation-SSP2
GCAM 5.3,Deep-Mitigation-SSP3
GCAM 5.3,Deep-Mitigation-SSP4
GCAM 5.3,Deep-Mitigation-SSP5
GCAM 5.3,NGFS Phase 2-Below 2<U+00B0>C
GCAM 5.3,NGFS Phase 2-Delayed Transition
GCAM 5.3,NGFS Phase 2-Nationally Determined Contributions (NDCs)
GCAM 6.0 NGFS,NGFS Phase 5-Below 2<U+00B0>C
GCAM 6.0 NGFS,NGFS Phase 5-Delayed Transition
GCAM 6.0 NGFS,NGFS Phase 5-Fragmented World
GCAM 6.0 NGFS,NGFS Phase 5-Low Demand
GCAM 6.0 NGFS,NGFS Phase 5-Nationally Determined Contributions (NDCs)
GCAM 6.0 NGFS,NGFS Phase 5-Net-Zero 2050
GCAM 7.0,IAM-COMPACT-Current-Policies-Emissions-Intensity
GCAM 7.0,IAM-COMPACT-NDC-Emissions-Intensity
GCAM 7.0,IAM-COMPACT-NDC-Long-Term-Pledges
GEM-E3 V2021,ENGAGE-INDCi2030-1000
GEM-E3 V2021,ENGAGE-INDCi2030-1000-COV
GEM-E3 V2021,ENGAGE-INDCi2030-1000-COV-NDCp
GEM-E3 V2021,ENGAGE-INDCi2030-1000-NDCp
GEM-E3 V2021,ENGAGE-INDCi2030-1000f
GEM-E3 V2021,ENGAGE-INDCi2030-1000f-COV
GEM-E3 V2021,ENGAGE-INDCi2030-1000f-COV-NDCp
GEM-E3 V2021,ENGAGE-INDCi2030-1000f-NDCp
GEM-E3 V2021,ENGAGE-INDCi2030-1400
GEM-E3 V2021,ENGAGE-INDCi2030-1400f
GEM-E3 V2021,ENGAGE-INDCi2030-1800
GEM-E3 V2021,ENGAGE-INDCi2030-1800f
GEM-E3 V2021,ENGAGE-INDCi2030-800
GEM-E3 V2021,ENGAGE-NPi2020-1000
GEM-E3 V2021,ENGAGE-NPi2020-1000-COV
GEM-E3 V2021,ENGAGE-NPi2020-1000f
GEM-E3 V2021,ENGAGE-NPi2020-1000f-COV
GEM-E3 V2021,ENGAGE-NPi2020-1400
GEM-E3 V2021,ENGAGE-NPi2020-1400f
GEM-E3 V2021,ENGAGE-NPi2020-1800
GEM-E3 V2021,ENGAGE-NPi2020-1800f
GEM-E3 V2021,ENGAGE-NPi2020-600
GEM-E3 V2021,ENGAGE-NPi2020-600f
GEM-E3 V2021,ENGAGE-NPi2020-800
GEM-E3 V2021,ENGAGE-NPi2020-800f
IMAGE 3.0,COMMIT-2<U+00B0>C-2020
IMAGE 3.0,COMMIT-2<U+00B0>C-2030
IMAGE 3.0,COMMIT-Bridge
IMAGE 3.0,ENGAGE-INDCi2030-1000
IMAGE 3.0,ENGAGE-INDCi2030-1000f
IMAGE 3.0,ENGAGE-INDCi2030-1200
IMAGE 3.0,ENGAGE-INDCi2030-1200f
IMAGE 3.0,ENGAGE-INDCi2030-1400
IMAGE 3.0,ENGAGE-INDCi2030-1400f
IMAGE 3.0,ENGAGE-INDCi2030-3000
IMAGE 3.0,ENGAGE-INDCi2030-3000f
IMAGE 3.0,ENGAGE-INDCi2030-800f
IMAGE 3.0,ENGAGE-NPi2020-1000
IMAGE 3.0,ENGAGE-NPi2020-1000f
IMAGE 3.0,ENGAGE-NPi2020-1200
IMAGE 3.0,ENGAGE-NPi2020-1200f
IMAGE 3.0,ENGAGE-NPi2020-1400
IMAGE 3.0,ENGAGE-NPi2020-1400f
IMAGE 3.0,ENGAGE-NPi2020-3000
IMAGE 3.0,ENGAGE-NPi2020-3000f
IMAGE 3.0,ENGAGE-NPi2020-600f
IMAGE 3.0,ENGAGE-NPi2020-800
IMAGE 3.0,ENGAGE-NPi2020-800f
IMAGE 3.2,ENGAGE-Feasibility-1000/Cost-Effective
IMAGE 3.2,ENGAGE-Feasibility-1000/Institutional
IMAGE 3.2,ENGAGE-Feasibility-Maximum-Effort/Cost-Effective
IMAGE 3.2,ENGAGE-Feasibility-Maximum-Effort/Institutional
IMAGE 3.2,SSP2021-SSP1-SPA1-19-Default
IMAGE 3.2,SSP2021-SSP1-SPA1-19-Default-LowBiomass
IMAGE 3.2,SSP2021-SSP1-SPA1-19-Lifestyle
IMAGE 3.2,SSP2021-SSP1-SPA1-19-Lifestyle-Renewables
IMAGE 3.2,SSP2021-SSP1-SPA1-19-Lifestyle-Renewables-LowBiomass
IMAGE 3.2,SSP2021-SSP1-SPA1-19-Renewables
IMAGE 3.2,SSP2021-SSP1-SPA1-19-Renewables-LowBiomass
IMAGE 3.2,SSP2021-SSP1-SPA1-26-Default
IMAGE 3.2,SSP2021-SSP1-SPA1-26-Lifestyle-Renewables
IMAGE 3.2,SSP2021-SSP1-SPA1-34-Lifestyle-Renewables
IMAGE 3.2,SSP2021-SSP1-SPA1-34-Renewables
IMAGE 3.2,SSP2021-SSP2-SPA0-26-Default
IMAGE 3.2,SSP2021-SSP2-SPA1-19-Default-LowBiomass
IMAGE 3.2,SSP2021-SSP2-SPA1-19-Lifestyle-Renewables-LowBiomass
IMAGE 3.2,SSP2021-SSP2-SPA2-19-Default
IMAGE 3.2,SSP2021-SSP2-SPA2-19-Lifestyle
IMAGE 3.2,SSP2021-SSP2-SPA2-19-Lifestyle-Renewables
IMAGE 3.2,SSP2021-SSP2-SPA2-19-Renewables
IMAGE 3.2,SSP2021-SSP2-SPA2-26-Default
IMAGE 3.2,SSP2021-SSP2-SPA2-26-Lifestyle
IMAGE 3.2,SSP2021-SSP2-SPA2-26-Lifestyle-Renewables
IMAGE 3.2,SSP2021-SSP2-SPA2-34-Default
IMAGE 3.2,SSP2021-SSP2-SPA2-34-Lifestyle-Renewables
IMAGE 3.2,SSP2021-SSP2-SPA2-45-Renewables
IMAGE 3.3,GEO7-Behavioural Focused Pathway
IMAGE 3.3,GEO7-Technology Focused Pathway
IMAGE 3.3,NAVIGATE Demand-1.5<U+00B0>C-act_u
IMAGE 3.3,NAVIGATE Demand-1.5<U+00B0>C-all_u
IMAGE 3.3,NAVIGATE Demand-1.5<U+00B0>C-ref
IMAGE 3.3,NAVIGATE Demand-1.5<U+00B0>C-tec_u
IMAGE 3.3,NAVIGATE Demand-2.0<U+00B0>C-act_u
IMAGE 3.3,NAVIGATE Demand-2.0<U+00B0>C-all_u
IMAGE 3.3,NAVIGATE Demand-2.0<U+00B0>C-ele_u
IMAGE 3.3,NAVIGATE Demand-2.0<U+00B0>C-ref
IMAGE 3.3,NAVIGATE Demand-2.0<U+00B0>C-tec_u
IMAGE 3.3,SHAPE-SDP-EI-1.5<U+00B0>C
IMAGE 3.3,SHAPE-SDP-EI-1.5<U+00B0>C [with Climate Change Impacts]
IMAGE 3.3,SHAPE-SDP-MC-1.5<U+00B0>C
IMAGE 3.3,SHAPE-SDP-MC-1.5<U+00B0>C [with Climate Change Impacts]
IMAGE 3.3,SHAPE-SDP-RC-1.5<U+00B0>C
IMAGE 3.3,SHAPE-SDP-RC-1.5<U+00B0>C [with Climate Change Impacts]
IMAGE 3.3,SHAPE-SSP1-1.5<U+00B0>C
IMAGE 3.3,SHAPE-SSP2-1.5<U+00B0>C
IMAGE 3.3,SHAPE-SSP2-1.5<U+00B0>C [with Climate Change Impacts]
MESSAGEix-GLOBIOM 1.1,ENGAGE-Feasibility-1000/Institutional
MESSAGEix-GLOBIOM 1.1,ENGAGE-Feasibility-1000/Technology
MESSAGEix-GLOBIOM 1.1,ENGAGE-Feasibility-1000/Technology & Institutional
MESSAGEix-GLOBIOM 1.1,ENGAGE-Feasibility-Maximum-Effort/Technology & Institutional [Optimistic]
MESSAGEix-GLOBIOM 1.1,ENGAGE-INDCi2030-1000-COV
MESSAGEix-GLOBIOM 1.1,ENGAGE-INDCi2030-1000-COV-NDCp
MESSAGEix-GLOBIOM 1.1,ENGAGE-INDCi2030-1000-NDCp
MESSAGEix-GLOBIOM 1.1,ENGAGE-INDCi2030-1000f
MESSAGEix-GLOBIOM 1.1,ENGAGE-INDCi2030-1000f-COV
MESSAGEix-GLOBIOM 1.1,ENGAGE-INDCi2030-1000f-COV-NDCp
MESSAGEix-GLOBIOM 1.1,ENGAGE-INDCi2030-1000f-NDCp
MESSAGEix-GLOBIOM 1.1,ENGAGE-INDCi2030-1200-COV
MESSAGEix-GLOBIOM 1.1,ENGAGE-INDCi2030-1200-COV-NDCp
MESSAGEix-GLOBIOM 1.1,ENGAGE-INDCi2030-1200f
MESSAGEix-GLOBIOM 1.1,ENGAGE-INDCi2030-1200f-NDCp
MESSAGEix-GLOBIOM 1.1,ENGAGE-INDCi2030-1400
MESSAGEix-GLOBIOM 1.1,ENGAGE-INDCi2030-1400-COV
MESSAGEix-GLOBIOM 1.1,ENGAGE-INDCi2030-1400-COV-NDCp
MESSAGEix-GLOBIOM 1.1,ENGAGE-INDCi2030-1400-NDCp
MESSAGEix-GLOBIOM 1.1,ENGAGE-INDCi2030-1600
MESSAGEix-GLOBIOM 1.1,ENGAGE-INDCi2030-1600-NDCp
MESSAGEix-GLOBIOM 1.1,ENGAGE-INDCi2030-800f
MESSAGEix-GLOBIOM 1.1,ENGAGE-INDCi2030-800f-COV
MESSAGEix-GLOBIOM 1.1,ENGAGE-INDCi2030-800f-COV-NDCp
MESSAGEix-GLOBIOM 1.1,ENGAGE-INDCi2030-800f-NDCp
MESSAGEix-GLOBIOM 1.1,ENGAGE-INDCi2030-900f
MESSAGEix-GLOBIOM 1.1,ENGAGE-INDCi2030-900f-COV
MESSAGEix-GLOBIOM 1.1,ENGAGE-INDCi2030-900f-COV-NDCp
MESSAGEix-GLOBIOM 1.1,ENGAGE-INDCi2030-900f-NDCp
MESSAGEix-GLOBIOM 1.1,ENGAGE-INDCi2030-950-COV
MESSAGEix-GLOBIOM 1.1,ENGAGE-INDCi2030-950-COV-NDCp
MESSAGEix-GLOBIOM 1.1,ENGAGE-INDCi2030-950f-COV
MESSAGEix-GLOBIOM 1.1,ENGAGE-INDCi2030-950f-COV-NDCp
MESSAGEix-GLOBIOM 1.1,ENGAGE-NPi2020-1000
MESSAGEix-GLOBIOM 1.1,ENGAGE-NPi2020-1000-COV
MESSAGEix-GLOBIOM 1.1,ENGAGE-NPi2020-1000-DR1p
MESSAGEix-GLOBIOM 1.1,ENGAGE-NPi2020-1000f
MESSAGEix-GLOBIOM 1.1,ENGAGE-NPi2020-1000f-DR10p
MESSAGEix-GLOBIOM 1.1,ENGAGE-NPi2020-1000f-DR3p
MESSAGEix-GLOBIOM 1.1,ENGAGE-NPi2020-1000f-DR4p
MESSAGEix-GLOBIOM 1.1,ENGAGE-NPi2020-1200
MESSAGEix-GLOBIOM 1.1,ENGAGE-NPi2020-1200-COV
MESSAGEix-GLOBIOM 1.1,ENGAGE-NPi2020-1400
MESSAGEix-GLOBIOM 1.1,ENGAGE-NPi2020-1400-COV
MESSAGEix-GLOBIOM 1.1,ENGAGE-NPi2020-1600
MESSAGEix-GLOBIOM 1.1,ENGAGE-NPi2020-1600-COV
MESSAGEix-GLOBIOM 1.1,ENGAGE-NPi2020-1800
MESSAGEix-GLOBIOM 1.1,ENGAGE-NPi2020-600-DR10p
MESSAGEix-GLOBIOM 1.1,ENGAGE-NPi2020-800-COV
MESSAGEix-GLOBIOM 1.1,ENGAGE-NPi2020-800f
MESSAGEix-GLOBIOM 1.1,ENGAGE-NPi2020-800f-COV
MESSAGEix-GLOBIOM 1.1,ENGAGE-NPi2020-900-COV
MESSAGEix-GLOBIOM 1.1,ENGAGE-NPi2020-900f
MESSAGEix-GLOBIOM 1.1,NGFS Phase 2-Below 2<U+00B0>C
MESSAGEix-GLOBIOM 1.1,NGFS Phase 2-Delayed Transition
MESSAGEix-GLOBIOM 1.2,COVID-Shift-GreenPush_1000
MESSAGEix-GLOBIOM 1.2,COVID-Shift-GreenPush_550
MESSAGEix-GLOBIOM 1.2,COVID-Shift-NoPolicyNoCOVID_1000
MESSAGEix-GLOBIOM 1.2,COVID-Shift-NoPolicyNoCOVID_550
MESSAGEix-GLOBIOM 1.2,COVID-Shift-Restore_1000
MESSAGEix-GLOBIOM 1.2,COVID-Shift-Restore_550
MESSAGEix-GLOBIOM 1.2,COVID-Shift-SelfReliance_1000
MESSAGEix-GLOBIOM 1.2,COVID-Shift-SelfReliance_550
MESSAGEix-GLOBIOM 1.2,COVID-Shift-SmartUse_1000
MESSAGEix-GLOBIOM 1.2,COVID-Shift-SmartUse_550
MESSAGEix-GLOBIOM 2.0-M-R12-NGFS,NGFS Phase 5-Below 2<U+00B0>C
MESSAGEix-GLOBIOM 2.0-M-R12-NGFS,NGFS Phase 5-Delayed Transition
MESSAGEix-GLOBIOM 2.0-M-R12-NGFS,NGFS Phase 5-Nationally Determined Contributions (NDCs)
MESSAGEix-GLOBIOM GEI 1.0,GEI-SSP2-int-lc-15
MESSAGEix-GLOBIOM GEI 1.0,GEI-SSP2-int-mc-15
MESSAGEix-GLOBIOM GEI 1.0,GEI-SSP2-int-mc-50
MESSAGEix-GLOBIOM GEI 1.0,GEI-SSP2-noint-lc-15
MESSAGEix-GLOBIOM GEI 1.0,GEI-SSP2-noint-mc-15
MESSAGEix-GLOBIOM GEI 1.0,GEI-SSP2-noint-mc-50
MESSAGEix-GLOBIOM GEI 1.0,GEI-SSP2-openres-lc-100
MESSAGEix-GLOBIOM GEI 1.0,GEI-SSP2-openres-lc-120
MESSAGEix-GLOBIOM GEI 1.0,GEI-SSP2-openres-lc-15
MESSAGEix-GLOBIOM GEI 1.0,GEI-SSP2-openres-lc-80
MESSAGEix-GLOBIOM GEI 1.0,GEI-SSP2-openres-lc-CB400
MESSAGEix-GLOBIOM GEI 1.0,GEI-SSP2-openres-lc-CB600
MESSAGEix-GLOBIOM GEI 1.0,GEI-SSP2-openres-mc-15
MESSAGEix-GLOBIOM GEI 1.0,GEI-SSP2-openres-mc-50
POLES-JRC ENGAGE,ENGAGE-Feasibility-1000/Cost-Effective
POLES-JRC ENGAGE,ENGAGE-Feasibility-1000/Institutional
POLES-JRC ENGAGE,ENGAGE-Feasibility-1000/Technology
POLES-JRC ENGAGE,ENGAGE-Feasibility-1000/Technology & Enablers & Institutional
POLES-JRC ENGAGE,ENGAGE-Feasibility-1000/Technology & Institutional
POLES-JRC ENGAGE,ENGAGE-Feasibility-Maximum-Effort/Cost-Effective
POLES-JRC ENGAGE,ENGAGE-Feasibility-Maximum-Effort/Institutional
POLES-JRC ENGAGE,ENGAGE-Feasibility-Maximum-Effort/Institutional [Optimistic]
POLES-JRC ENGAGE,ENGAGE-Feasibility-Maximum-Effort/Technology
POLES-JRC ENGAGE,ENGAGE-INDCi2030-1000
POLES-JRC ENGAGE,ENGAGE-INDCi2030-1000-COV
POLES-JRC ENGAGE,ENGAGE-INDCi2030-1000-COV-NDCp
POLES-JRC ENGAGE,ENGAGE-INDCi2030-1000-NDCp
POLES-JRC ENGAGE,ENGAGE-INDCi2030-1000f
POLES-JRC ENGAGE,ENGAGE-INDCi2030-1000f-COV
POLES-JRC ENGAGE,ENGAGE-INDCi2030-1000f-COV-NDCp
POLES-JRC ENGAGE,ENGAGE-INDCi2030-1000f-NDCp
POLES-JRC ENGAGE,ENGAGE-INDCi2030-1200
POLES-JRC ENGAGE,ENGAGE-INDCi2030-1200f
POLES-JRC ENGAGE,ENGAGE-INDCi2030-1400
POLES-JRC ENGAGE,ENGAGE-INDCi2030-1400f
POLES-JRC ENGAGE,ENGAGE-INDCi2030-1600
POLES-JRC ENGAGE,ENGAGE-INDCi2030-1600f
POLES-JRC ENGAGE,ENGAGE-INDCi2030-1800
POLES-JRC ENGAGE,ENGAGE-INDCi2030-1800f
POLES-JRC ENGAGE,ENGAGE-INDCi2030-2000
POLES-JRC ENGAGE,ENGAGE-INDCi2030-2000f
POLES-JRC ENGAGE,ENGAGE-INDCi2030-2500
POLES-JRC ENGAGE,ENGAGE-INDCi2030-2500f
POLES-JRC ENGAGE,ENGAGE-INDCi2030-300f
POLES-JRC ENGAGE,ENGAGE-INDCi2030-400f
POLES-JRC ENGAGE,ENGAGE-INDCi2030-500f
POLES-JRC ENGAGE,ENGAGE-INDCi2030-600f
POLES-JRC ENGAGE,ENGAGE-INDCi2030-600f-COV
POLES-JRC ENGAGE,ENGAGE-INDCi2030-600f-COV-NDCp
POLES-JRC ENGAGE,ENGAGE-INDCi2030-600f-NDCp
POLES-JRC ENGAGE,ENGAGE-INDCi2030-700f
POLES-JRC ENGAGE,ENGAGE-INDCi2030-800f
POLES-JRC ENGAGE,ENGAGE-INDCi2030-900f
POLES-JRC ENGAGE,ENGAGE-NPi2020-1000
POLES-JRC ENGAGE,ENGAGE-NPi2020-1000-COV
POLES-JRC ENGAGE,ENGAGE-NPi2020-1000f
POLES-JRC ENGAGE,ENGAGE-NPi2020-1000f-COV
POLES-JRC ENGAGE,ENGAGE-NPi2020-1200
POLES-JRC ENGAGE,ENGAGE-NPi2020-1200f
POLES-JRC ENGAGE,ENGAGE-NPi2020-1400
POLES-JRC ENGAGE,ENGAGE-NPi2020-1400f
POLES-JRC ENGAGE,ENGAGE-NPi2020-1600
POLES-JRC ENGAGE,ENGAGE-NPi2020-1600f
POLES-JRC ENGAGE,ENGAGE-NPi2020-1800
POLES-JRC ENGAGE,ENGAGE-NPi2020-1800f
POLES-JRC ENGAGE,ENGAGE-NPi2020-2000
POLES-JRC ENGAGE,ENGAGE-NPi2020-2000f
POLES-JRC ENGAGE,ENGAGE-NPi2020-2500
POLES-JRC ENGAGE,ENGAGE-NPi2020-2500f
POLES-JRC ENGAGE,ENGAGE-NPi2020-300f
POLES-JRC ENGAGE,ENGAGE-NPi2020-400f
POLES-JRC ENGAGE,ENGAGE-NPi2020-500f
POLES-JRC ENGAGE,ENGAGE-NPi2020-600
POLES-JRC ENGAGE,ENGAGE-NPi2020-600f
POLES-JRC ENGAGE,ENGAGE-NPi2020-700
POLES-JRC ENGAGE,ENGAGE-NPi2020-700f
POLES-JRC ENGAGE,ENGAGE-NPi2020-800
POLES-JRC ENGAGE,ENGAGE-NPi2020-800f
POLES-JRC ENGAGE,ENGAGE-NPi2020-900
POLES-JRC ENGAGE,ENGAGE-NPi2020-900f
REMIND 2.1,CEMICS-GDPgrowth-1.5<U+00B0>C
REMIND 2.1,CEMICS-GDPgrowth-2.0<U+00B0>C
REMIND 2.1,CEMICS-HotellingConst-2.0<U+00B0>C
REMIND 2.1,CEMICS-Linear-1.5<U+00B0>C
REMIND 2.1,CEMICS-Linear-2.0<U+00B0>C
REMIND 2.1,CEMICS-NPI
REMIND 2.1,CEMICS-Optimal-1.5<U+00B0>C
REMIND 2.1,CEMICS-Optimal-2.0<U+00B0>C
REMIND 2.1,LeastTotalCost-Base-brkLR15-SSP2-P50
REMIND 2.1,LeastTotalCost-CBA-brkLR15-SSP2-P50
REMIND 2.1,LeastTotalCost-CBA-brkSR15-SSP2-P50
REMIND 2.1,LeastTotalCost-CEA-brkLR15-SSP2-P50
REMIND 2.1,LeastTotalCost-CEA-brkSR15-SSP2-P50
REMIND 2.1,LeastTotalCost-LTC-brkLR15-SSP2-P50
REMIND 2.1,LeastTotalCost-LTC-brkSR15-SSP2-P50
REMIND 2.1,LeastTotalCost-NDC-brkLR15-SSP2-P50
REMIND 2.1,LeastTotalCost-NDC-brkSR15-SSP2-P50
REMIND 2.1,LeastTotalCost-NPi-brkLR15-SSP2-P50
REMIND 2.1,R2p1-SSP1-NDC
REMIND 2.1,R2p1-SSP2-1100
REMIND 2.1,R2p1-SSP2-1300
REMIND 2.1,R2p1-SSP2-900
REMIND 2.1,R2p1-SSP2-Baseline
REMIND 2.1,R2p1-SSP2-NDC
REMIND 2.1,R2p1-SSP2-NPi
REMIND 2.1,R2p1-SSP5-1100
REMIND 2.1,TechCost-SSP2-1100-bioH
REMIND 2.1,TechCost-SSP2-1100-ccsH
REMIND 2.1,TechCost-SSP2-1100-coalH
REMIND 2.1,TechCost-SSP2-1100-elh2H
REMIND 2.1,TechCost-SSP2-1100-gasH
REMIND 2.1,TechCost-SSP2-1100-nucH
REMIND 2.1,TechCost-SSP2-1100-oilH
REMIND 2.1,TechCost-SSP2-1100-spvH
REMIND 2.1,TechCost-SSP2-1100-windH
REMIND 3.0,ENGAGE-Feasibility-1000/Cost-Effective
REMIND 3.0,ENGAGE-Feasibility-1000/Enablers & Institutional
REMIND 3.0,ENGAGE-Feasibility-1000/Institutional
REMIND 3.0,ENGAGE-Feasibility-1000/Technology
REMIND 3.0,ENGAGE-Feasibility-1000/Technology & Enablers & Institutional
REMIND 3.0,ENGAGE-Feasibility-1000/Technology & Institutional
REMIND 3.0,ENGAGE-Feasibility-Maximum-Effort/Cost-Effective
REMIND 3.0,ENGAGE-Feasibility-Maximum-Effort/Enablers & Institutional [Pessimistic]
REMIND 3.0,ENGAGE-Feasibility-Maximum-Effort/Institutional
REMIND 3.0,ENGAGE-Feasibility-Maximum-Effort/Institutional [Optimistic]
REMIND 3.0,ENGAGE-Feasibility-Maximum-Effort/Institutional [Pessimistic]
REMIND 3.0,ENGAGE-Feasibility-Maximum-Effort/Technology
REMIND 3.0,ENGAGE-Feasibility-Maximum-Effort/Technology & Enablers & Institutional [Pessimistic]
REMIND 3.0,ENGAGE-Feasibility-Maximum-Effort/Technology & Institutional
REMIND 3.0,ENGAGE-Feasibility-Maximum-Effort/Technology & Institutional [Optimistic]
REMIND 3.0,ENGAGE-Feasibility-Maximum-Effort/Technology & Institutional [Pessimistic]
REMIND 3.0,NAVIGATE Demand-1.5<U+00B0>C-all_u
REMIND 3.0,NAVIGATE Demand-2.0<U+00B0>C-all_u
REMIND 3.0,NAVIGATE Demand-NPi-act
REMIND 3.0,NAVIGATE Demand-NPi-ele
REMIND 3.0,NAVIGATE Demand-NPi-ref
REMIND-Buildings 2.0,BEG-600
REMIND-Buildings 2.0,BEG-600-Efficiency
REMIND-Buildings 2.0,BEG-Baseline
REMIND-MAgPIE 1.7-3.0,CD-LINKS-INDC2030i_1000
REMIND-MAgPIE 1.7-3.0,CD-LINKS-INDC2030i_1600
REMIND-MAgPIE 1.7-3.0,CD-LINKS-INDC2030i_400
REMIND-MAgPIE 1.7-3.0,CD-LINKS-INDCi
REMIND-MAgPIE 1.7-3.0,CD-LINKS-NPi
REMIND-MAgPIE 1.7-3.0,CD-LINKS-NPi2020_1000
REMIND-MAgPIE 1.7-3.0,CD-LINKS-NPi2020_1600
REMIND-MAgPIE 1.7-3.0,CD-LINKS-NPi2020_400
REMIND-MAgPIE 1.7-3.0,CD-LINKS-No-Policy
REMIND-MAgPIE 1.7-3.0,COMMIT-2<U+00B0>C-2020
REMIND-MAgPIE 1.7-3.0,COMMIT-2<U+00B0>C-2030
REMIND-MAgPIE 1.7-3.0,COMMIT-Baseline
REMIND-MAgPIE 1.7-3.0,COMMIT-Bridge
REMIND-MAgPIE 1.7-3.0,COMMIT-Current-Policies
REMIND-MAgPIE 1.7-3.0,COMMIT-GPP
REMIND-MAgPIE 1.7-3.0,COMMIT-NDCplus
REMIND-MAgPIE 1.7-3.0,PEP-1.5<U+00B0>C-Full-CDR-Cost-Effective
REMIND-MAgPIE 1.7-3.0,PEP-1.5<U+00B0>C-Full-CDR-Good-Practice
REMIND-MAgPIE 1.7-3.0,PEP-1.5<U+00B0>C-Full-CDR-NDC
REMIND-MAgPIE 1.7-3.0,PEP-1.5<U+00B0>C-Full-CDR-NetZero
REMIND-MAgPIE 1.7-3.0,PEP-1.5<U+00B0>C-Reduced-CDR-Cost-Effective
REMIND-MAgPIE 1.7-3.0,PEP-2<U+00B0>C-Full-CDR-Cost-Effective
REMIND-MAgPIE 1.7-3.0,PEP-2<U+00B0>C-Full-CDR-Good-Practice
REMIND-MAgPIE 1.7-3.0,PEP-2<U+00B0>C-Full-CDR-NDC
REMIND-MAgPIE 1.7-3.0,PEP-2<U+00B0>C-Full-CDR-NetZero
REMIND-MAgPIE 1.7-3.0,PEP-2<U+00B0>C-Reduced-CDR-Cost-Effective
REMIND-MAgPIE 1.7-3.0,PEP-2<U+00B0>C-Reduced-CDR-Good-Practice
REMIND-MAgPIE 1.7-3.0,PEP-2<U+00B0>C-Reduced-CDR-NDC
REMIND-MAgPIE 1.7-3.0,PEP-2<U+00B0>C-Reduced-CDR-NetZero
REMIND-MAgPIE 1.7-3.0,PEP-Good-Practice
REMIND-MAgPIE 1.7-3.0,PEP-NDC
REMIND-MAgPIE 1.7-3.0,PEP-NPi
REMIND-MAgPIE 1.7-3.0,PEP-NetZero
REMIND-MAgPIE 1.7-3.0,PEP-NoPolicy
REMIND-MAgPIE 2.0-4.1,Diff-1300Gt-hybrid-def
REMIND-MAgPIE 2.0-4.1,Diff-1300Gt-no-transfer-def
REMIND-MAgPIE 2.0-4.1,Diff-1300Gt-uniform-pricing-def
REMIND-MAgPIE 2.0-4.1,Diff-NoPolicy-Baseline
REMIND-MAgPIE 2.1-4.2,CEMICS-SSP1-1.5<U+00B0>C-minCDR
REMIND-MAgPIE 2.1-4.2,CEMICS-SSP2-1.5<U+00B0>C-fullCDR
REMIND-MAgPIE 2.1-4.2,CEMICS-SSP2-1.5<U+00B0>C-minCDR
REMIND-MAgPIE 2.1-4.2,CEMICS-SSP2-2.0<U+00B0>C-fullCDR
REMIND-MAgPIE 2.1-4.2,CEMICS-SSP2-2.0<U+00B0>C-minCDR
REMIND-MAgPIE 2.1-4.2,CEMICS-SSP2-Npi
REMIND-MAgPIE 2.1-4.2,ENGAGE-INDCi2030-1000
REMIND-MAgPIE 2.1-4.2,ENGAGE-INDCi2030-1000-COV
REMIND-MAgPIE 2.1-4.2,ENGAGE-INDCi2030-1000-COV-NDCp
REMIND-MAgPIE 2.1-4.2,ENGAGE-INDCi2030-1000-NDCp
REMIND-MAgPIE 2.1-4.2,ENGAGE-INDCi2030-1000f
REMIND-MAgPIE 2.1-4.2,ENGAGE-INDCi2030-1000f-COV
REMIND-MAgPIE 2.1-4.2,ENGAGE-INDCi2030-1000f-COV-NDCp
REMIND-MAgPIE 2.1-4.2,ENGAGE-INDCi2030-1000f-NDCp
REMIND-MAgPIE 2.1-4.2,ENGAGE-INDCi2030-1200
REMIND-MAgPIE 2.1-4.2,ENGAGE-INDCi2030-1200f
REMIND-MAgPIE 2.1-4.2,ENGAGE-INDCi2030-1400
REMIND-MAgPIE 2.1-4.2,ENGAGE-INDCi2030-1400f
REMIND-MAgPIE 2.1-4.2,ENGAGE-INDCi2030-1600
REMIND-MAgPIE 2.1-4.2,ENGAGE-INDCi2030-1600f
REMIND-MAgPIE 2.1-4.2,ENGAGE-INDCi2030-1800
REMIND-MAgPIE 2.1-4.2,ENGAGE-INDCi2030-1800f
REMIND-MAgPIE 2.1-4.2,ENGAGE-INDCi2030-2000
REMIND-MAgPIE 2.1-4.2,ENGAGE-INDCi2030-2000f
REMIND-MAgPIE 2.1-4.2,ENGAGE-INDCi2030-2500
REMIND-MAgPIE 2.1-4.2,ENGAGE-INDCi2030-2500f
REMIND-MAgPIE 2.1-4.2,ENGAGE-INDCi2030-3000
REMIND-MAgPIE 2.1-4.2,ENGAGE-INDCi2030-3000f
REMIND-MAgPIE 2.1-4.2,ENGAGE-INDCi2030-300f
REMIND-MAgPIE 2.1-4.2,ENGAGE-INDCi2030-400f
REMIND-MAgPIE 2.1-4.2,ENGAGE-INDCi2030-500f
REMIND-MAgPIE 2.1-4.2,ENGAGE-INDCi2030-600-COV
REMIND-MAgPIE 2.1-4.2,ENGAGE-INDCi2030-600-COV-NDCp
REMIND-MAgPIE 2.1-4.2,ENGAGE-INDCi2030-600f
REMIND-MAgPIE 2.1-4.2,ENGAGE-INDCi2030-600f-COV
REMIND-MAgPIE 2.1-4.2,ENGAGE-INDCi2030-600f-COV-NDCp
REMIND-MAgPIE 2.1-4.2,ENGAGE-INDCi2030-600f-NDCp
REMIND-MAgPIE 2.1-4.2,ENGAGE-INDCi2030-700
REMIND-MAgPIE 2.1-4.2,ENGAGE-INDCi2030-700f
REMIND-MAgPIE 2.1-4.2,ENGAGE-INDCi2030-800
REMIND-MAgPIE 2.1-4.2,ENGAGE-INDCi2030-800f
REMIND-MAgPIE 2.1-4.2,ENGAGE-INDCi2030-900
REMIND-MAgPIE 2.1-4.2,ENGAGE-INDCi2030-900f
REMIND-MAgPIE 2.1-4.2,ENGAGE-INDCi2100
REMIND-MAgPIE 2.1-4.2,ENGAGE-INDCi2100-COV
REMIND-MAgPIE 2.1-4.2,ENGAGE-INDCi2100-COV-NDCp
REMIND-MAgPIE 2.1-4.2,ENGAGE-INDCi2100-NDCp
REMIND-MAgPIE 2.1-4.2,ENGAGE-NPi2020-1000
REMIND-MAgPIE 2.1-4.2,ENGAGE-NPi2020-1000-COV
REMIND-MAgPIE 2.1-4.2,ENGAGE-NPi2020-1000f
REMIND-MAgPIE 2.1-4.2,ENGAGE-NPi2020-1000f-COV
REMIND-MAgPIE 2.1-4.2,ENGAGE-NPi2020-1200
REMIND-MAgPIE 2.1-4.2,ENGAGE-NPi2020-1200f
REMIND-MAgPIE 2.1-4.2,ENGAGE-NPi2020-1400
REMIND-MAgPIE 2.1-4.2,ENGAGE-NPi2020-1400f
REMIND-MAgPIE 2.1-4.2,ENGAGE-NPi2020-1600
REMIND-MAgPIE 2.1-4.2,ENGAGE-NPi2020-1600f
REMIND-MAgPIE 2.1-4.2,ENGAGE-NPi2020-1800
REMIND-MAgPIE 2.1-4.2,ENGAGE-NPi2020-1800f
REMIND-MAgPIE 2.1-4.2,ENGAGE-NPi2020-2000
REMIND-MAgPIE 2.1-4.2,ENGAGE-NPi2020-2000f
REMIND-MAgPIE 2.1-4.2,ENGAGE-NPi2020-200f
REMIND-MAgPIE 2.1-4.2,ENGAGE-NPi2020-2500
REMIND-MAgPIE 2.1-4.2,ENGAGE-NPi2020-2500f
REMIND-MAgPIE 2.1-4.2,ENGAGE-NPi2020-3000
REMIND-MAgPIE 2.1-4.2,ENGAGE-NPi2020-3000f
REMIND-MAgPIE 2.1-4.2,ENGAGE-NPi2020-300f
REMIND-MAgPIE 2.1-4.2,ENGAGE-NPi2020-400
REMIND-MAgPIE 2.1-4.2,ENGAGE-NPi2020-400f
REMIND-MAgPIE 2.1-4.2,ENGAGE-NPi2020-500
REMIND-MAgPIE 2.1-4.2,ENGAGE-NPi2020-500f
REMIND-MAgPIE 2.1-4.2,ENGAGE-NPi2020-600
REMIND-MAgPIE 2.1-4.2,ENGAGE-NPi2020-600-COV
REMIND-MAgPIE 2.1-4.2,ENGAGE-NPi2020-600f
REMIND-MAgPIE 2.1-4.2,ENGAGE-NPi2020-600f-COV
REMIND-MAgPIE 2.1-4.2,ENGAGE-NPi2020-700
REMIND-MAgPIE 2.1-4.2,ENGAGE-NPi2020-700f
REMIND-MAgPIE 2.1-4.2,ENGAGE-NPi2020-800
REMIND-MAgPIE 2.1-4.2,ENGAGE-NPi2020-800f
REMIND-MAgPIE 2.1-4.2,ENGAGE-NPi2020-900
REMIND-MAgPIE 2.1-4.2,ENGAGE-NPi2020-900f
REMIND-MAgPIE 2.1-4.2,ENGAGE-NPi2100
REMIND-MAgPIE 2.1-4.2,ENGAGE-NPi2100-COV
REMIND-MAgPIE 2.1-4.2,ENGAGE-NoPolicy
REMIND-MAgPIE 2.1-4.2,NGFS Phase 2-Below 2<U+00B0>C
REMIND-MAgPIE 2.1-4.2,NGFS Phase 2-Below 2<U+00B0>C [IPD 95th]
REMIND-MAgPIE 2.1-4.2,NGFS Phase 2-Below 2<U+00B0>C [IPD Median]
REMIND-MAgPIE 2.1-4.2,NGFS Phase 2-Delayed Transition
REMIND-MAgPIE 2.1-4.2,NGFS Phase 2-Nationally Determined Contributions (NDCs)
REMIND-MAgPIE 2.1-4.2,SusDev-SSP1-900
REMIND-MAgPIE 2.1-4.2,SusDev-SSP1-NDC
REMIND-MAgPIE 2.1-4.2,SusDev-SSP2-900
REMIND-MAgPIE 2.1-4.2,SusDev-SSP2-NDC
REMIND-MAgPIE 2.1-4.2,SusDev-SSP2-NPi
REMIND-MAgPIE 2.1-4.3,DeepElectrification-SSP2-Baseline
REMIND-MAgPIE 2.1-4.3,DeepElectrification-SSP2-Default-1300
REMIND-MAgPIE 2.1-4.3,DeepElectrification-SSP2-HighRenewables-1100
REMIND-MAgPIE 2.1-4.3,DeepElectrification-SSP2-HighRenewables-1300
REMIND-MAgPIE 2.1-4.3,DeepElectrification-SSP2-HighRenewables-900
REMIND-MAgPIE 2.1-4.3,DeepElectrification-SSP2-NPi
REMIND-MAgPIE 3.2-4.6,SHAPE-SSP1-1.5<U+00B0>C
REMIND-MAgPIE 3.2-4.6,SHAPE-SSP2-NPi
REMIND-MAgPIE 3.2-4.6,SHAPE-SSP2-NPi [with Climate Change Impacts]
REMIND-MAgPIE 3.2.0-4.8.0,RESCUE-End-of-Century-Budget-1150
REMIND-MAgPIE 3.2.0-4.8.0,RESCUE-End-of-Century-Budget-1150-with-OAE
REMIND-MAgPIE 3.2.0-4.8.0,RESCUE-End-of-Century-Budget-500
REMIND-MAgPIE 3.2.0-4.8.0,RESCUE-End-of-Century-Budget-500-with-OAE
REMIND-MAgPIE 3.2.0-4.8.0,RESCUE-Peak-Budget-1150
REMIND-MAgPIE 3.2.0-4.8.0,RESCUE-Peak-Budget-1150-with-OAE
REMIND-MAgPIE 3.2.0-4.8.0,RESCUE-Peak-Budget-500
REMIND-MAgPIE 3.2.0-4.8.0,RESCUE-Peak-Budget-500-with-OAE
REMIND-MAgPIE 3.3-4.8,NGFS Phase 5-Below 2<U+00B0>C
REMIND-MAgPIE 3.3-4.8,NGFS Phase 5-Current Policies
REMIND-MAgPIE 3.3-4.8,NGFS Phase 5-Delayed Transition
REMIND-MAgPIE 3.3-4.8,NGFS Phase 5-Fragmented World
REMIND-MAgPIE 3.3-4.8,NGFS Phase 5-Nationally Determined Contributions (NDCs)
REMIND-MAgPIE 3.3-4.8,NGFS Phase 5-Net-Zero 2050
REMIND-Transport 2.1,Transport-1100-Conventional
REMIND-Transport 2.1,Transport-1100-Conventional-LowDemand
REMIND-Transport 2.1,Transport-1100-Conventional-SynFuel
REMIND-Transport 2.1,Transport-1100-Electrification
REMIND-Transport 2.1,Transport-1100-Electrification-LowDemand
REMIND-Transport 2.1,Transport-1100-H2
REMIND-Transport 2.1,Transport-NDC-Conventional
REMIND-Transport 2.1,Transport-NPi-Conventional
TIAM-ECN 1.1,ENGAGE-INDCi2030-1000
TIAM-ECN 1.1,ENGAGE-INDCi2030-1000-COV
TIAM-ECN 1.1,ENGAGE-INDCi2030-1000-NDCp
TIAM-ECN 1.1,ENGAGE-INDCi2030-1000f
TIAM-ECN 1.1,ENGAGE-INDCi2030-1000f-COV
TIAM-ECN 1.1,ENGAGE-INDCi2030-1000f-NDCp
TIAM-ECN 1.1,ENGAGE-INDCi2030-1200
TIAM-ECN 1.1,ENGAGE-INDCi2030-1200f
TIAM-ECN 1.1,ENGAGE-INDCi2030-1400f
TIAM-ECN 1.1,ENGAGE-INDCi2030-900
TIAM-ECN 1.1,ENGAGE-INDCi2030-900f
TIAM-ECN 1.1,ENGAGE-NPi2020-1000
TIAM-ECN 1.1,ENGAGE-NPi2020-1000-COV
TIAM-ECN 1.1,ENGAGE-NPi2020-1000f
TIAM-ECN 1.1,ENGAGE-NPi2020-1000f-COV
TIAM-ECN 1.1,ENGAGE-NPi2020-1200
TIAM-ECN 1.1,ENGAGE-NPi2020-1200f
TIAM-ECN 1.1,ENGAGE-NPi2020-800
TIAM-ECN 1.1,ENGAGE-NPi2020-800f
TIAM-ECN 1.1,ENGAGE-NPi2020-900
TIAM-ECN 1.1,ENGAGE-NPi2020-900f
WITCH 5.0,COMMIT-2<U+00B0>C-2020
WITCH 5.0,COMMIT-2<U+00B0>C-2030
WITCH 5.0,COMMIT-Bridge
WITCH 5.0,ENGAGE-Feasibility-1000/Cost-Effective
WITCH 5.0,ENGAGE-Feasibility-1000/Institutional
WITCH 5.0,ENGAGE-Feasibility-1000/Technology
WITCH 5.0,ENGAGE-Feasibility-1000/Technology & Institutional
WITCH 5.0,ENGAGE-Feasibility-Maximum-Effort/Institutional
WITCH 5.0,ENGAGE-Feasibility-Maximum-Effort/Institutional [Optimistic]
WITCH 5.0,ENGAGE-Feasibility-Maximum-Effort/Technology & Institutional
WITCH 5.0,ENGAGE-Feasibility-Maximum-Effort/Technology & Institutional [Optimistic]
WITCH 5.0,ENGAGE-Feasibility-Maximum-Effort/Technology & Institutional [Pessimistic]
WITCH 5.0,ENGAGE-INDCi2030-1000
WITCH 5.0,ENGAGE-INDCi2030-1000-NDCp
WITCH 5.0,ENGAGE-INDCi2030-1000f
WITCH 5.0,ENGAGE-INDCi2030-1000f-NDCp
WITCH 5.0,ENGAGE-INDCi2030-1200
WITCH 5.0,ENGAGE-INDCi2030-1200-NDCp
WITCH 5.0,ENGAGE-INDCi2030-1200f
WITCH 5.0,ENGAGE-INDCi2030-1200f-NDCp
WITCH 5.0,ENGAGE-INDCi2030-1400
WITCH 5.0,ENGAGE-INDCi2030-1400-NDCp
WITCH 5.0,ENGAGE-INDCi2030-1400f
WITCH 5.0,ENGAGE-INDCi2030-1400f-NDCp
WITCH 5.0,ENGAGE-INDCi2030-1600
WITCH 5.0,ENGAGE-INDCi2030-1600-NDCp
WITCH 5.0,ENGAGE-INDCi2030-1600f
WITCH 5.0,ENGAGE-INDCi2030-1600f-NDCp
WITCH 5.0,ENGAGE-INDCi2030-1800
WITCH 5.0,ENGAGE-INDCi2030-1800-NDCp
WITCH 5.0,ENGAGE-INDCi2030-1800f
WITCH 5.0,ENGAGE-INDCi2030-1800f-NDCp
WITCH 5.0,ENGAGE-INDCi2030-2000
WITCH 5.0,ENGAGE-INDCi2030-2000-NDCp
WITCH 5.0,ENGAGE-INDCi2030-2000f
WITCH 5.0,ENGAGE-INDCi2030-2000f-NDCp
WITCH 5.0,ENGAGE-INDCi2030-2500-NDCp
WITCH 5.0,ENGAGE-INDCi2030-2500f-NDCp
WITCH 5.0,ENGAGE-INDCi2030-500f
WITCH 5.0,ENGAGE-INDCi2100
WITCH 5.0,ENGAGE-NPi2020-400f
WITCH 5.0,ENGAGE-NPi2020-450
WITCH 5.0,ENGAGE-NPi2020-450f
WITCH 5.0,ENGAGE-NPi2020-500
WITCH 5.0,ENGAGE-NPi2020-500f
WITCH 5.0,ENGAGE-NPi2020-900
WITCH 5.0,NAVIGATE Demand-1.5<U+00B0>C-ele_u
WITCH 5.0,NAVIGATE Demand-1.5<U+00B0>C-ref
WITCH 5.0,NAVIGATE Demand-2.0<U+00B0>C-ele_u
WITCH 5.0,NAVIGATE Demand-2.0<U+00B0>C-ref
WITCH 5.0,NAVIGATE Demand-NPi-ele
WITCH 5.0,NAVIGATE Demand-NPi-ref
