"Model","Scenario","arm","amb","land_share_pct"
"AIM/CGE V2.2","ENGAGE-INDCi2030-800f","High-RE","2C",0
"AIM/CGE V2.2","ENGAGE-INDCi2030-900f","High-RE","2C",0
"AIM/CGE V2.2","ENGAGE-NPi2020-700","High-RE","2C",0
"AIM/CGE V2.2","ENGAGE-NPi2020-800","High-RE","2C",0
"IMAGE 3.2","ENGAGE-Feasibility-1000/Technology","High-CDR","2C",54.3
"IMAGE 3.2","ENGAGE-Feasibility-1000/Technology & Institutional","High-CDR","2C",53.4
"IMAGE 3.2","ENGAGE-Feasibility-Maximum-Effort/Enablers & Institutional","High-CDR","2C",61
"IMAGE 3.2","ENGAGE-Feasibility-Maximum-Effort/Technology","High-CDR","2C",55.3
"IMAGE 3.2","ENGAGE-Feasibility-Maximum-Effort/Technology & Institutional","High-CDR","2C",52.3
"IMAGE 3.2","SSP2021-SSP1-SPA1-26-Lifestyle","High-CDR","2C",63
"MESSAGEix-GLOBIOM 1.1","ENGAGE-Feasibility-Maximum-Effort/Cost-Effective","High-CDR","1.5C",61.5
"MESSAGEix-GLOBIOM 1.1","ENGAGE-Feasibility-Maximum-Effort/Enablers & Institutional [Optimistic]","High-CDR","1.5C",67.3
"MESSAGEix-GLOBIOM 1.1","ENGAGE-NPi2020-450","High-CDR","1.5C",52
"MESSAGEix-GLOBIOM 1.1","ENGAGE-NPi2020-500","High-CDR","1.5C",49.8
"MESSAGEix-GLOBIOM 1.1","ENGAGE-NPi2020-600","High-CDR","1.5C",47.6
"MESSAGEix-GLOBIOM 1.1","ENGAGE-NPi2020-600-COV","High-CDR","1.5C",47.9
"MESSAGEix-GLOBIOM 1.1","ENGAGE-NPi2020-600-DR1p","High-CDR","1.5C",59.6
"MESSAGEix-GLOBIOM 1.1","ENGAGE-NPi2020-600-DR2p","High-CDR","1.5C",58
"MESSAGEix-GLOBIOM 1.1","ENGAGE-NPi2020-600-DR3p","High-CDR","1.5C",56.6
"MESSAGEix-GLOBIOM 1.1","ENGAGE-NPi2020-600-DR4p","High-CDR","1.5C",54.4
"MESSAGEix-GLOBIOM 1.1","ENGAGE-NPi2020-700","High-CDR","1.5C",46.4
"MESSAGEix-GLOBIOM 1.1","ENGAGE-NPi2020-700-COV","High-CDR","1.5C",45.8
"MESSAGEix-GLOBIOM 1.1","NGFS Phase 2-Net-Zero 2050","High-CDR","1.5C",50.9
"MESSAGEix-GLOBIOM GEI 1.0","GEI-SSP2-openres-lc-CB500","High-RE","1.5C",0
"MESSAGEix-GLOBIOM GEI 1.0","GEI-SSP2-openres-lc-CB550","High-RE","1.5C",0
"MESSAGEix-GLOBIOM 1.1","ENGAGE-Feasibility-1000/Cost-Effective","High-CDR","2C",59
"MESSAGEix-GLOBIOM 1.1","ENGAGE-Feasibility-Maximum-Effort/Institutional [Pessimistic]","High-CDR","2C",68.1
"MESSAGEix-GLOBIOM 1.1","ENGAGE-INDCi2030-1400f","High-CDR","2C",56.2
"MESSAGEix-GLOBIOM 1.1","ENGAGE-INDCi2030-1400f-COV","High-CDR","2C",53.7
"MESSAGEix-GLOBIOM 1.1","ENGAGE-INDCi2030-1400f-COV-NDCp","High-CDR","2C",53.4
"MESSAGEix-GLOBIOM 1.1","ENGAGE-INDCi2030-1400f-NDCp","High-CDR","2C",55.5
"MESSAGEix-GLOBIOM 1.1","ENGAGE-INDCi2030-1600-COV","High-CDR","2C",46.8
"MESSAGEix-GLOBIOM 1.1","ENGAGE-INDCi2030-1600-COV-NDCp","High-CDR","2C",46.9
"MESSAGEix-GLOBIOM 1.1","ENGAGE-INDCi2030-1600f","High-CDR","2C",52.5
"MESSAGEix-GLOBIOM 1.1","ENGAGE-INDCi2030-1600f-COV","High-CDR","2C",51.9
"MESSAGEix-GLOBIOM 1.1","ENGAGE-INDCi2030-1600f-COV-NDCp","High-CDR","2C",52.1
"MESSAGEix-GLOBIOM 1.1","ENGAGE-INDCi2030-1600f-NDCp","High-CDR","2C",52.3
"MESSAGEix-GLOBIOM 1.1","ENGAGE-INDCi2030-1800","High-CDR","2C",48.2
"MESSAGEix-GLOBIOM 1.1","ENGAGE-INDCi2030-1800-COV","High-CDR","2C",46.8
"MESSAGEix-GLOBIOM 1.1","ENGAGE-INDCi2030-1800-COV-NDCp","High-CDR","2C",46.4
"MESSAGEix-GLOBIOM 1.1","ENGAGE-INDCi2030-1800-NDCp","High-CDR","2C",48.2
"MESSAGEix-GLOBIOM 1.1","ENGAGE-INDCi2030-1800f","High-CDR","2C",51.7
"MESSAGEix-GLOBIOM 1.1","ENGAGE-INDCi2030-1800f-COV","High-CDR","2C",51
"MESSAGEix-GLOBIOM 1.1","ENGAGE-INDCi2030-1800f-COV-NDCp","High-CDR","2C",51.1
"MESSAGEix-GLOBIOM 1.1","ENGAGE-INDCi2030-1800f-NDCp","High-CDR","2C",51.5
"MESSAGEix-GLOBIOM 1.1","ENGAGE-INDCi2030-2000","High-CDR","2C",47.9
"MESSAGEix-GLOBIOM 1.1","ENGAGE-INDCi2030-2000-COV","High-CDR","2C",50.4
"MESSAGEix-GLOBIOM 1.1","ENGAGE-INDCi2030-2000-COV-NDCp","High-CDR","2C",50.6
"MESSAGEix-GLOBIOM 1.1","ENGAGE-INDCi2030-2000-NDCp","High-CDR","2C",47.8
"MESSAGEix-GLOBIOM 1.1","ENGAGE-INDCi2030-2000f","High-CDR","2C",52.2
"MESSAGEix-GLOBIOM 1.1","ENGAGE-NPi2020-1000-DR2p","High-CDR","2C",53.8
"MESSAGEix-GLOBIOM 1.1","ENGAGE-NPi2020-1000-DR3p","High-CDR","2C",52.6
"MESSAGEix-GLOBIOM 1.1","ENGAGE-NPi2020-1000-DR4p","High-CDR","2C",49.9
"MESSAGEix-GLOBIOM 1.1","ENGAGE-NPi2020-1000f-COV","High-CDR","2C",56.2
"MESSAGEix-GLOBIOM 1.1","ENGAGE-NPi2020-1000f-DR1p","High-CDR","2C",55.6
"MESSAGEix-GLOBIOM 1.1","ENGAGE-NPi2020-1000f-DR2p","High-CDR","2C",55.3
"MESSAGEix-GLOBIOM 1.1","ENGAGE-NPi2020-1200f","High-CDR","2C",55.8
"MESSAGEix-GLOBIOM 1.1","ENGAGE-NPi2020-1200f-COV","High-CDR","2C",53.7
"MESSAGEix-GLOBIOM 1.1","ENGAGE-NPi2020-1400f","High-CDR","2C",52.9
"MESSAGEix-GLOBIOM 1.1","ENGAGE-NPi2020-1400f-COV","High-CDR","2C",53.7
"MESSAGEix-GLOBIOM 1.1","ENGAGE-NPi2020-1600f","High-CDR","2C",53.6
"MESSAGEix-GLOBIOM 1.1","ENGAGE-NPi2020-1600f-COV","High-CDR","2C",51.4
"MESSAGEix-GLOBIOM 1.1","ENGAGE-NPi2020-1800-COV","High-CDR","2C",48.2
"MESSAGEix-GLOBIOM 1.1","ENGAGE-NPi2020-1800f","High-CDR","2C",51.9
"MESSAGEix-GLOBIOM 1.1","ENGAGE-NPi2020-1800f-COV","High-CDR","2C",53
"MESSAGEix-GLOBIOM 1.1","ENGAGE-NPi2020-2000","High-CDR","2C",51.8
"MESSAGEix-GLOBIOM 1.1","ENGAGE-NPi2020-2000-COV","High-CDR","2C",52.3
"MESSAGEix-GLOBIOM 1.1","ENGAGE-NPi2020-900f-COV","High-CDR","2C",56.9
"MESSAGEix-GLOBIOM GEI 1.0","GEI-SSP2-openres-lc-50","High-RE","2C",0
"POLES-JRC ENGAGE","ENGAGE-INDCi2100-COV-NDCp","High-CDR","2C",59.1
"POLES-JRC ENGAGE","ENGAGE-INDCi2100-NDCp","High-CDR","2C",60.1
"POLES-JRC ENGAGE","ENGAGE-NPi2020-600f-COV","High-CDR","2C",56.6
"REMIND 2.1","CEMICS-HotellingConst-1.5<U+00B0>C","High-RE","1.5C",0
"REMIND 2.1","LeastTotalCost-LTC-brkLR15-SSP5-P50","High-RE","2C",0
"REMIND 2.1","LeastTotalCost-LTC-brkSR15-SSP5-P50","High-RE","2C",0
"REMIND 3.0","NAVIGATE Demand-2.0<U+00B0>C-act_u","High-RE","2C",5.6
"REMIND 3.0","NAVIGATE Demand-2.0<U+00B0>C-ele_u","High-RE","2C",7.8
"REMIND 3.0","NAVIGATE Demand-2.0<U+00B0>C-tec_u","High-RE","2C",5.6
"REMIND 2.1","R2p1-SSP5-1300","High-RE","2C",0
"REMIND 2.1","R2p1-SSP5-NDC","High-RE","2C",0
