database,ambition_view,Region,outcome,outcome_label,n_cdr,n_re,median_cdr,median_re,effect,favours
Full,1.5C,Aggregated R10 regions,net_re_jobs_per_1k,Employment,58,67,227.59708437454236,691.5154359375239,463.9183515629815,High-RE
Full,1.5C,Aggregated R10 regions,gap_GJ_pc,DLE gap,67,67,18.431233091581415,11.622194378418357,6.8090387131630585,High-RE
Full,1.5C,Aggregated R10 regions,headcount_pct,Deprived headcount,67,67,6.457961162503231,4.224537857571905,2.2334233049313266,High-RE
Full,1.5C,Aggregated R10 regions,mort_per_1k,PM2.5 mortality,48,39,423.01207999999997,415.121345,7.89073499999995,High-RE
Full,1.5C,R10AFRICA,net_re_jobs_per_1k,Employment,58,67,263.1030946685977,1043.6076952649112,780.5046005963135,High-RE
Full,1.5C,R10AFRICA,gap_GJ_pc,DLE gap,67,67,67.27003313300908,42.513113421327866,24.756919711681213,High-RE
Full,1.5C,R10AFRICA,headcount_pct,Deprived headcount,67,67,25.527617782793836,16.84237372682275,8.685244055971086,High-RE
Full,1.5C,R10AFRICA,mort_per_1k,PM2.5 mortality,48,39,75.4642975,78.51001,-3.0457124999999934,High-CDR
Full,1.5C,R10CHINA+,net_re_jobs_per_1k,Employment,58,67,177.25348198029252,372.9904089685804,195.7369269882879,High-RE
Full,1.5C,R10CHINA+,gap_GJ_pc,DLE gap,67,67,1.1987925448528645,0.7955354775274368,0.40325706732542765,High-RE
Full,1.5C,R10CHINA+,headcount_pct,Deprived headcount,67,67,0.6727885511736866,0.41021632732909236,0.2625722238445943,High-RE
Full,1.5C,R10CHINA+,mort_per_1k,PM2.5 mortality,48,39,76.09084999999999,77.312175,-1.2213250000000073,High-CDR
Full,1.5C,R10EUROPE,net_re_jobs_per_1k,Employment,58,67,65.90810317684557,171.09869577296908,105.19059259612351,High-RE
Full,1.5C,R10EUROPE,gap_GJ_pc,DLE gap,67,67,6.211088341770108,2.653661278256194,3.5574270635139142,High-RE
Full,1.5C,R10EUROPE,headcount_pct,Deprived headcount,67,67,1.86277537273517,0.9608479150805639,0.901927457654606,High-RE
Full,1.5C,R10EUROPE,mort_per_1k,PM2.5 mortality,48,39,15.4415225,11.160875,4.280647499999999,High-RE
Full,1.5C,R10INDIA+,net_re_jobs_per_1k,Employment,58,67,264.43097654303944,1007.6433605093965,743.212383966357,High-RE
Full,1.5C,R10INDIA+,gap_GJ_pc,DLE gap,67,67,1.3506976456960387,0.47412140643482076,0.876576239261218,High-RE
Full,1.5C,R10INDIA+,headcount_pct,Deprived headcount,67,67,1.3088577564523052,0.44697058341369056,0.8618871730386146,High-RE
Full,1.5C,R10INDIA+,mort_per_1k,PM2.5 mortality,48,39,110.0836525,104.832935,5.250717499999993,High-RE
Full,1.5C,R10LATIN_AM,net_re_jobs_per_1k,Employment,58,67,232.42899363446128,508.6803423021253,276.25134866766405,High-RE
Full,1.5C,R10LATIN_AM,gap_GJ_pc,DLE gap,67,67,61.800421416155935,37.37603636434134,24.424385051814596,High-RE
Full,1.5C,R10LATIN_AM,headcount_pct,Deprived headcount,67,67,16.553813779777197,9.674733757612415,6.879080022164782,High-RE
Full,1.5C,R10LATIN_AM,mort_per_1k,PM2.5 mortality,48,39,14.1536,15.661335,-1.5077349999999985,High-CDR
Full,1.5C,R10MIDDLE_EAST,net_re_jobs_per_1k,Employment,58,67,339.1175313379531,851.0265344926477,511.9090031546946,High-RE
Full,1.5C,R10MIDDLE_EAST,gap_GJ_pc,DLE gap,67,67,1.8322671058747844,2.428042999914786,-0.5957758940400018,High-CDR
Full,1.5C,R10MIDDLE_EAST,headcount_pct,Deprived headcount,67,67,0.7603488500371662,1.0104429911818564,-0.2500941411446902,High-CDR
Full,1.5C,R10MIDDLE_EAST,mort_per_1k,PM2.5 mortality,48,39,57.097162499999996,46.24088,10.856282499999999,High-RE
Full,1.5C,R10NORTH_AM,net_re_jobs_per_1k,Employment,58,67,140.2911060902402,328.2944640949316,188.0033580046914,High-RE
Full,1.5C,R10NORTH_AM,gap_GJ_pc,DLE gap,67,67,10.256226841716966,7.619561183663454,2.636665658053512,High-RE
Full,1.5C,R10NORTH_AM,headcount_pct,Deprived headcount,67,67,2.589823253004834,1.8357150577052592,0.7541081952995747,High-RE
Full,1.5C,R10NORTH_AM,mort_per_1k,PM2.5 mortality,48,39,7.3477999999999994,8.92411,-1.5763100000000012,High-CDR
Full,1.5C,R10PAC_OECD,net_re_jobs_per_1k,Employment,58,67,81.65698775964418,119.27623769355546,37.61924993391128,High-RE
Full,1.5C,R10PAC_OECD,gap_GJ_pc,DLE gap,67,67,5.530602275134443,5.930964842555021,-0.4003625674205775,High-CDR
Full,1.5C,R10PAC_OECD,headcount_pct,Deprived headcount,67,67,1.546426080406836,1.6689655405013941,-0.12253946009455818,High-CDR
Full,1.5C,R10PAC_OECD,mort_per_1k,PM2.5 mortality,48,39,5.2098125,3.591945,1.6178675,High-RE
Full,1.5C,R10REF_ECON,net_re_jobs_per_1k,Employment,58,67,503.3942695057042,764.0964034975968,260.70213399189265,High-RE
Full,1.5C,R10REF_ECON,gap_GJ_pc,DLE gap,67,67,2.0049177619300473,1.5519867463523151,0.4529310155777322,High-RE
Full,1.5C,R10REF_ECON,headcount_pct,Deprived headcount,67,67,0.7650705338615141,0.5761079055829006,0.18896262827861354,High-RE
Full,1.5C,R10REF_ECON,mort_per_1k,PM2.5 mortality,48,39,13.84942,13.090665,0.7587550000000007,High-RE
Full,1.5C,R10REST_ASIA,net_re_jobs_per_1k,Employment,58,67,155.2172103540911,874.2377865651293,719.0205762110382,High-RE
Full,1.5C,R10REST_ASIA,gap_GJ_pc,DLE gap,67,67,4.283171424273665,8.063213432325181,-3.780042008051516,High-CDR
Full,1.5C,R10REST_ASIA,headcount_pct,Deprived headcount,67,67,2.370360576764106,3.6515787640752384,-1.2812181873111324,High-CDR
Full,1.5C,R10REST_ASIA,mort_per_1k,PM2.5 mortality,48,39,55.509190000000004,56.093065,-0.583874999999999,High-CDR
Full,2C,Aggregated R10 regions,net_re_jobs_per_1k,Employment,212,234,186.49549925078952,471.14891986702844,284.6534206162389,High-RE
Full,2C,Aggregated R10 regions,gap_GJ_pc,DLE gap,223,226,15.45555178054982,11.367761499090152,4.087790281459668,High-RE
Full,2C,Aggregated R10 regions,headcount_pct,Deprived headcount,223,226,5.772401368694007,4.172492779687552,1.5999085890064553,High-RE
Full,2C,Aggregated R10 regions,mort_per_1k,PM2.5 mortality,178,165,438.7368225,435.19535,3.5414724999999976,High-RE
Full,2C,R10AFRICA,net_re_jobs_per_1k,Employment,212,238,229.18158556080948,723.4797060669662,494.2981205061567,High-RE
Full,2C,R10AFRICA,gap_GJ_pc,DLE gap,223,230,64.8804270820265,41.84247754564941,23.03794953637709,High-RE
Full,2C,R10AFRICA,headcount_pct,Deprived headcount,223,230,25.531026674738165,16.812207575079093,8.718819099659072,High-RE
Full,2C,R10AFRICA,mort_per_1k,PM2.5 mortality,178,165,76.6407025,78.69661,-2.0559075000000036,High-CDR
Full,2C,R10CHINA+,net_re_jobs_per_1k,Employment,215,238,129.5145042991121,266.25479233945356,136.74028804034145,High-RE
Full,2C,R10CHINA+,gap_GJ_pc,DLE gap,226,230,0.827012599081548,0.6668584214790885,0.16015417760245954,High-RE
Full,2C,R10CHINA+,headcount_pct,Deprived headcount,226,230,0.42515398399436943,0.35309266072238576,0.07206132327198367,High-RE
Full,2C,R10CHINA+,mort_per_1k,PM2.5 mortality,178,165,79.45526000000001,78.78534,0.6699200000000047,High-RE
Full,2C,R10EUROPE,net_re_jobs_per_1k,Employment,215,238,60.0795197624756,116.3702503136204,56.290730551144804,High-RE
Full,2C,R10EUROPE,gap_GJ_pc,DLE gap,226,230,3.463950896354859,2.6440354738432017,0.8199154225116572,High-RE
Full,2C,R10EUROPE,headcount_pct,Deprived headcount,226,230,1.084797757488583,0.9457007890268985,0.1390969684616845,High-RE
Full,2C,R10EUROPE,mort_per_1k,PM2.5 mortality,178,165,15.080575,11.23065,3.849924999999999,High-RE
Full,2C,R10INDIA+,net_re_jobs_per_1k,Employment,212,238,242.52132824711896,668.15640382634,425.63507557922105,High-RE
Full,2C,R10INDIA+,gap_GJ_pc,DLE gap,223,230,1.082484786768986,0.44334573570441027,0.6391390510645757,High-RE
Full,2C,R10INDIA+,headcount_pct,Deprived headcount,223,230,1.0469200713436866,0.4160734740213989,0.63084659732228765,High-RE
Full,2C,R10INDIA+,mort_per_1k,PM2.5 mortality,178,165,120.52015499999999,113.429315,7.090839999999986,High-RE
Full,2C,R10LATIN_AM,net_re_jobs_per_1k,Employment,215,238,178.7178759989481,372.5711451485457,193.85326914959762,High-RE
Full,2C,R10LATIN_AM,gap_GJ_pc,DLE gap,226,230,51.19945491378365,38.974646639494395,12.224808274289252,High-RE
Full,2C,R10LATIN_AM,headcount_pct,Deprived headcount,226,230,13.652657801850488,10.334636885789262,3.3180209160612257,High-RE
Full,2C,R10LATIN_AM,mort_per_1k,PM2.5 mortality,178,165,14.018392500000001,15.66286,-1.6444674999999993,High-CDR
Full,2C,R10MIDDLE_EAST,net_re_jobs_per_1k,Employment,212,238,153.83270184738706,549.9496019616887,396.11690011430164,High-RE
Full,2C,R10MIDDLE_EAST,gap_GJ_pc,DLE gap,223,230,0.9351401662377028,2.244062993107924,-1.308922826870221,High-CDR
Full,2C,R10MIDDLE_EAST,headcount_pct,Deprived headcount,223,230,0.49833356717526495,0.9248352350493995,-0.4265016678741345,High-CDR
Full,2C,R10MIDDLE_EAST,mort_per_1k,PM2.5 mortality,178,165,47.0277775,46.59787,0.4299074999999988,High-RE
Full,2C,R10NORTH_AM,net_re_jobs_per_1k,Employment,215,238,101.32495168388056,219.54178744671503,118.21683576283448,High-RE
Full,2C,R10NORTH_AM,gap_GJ_pc,DLE gap,226,230,7.186252243916366,8.061687615513048,-0.8754353715966818,High-CDR
Full,2C,R10NORTH_AM,headcount_pct,Deprived headcount,226,230,1.8411714952280556,2.0787811458351886,-0.23760965060713302,High-CDR
Full,2C,R10NORTH_AM,mort_per_1k,PM2.5 mortality,178,165,6.816545,8.92639,-2.109845,High-CDR
Full,2C,R10PAC_OECD,net_re_jobs_per_1k,Employment,212,234,75.2038236028749,97.82952889338341,22.625705290508506,High-RE
Full,2C,R10PAC_OECD,gap_GJ_pc,DLE gap,223,226,3.6553411088008096,5.382767980920999,-1.7274268721201893,High-CDR
Full,2C,R10PAC_OECD,headcount_pct,Deprived headcount,223,226,0.9679753843243044,1.5240957017789207,-0.5561203174546163,High-CDR
Full,2C,R10PAC_OECD,mort_per_1k,PM2.5 mortality,178,165,5.5958725000000005,3.63313,1.9627425000000005,High-RE
Full,2C,R10REF_ECON,net_re_jobs_per_1k,Employment,215,238,383.21035306075436,605.3718529270275,222.16149986627312,High-RE
Full,2C,R10REF_ECON,gap_GJ_pc,DLE gap,226,230,1.3656378115286203,1.4244739293283606,-0.058836117799740295,High-CDR
Full,2C,R10REF_ECON,headcount_pct,Deprived headcount,226,230,0.5135532904246966,0.5340220103004292,-0.02046871987573262,High-CDR
Full,2C,R10REF_ECON,mort_per_1k,PM2.5 mortality,178,165,14.3795975,13.258825,1.1207724999999993,High-RE
Full,2C,R10REST_ASIA,net_re_jobs_per_1k,Employment,212,238,129.1808410236656,543.0355530851136,413.854712061448,High-RE
Full,2C,R10REST_ASIA,gap_GJ_pc,DLE gap,223,230,3.6155059047379896,7.056973858281708,-3.4414679535437185,High-CDR
Full,2C,R10REST_ASIA,headcount_pct,Deprived headcount,223,230,1.8999959258128571,3.2213071577651684,-1.3213112319523113,High-CDR
Full,2C,R10REST_ASIA,mort_per_1k,PM2.5 mortality,178,165,59.353629999999995,57.954615,1.3990149999999986,High-RE
Full,All ambitions,Aggregated R10 regions,net_re_jobs_per_1k,Employment,270,301,192.67508488158467,509.4862638694842,316.81117898789955,High-RE
Full,All ambitions,Aggregated R10 regions,gap_GJ_pc,DLE gap,290,293,15.850750316180047,11.54810641989833,4.302643896281717,High-RE
Full,All ambitions,Aggregated R10 regions,headcount_pct,Deprived headcount,290,293,5.847564373702934,4.192756407236945,1.654807966465989,High-RE
Full,All ambitions,Aggregated R10 regions,mort_per_1k,PM2.5 mortality,226,204,434.84968000000003,426.8416125,8.008067500000038,High-RE
Full,All ambitions,R10AFRICA,net_re_jobs_per_1k,Employment,270,305,234.2461852523445,784.2900274544592,550.0438422021147,High-RE
Full,All ambitions,R10AFRICA,gap_GJ_pc,DLE gap,290,297,65.07901985266321,42.32397866165726,22.75504119100595,High-RE
Full,All ambitions,R10AFRICA,headcount_pct,Deprived headcount,290,297,25.529322228766,16.84237372682275,8.686948501943249,High-RE
Full,All ambitions,R10AFRICA,mort_per_1k,PM2.5 mortality,226,204,76.34924749999999,78.63142,-2.2821725000000157,High-CDR
Full,All ambitions,R10CHINA+,net_re_jobs_per_1k,Employment,273,305,144.96775649970806,286.4970017860873,141.52924528637925,High-RE
Full,All ambitions,R10CHINA+,gap_GJ_pc,DLE gap,293,297,0.8658563762706603,0.6815529629618805,0.18430341330877975,High-RE
Full,All ambitions,R10CHINA+,headcount_pct,Deprived headcount,293,297,0.45604252302177994,0.3577497769140629,0.09829274610771704,High-RE
Full,All ambitions,R10CHINA+,mort_per_1k,PM2.5 mortality,226,204,78.9684475,78.54454,0.42390749999999855,High-RE
Full,All ambitions,R10EUROPE,net_re_jobs_per_1k,Employment,273,305,60.33785224170155,125.16109012910499,64.82323788740345,High-RE
Full,All ambitions,R10EUROPE,gap_GJ_pc,DLE gap,293,297,3.9141994521882424,2.6455329578477134,1.268666494340529,High-RE
Full,All ambitions,R10EUROPE,headcount_pct,Deprived headcount,293,297,1.2865212700280695,0.9481069058385632,0.3384143641895063,High-RE
Full,All ambitions,R10EUROPE,mort_per_1k,PM2.5 mortality,226,204,15.084644999999998,11.210302500000001,3.8743424999999974,High-RE
Full,All ambitions,R10INDIA+,net_re_jobs_per_1k,Employment,270,305,251.8478505614091,776.5060151212625,524.6581645598534,High-RE
Full,All ambitions,R10INDIA+,gap_GJ_pc,DLE gap,290,297,1.1045473111088229,0.4472405353616067,0.6573067757472162,High-RE
Full,All ambitions,R10INDIA+,headcount_pct,Deprived headcount,290,297,1.0714521108140365,0.41998074030195054,0.6514713705120859,High-RE
Full,All ambitions,R10INDIA+,mort_per_1k,PM2.5 mortality,226,204,115.91396,110.747905,5.166055,High-RE
Full,All ambitions,R10LATIN_AM,net_re_jobs_per_1k,Employment,273,305,183.4201180564186,398.0695985046796,214.64948044826102,High-RE
Full,All ambitions,R10LATIN_AM,gap_GJ_pc,DLE gap,293,297,54.929859208837875,38.65841166499827,16.271447543839606,High-RE
Full,All ambitions,R10LATIN_AM,headcount_pct,Deprived headcount,293,297,14.396055621876268,10.048160598614613,4.347895023261655,High-RE
Full,All ambitions,R10LATIN_AM,mort_per_1k,PM2.5 mortality,226,204,14.060815000000002,15.6620975,-1.6012824999999982,High-CDR
Full,All ambitions,R10MIDDLE_EAST,net_re_jobs_per_1k,Employment,270,305,225.07731715470015,608.7840417030708,383.70672454837063,High-RE
Full,All ambitions,R10MIDDLE_EAST,gap_GJ_pc,DLE gap,290,297,1.1067960192181383,2.2621822286355036,-1.1553862094173653,High-CDR
Full,All ambitions,R10MIDDLE_EAST,headcount_pct,Deprived headcount,290,297,0.5967094554924051,0.9332852514178073,-0.3365757959254022,High-CDR
Full,All ambitions,R10MIDDLE_EAST,mort_per_1k,PM2.5 mortality,226,204,47.250895,46.54309,0.7078050000000005,High-RE
Full,All ambitions,R10NORTH_AM,net_re_jobs_per_1k,Employment,273,305,106.89969186045245,237.40622884060437,130.5065369801519,High-RE
Full,All ambitions,R10NORTH_AM,gap_GJ_pc,DLE gap,293,297,8.674230722978892,8.028229493116658,0.6460012298622342,High-RE
Full,All ambitions,R10NORTH_AM,headcount_pct,Deprived headcount,293,297,2.140588896660582,2.0691135311136026,0.07147536554697931,High-RE
Full,All ambitions,R10NORTH_AM,mort_per_1k,PM2.5 mortality,226,204,6.820365000000001,8.92639,-2.106024999999999,High-CDR
Full,All ambitions,R10PAC_OECD,net_re_jobs_per_1k,Employment,270,301,76.89548972914777,100.82005326748995,23.924563538342184,High-RE
Full,All ambitions,R10PAC_OECD,gap_GJ_pc,DLE gap,290,293,3.885868392662329,5.551513667998985,-1.6656452753366557,High-CDR
Full,All ambitions,R10PAC_OECD,headcount_pct,Deprived headcount,290,293,1.0613352866701926,1.5446549018106712,-0.4833196151404786,High-CDR
Full,All ambitions,R10PAC_OECD,mort_per_1k,PM2.5 mortality,226,204,5.498055,3.630585,1.86747,High-RE
Full,All ambitions,R10REF_ECON,net_re_jobs_per_1k,Employment,273,305,405.1514714576385,622.8332290115586,217.68175755392014,High-RE
Full,All ambitions,R10REF_ECON,gap_GJ_pc,DLE gap,293,297,1.4500908588442696,1.479000973958264,-0.028910115113994328,High-CDR
Full,All ambitions,R10REF_ECON,headcount_pct,Deprived headcount,293,297,0.5488507896429893,0.5440373898119943,0.0048133998309949355,High-RE
Full,All ambitions,R10REF_ECON,mort_per_1k,PM2.5 mortality,226,204,14.15165,13.214325,0.9373249999999995,High-RE
Full,All ambitions,R10REST_ASIA,net_re_jobs_per_1k,Employment,270,305,131.72707865931102,618.5609082645318,486.8338296052208,High-RE
Full,All ambitions,R10REST_ASIA,gap_GJ_pc,DLE gap,290,297,3.636170064020396,7.151041907442916,-3.5148718434225197,High-CDR
Full,All ambitions,R10REST_ASIA,headcount_pct,Deprived headcount,290,297,1.905223883007582,3.286604796913059,-1.3813809139054771,High-CDR
Full,All ambitions,R10REST_ASIA,mort_per_1k,PM2.5 mortality,226,204,58.338522499999996,57.557424999999995,0.7810975000000013,High-RE
SCI-vetted,1.5C,Aggregated R10 regions,net_re_jobs_per_1k,Employment,6,6,265.79639500326715,550.3494216687917,284.55302666552456,High-RE
SCI-vetted,1.5C,Aggregated R10 regions,gap_GJ_pc,DLE gap,6,6,21.27685223957915,18.043651984600665,3.2332002549784846,High-RE
SCI-vetted,1.5C,Aggregated R10 regions,headcount_pct,Deprived headcount,6,6,7.876058545149219,6.662031540784415,1.2140270043648034,High-RE
SCI-vetted,1.5C,Aggregated R10 regions,mort_per_1k,PM2.5 mortality,6,6,481.9203375,428.3386425,53.581695000000025,High-RE
SCI-vetted,1.5C,R10AFRICA,net_re_jobs_per_1k,Employment,6,6,352.1491980380507,965.7760959877504,613.6268979496997,High-RE
SCI-vetted,1.5C,R10AFRICA,gap_GJ_pc,DLE gap,6,6,75.09854733128219,68.27750770051213,6.821039630770059,High-RE
SCI-vetted,1.5C,R10AFRICA,headcount_pct,Deprived headcount,6,6,30.918092842405613,27.66025601569889,3.257836826706722,High-RE
SCI-vetted,1.5C,R10AFRICA,mort_per_1k,PM2.5 mortality,6,6,78.6303025,78.659675,-0.029372499999993806,High-CDR
SCI-vetted,1.5C,R10CHINA+,net_re_jobs_per_1k,Employment,6,6,175.80538056060058,238.2336730516156,62.428292491015014,High-RE
SCI-vetted,1.5C,R10CHINA+,gap_GJ_pc,DLE gap,6,6,0.9344244659035426,0.7351813244709702,0.19924314143257238,High-RE
SCI-vetted,1.5C,R10CHINA+,headcount_pct,Deprived headcount,6,6,0.5171582121332308,0.42934361540181015,0.08781459673142061,High-RE
SCI-vetted,1.5C,R10CHINA+,mort_per_1k,PM2.5 mortality,6,6,89.5881775,86.4642075,3.12397,High-RE
SCI-vetted,1.5C,R10EUROPE,net_re_jobs_per_1k,Employment,6,6,32.551064483531206,126.3166281854281,93.7655637018969,High-RE
SCI-vetted,1.5C,R10EUROPE,gap_GJ_pc,DLE gap,6,6,8.36757169891245,4.860401267343972,3.5071704315684773,High-RE
SCI-vetted,1.5C,R10EUROPE,headcount_pct,Deprived headcount,6,6,3.1362655619827384,1.7743140813268912,1.3619514806558473,High-RE
SCI-vetted,1.5C,R10EUROPE,mort_per_1k,PM2.5 mortality,6,6,16.675512500000004,17.056355,-0.3808424999999964,High-CDR
SCI-vetted,1.5C,R10INDIA+,net_re_jobs_per_1k,Employment,6,6,239.29911364413204,684.4594998860175,445.1603862418855,High-RE
SCI-vetted,1.5C,R10INDIA+,gap_GJ_pc,DLE gap,6,6,0.9631824733000813,0.5016051162328972,0.46157735706718417,High-RE
SCI-vetted,1.5C,R10INDIA+,headcount_pct,Deprived headcount,6,6,0.883437851094419,0.47177717886995524,0.41166067222446373,High-RE
SCI-vetted,1.5C,R10INDIA+,mort_per_1k,PM2.5 mortality,6,6,136.3275325,100.12599,36.20154249999999,High-RE
SCI-vetted,1.5C,R10LATIN_AM,net_re_jobs_per_1k,Employment,6,6,237.53688000589017,357.51681298426206,119.97993297837189,High-RE
SCI-vetted,1.5C,R10LATIN_AM,gap_GJ_pc,DLE gap,6,6,73.76964973361483,49.96594767767199,23.803702055942836,High-RE
SCI-vetted,1.5C,R10LATIN_AM,headcount_pct,Deprived headcount,6,6,20.047821085047644,13.135744271533703,6.912076813513941,High-RE
SCI-vetted,1.5C,R10LATIN_AM,mort_per_1k,PM2.5 mortality,6,6,22.340055,15.87274,6.467314999999999,High-RE
SCI-vetted,1.5C,R10MIDDLE_EAST,net_re_jobs_per_1k,Employment,6,6,186.28541881046397,953.7629249994258,767.4775061889618,High-RE
SCI-vetted,1.5C,R10MIDDLE_EAST,gap_GJ_pc,DLE gap,6,6,1.1276303860726,1.4100286144379646,-0.28239822836536455,High-CDR
SCI-vetted,1.5C,R10MIDDLE_EAST,headcount_pct,Deprived headcount,6,6,0.603786686193827,0.6285689025105159,-0.024782216316688865,High-CDR
SCI-vetted,1.5C,R10MIDDLE_EAST,mort_per_1k,PM2.5 mortality,6,6,43.195584999999994,45.753834999999995,-2.558250000000001,High-CDR
SCI-vetted,1.5C,R10NORTH_AM,net_re_jobs_per_1k,Employment,6,6,157.1768925323678,228.5979622655319,71.4210697331641,High-RE
SCI-vetted,1.5C,R10NORTH_AM,gap_GJ_pc,DLE gap,6,6,23.04624556584454,12.797187140670545,10.249058425173995,High-RE
SCI-vetted,1.5C,R10NORTH_AM,headcount_pct,Deprived headcount,6,6,5.786853450821869,3.4039809454660244,2.382872505355845,High-RE
SCI-vetted,1.5C,R10NORTH_AM,mort_per_1k,PM2.5 mortality,6,6,7.81337,9.9319875,-2.1186175,High-CDR
SCI-vetted,1.5C,R10PAC_OECD,net_re_jobs_per_1k,Employment,6,6,117.49823353654946,144.69114121929397,27.192907682744504,High-RE
SCI-vetted,1.5C,R10PAC_OECD,gap_GJ_pc,DLE gap,6,6,8.554527341254996,5.959975279820308,2.5945520614346878,High-RE
SCI-vetted,1.5C,R10PAC_OECD,headcount_pct,Deprived headcount,6,6,2.4092464893817187,1.769349034505217,0.6398974548765017,High-RE
SCI-vetted,1.5C,R10PAC_OECD,mort_per_1k,PM2.5 mortality,6,6,5.8691075,4.785665,1.0834425000000003,High-RE
SCI-vetted,1.5C,R10REF_ECON,net_re_jobs_per_1k,Employment,6,6,469.8346969430388,944.0576144991812,474.2229175561424,High-RE
SCI-vetted,1.5C,R10REF_ECON,gap_GJ_pc,DLE gap,6,6,1.8186281340410342,1.142614143324952,0.6760139907160823,High-RE
SCI-vetted,1.5C,R10REF_ECON,headcount_pct,Deprived headcount,6,6,0.7389637901696591,0.47501774377839545,0.2639460463912636,High-RE
SCI-vetted,1.5C,R10REF_ECON,mort_per_1k,PM2.5 mortality,6,6,13.541284999999998,13.8316125,-0.29032750000000185,High-CDR
SCI-vetted,1.5C,R10REST_ASIA,net_re_jobs_per_1k,Employment,6,6,171.9748431577425,594.742275589244,422.76743243150145,High-RE
SCI-vetted,1.5C,R10REST_ASIA,gap_GJ_pc,DLE gap,6,6,11.017887881598906,9.492942324250567,1.5249455573483388,High-RE
SCI-vetted,1.5C,R10REST_ASIA,headcount_pct,Deprived headcount,6,6,5.173230675607692,4.503699733121806,0.6695309424858857,High-RE
SCI-vetted,1.5C,R10REST_ASIA,mort_per_1k,PM2.5 mortality,6,6,68.082905,56.4121875,11.670717499999995,High-RE
SCI-vetted,2C,Aggregated R10 regions,net_re_jobs_per_1k,Employment,63,63,186.3801306098022,295.0638621968642,108.683731587062,High-RE
SCI-vetted,2C,Aggregated R10 regions,gap_GJ_pc,DLE gap,63,63,19.046803905975818,20.477791184909517,-1.4309872789336993,High-CDR
SCI-vetted,2C,Aggregated R10 regions,headcount_pct,Deprived headcount,63,63,6.911010776806588,7.600774981647953,-0.6897642048413646,High-CDR
SCI-vetted,2C,Aggregated R10 regions,mort_per_1k,PM2.5 mortality,62,60,419.717675,442.17121,-22.453534999999988,High-CDR
SCI-vetted,2C,R10AFRICA,net_re_jobs_per_1k,Employment,63,64,298.8138130573049,376.03835833292646,77.22454527562155,High-RE
SCI-vetted,2C,R10AFRICA,gap_GJ_pc,DLE gap,63,64,83.00002841748247,75.63286066839687,7.367167749085596,High-RE
SCI-vetted,2C,R10AFRICA,headcount_pct,Deprived headcount,63,64,31.926153144568925,31.882742024364475,0.043411120204449816,High-RE
SCI-vetted,2C,R10AFRICA,mort_per_1k,PM2.5 mortality,62,60,73.707605,76.832695,-3.12509,High-CDR
SCI-vetted,2C,R10CHINA+,net_re_jobs_per_1k,Employment,63,64,123.05337974658393,265.3303491084322,142.27696936184827,High-RE
SCI-vetted,2C,R10CHINA+,gap_GJ_pc,DLE gap,63,64,0.5772627363233156,0.6938495741802311,-0.11658683785691548,High-CDR
SCI-vetted,2C,R10CHINA+,headcount_pct,Deprived headcount,63,64,0.30688387706273595,0.35204896231797156,-0.045165085255235604,High-CDR
SCI-vetted,2C,R10CHINA+,mort_per_1k,PM2.5 mortality,62,60,81.144235,92.7090475,-11.564812500000002,High-CDR
SCI-vetted,2C,R10EUROPE,net_re_jobs_per_1k,Employment,63,64,68.09629480655028,125.7224207001056,57.626125893555326,High-RE
SCI-vetted,2C,R10EUROPE,gap_GJ_pc,DLE gap,63,64,4.591079153146018,3.6760836237445305,0.9149955294014878,High-RE
SCI-vetted,2C,R10EUROPE,headcount_pct,Deprived headcount,63,64,1.6736381438324743,1.0301973270831228,0.6434408167493515,High-RE
SCI-vetted,2C,R10EUROPE,mort_per_1k,PM2.5 mortality,62,60,12.21634,17.8237375,-5.607397499999999,High-CDR
SCI-vetted,2C,R10INDIA+,net_re_jobs_per_1k,Employment,63,64,286.28838129936315,434.2730336216854,147.98465232232223,High-RE
SCI-vetted,2C,R10INDIA+,gap_GJ_pc,DLE gap,63,64,1.2209478292963711,0.8679672784749393,0.35298055082143187,High-RE
SCI-vetted,2C,R10INDIA+,headcount_pct,Deprived headcount,63,64,1.2183510564722828,0.7854007019395317,0.4329503545327511,High-RE
SCI-vetted,2C,R10INDIA+,mort_per_1k,PM2.5 mortality,62,60,114.354115,96.08115749999999,18.272957500000004,High-RE
SCI-vetted,2C,R10LATIN_AM,net_re_jobs_per_1k,Employment,63,64,174.21171064479094,277.8537908680977,103.64208022330675,High-RE
SCI-vetted,2C,R10LATIN_AM,gap_GJ_pc,DLE gap,63,64,60.84158733234104,53.12928703667567,7.712300295665372,High-RE
SCI-vetted,2C,R10LATIN_AM,headcount_pct,Deprived headcount,63,64,16.853679371749823,14.002532497515308,2.851146874234516,High-RE
SCI-vetted,2C,R10LATIN_AM,mort_per_1k,PM2.5 mortality,62,60,13.419615,15.402305,-1.9826899999999998,High-CDR
SCI-vetted,2C,R10MIDDLE_EAST,net_re_jobs_per_1k,Employment,63,64,129.53417894780506,505.2775165463713,375.74333759856626,High-RE
SCI-vetted,2C,R10MIDDLE_EAST,gap_GJ_pc,DLE gap,63,64,0.7582799417289574,2.446730547656026,-1.6884506059270685,High-CDR
SCI-vetted,2C,R10MIDDLE_EAST,headcount_pct,Deprived headcount,63,64,0.39279894273844884,0.9939072986422197,-0.6011083559037709,High-CDR
SCI-vetted,2C,R10MIDDLE_EAST,mort_per_1k,PM2.5 mortality,62,60,43.62098,55.186975000000004,-11.565995000000001,High-CDR
SCI-vetted,2C,R10NORTH_AM,net_re_jobs_per_1k,Employment,63,64,96.45154014077994,240.01164759319477,143.56010745241483,High-RE
SCI-vetted,2C,R10NORTH_AM,gap_GJ_pc,DLE gap,63,64,18.55683102437286,6.462837618009093,12.093993406363765,High-RE
SCI-vetted,2C,R10NORTH_AM,headcount_pct,Deprived headcount,63,64,4.817848785406943,1.3587107250994641,3.4591380603074784,High-RE
SCI-vetted,2C,R10NORTH_AM,mort_per_1k,PM2.5 mortality,62,60,6.69969,10.560212499999999,-3.8605224999999983,High-CDR
SCI-vetted,2C,R10PAC_OECD,net_re_jobs_per_1k,Employment,63,63,147.26399468924816,116.96677870146475,-30.297215987783417,High-CDR
SCI-vetted,2C,R10PAC_OECD,gap_GJ_pc,DLE gap,63,63,3.943002103886238,4.4710136142841375,-0.5280115103978993,High-CDR
SCI-vetted,2C,R10PAC_OECD,headcount_pct,Deprived headcount,63,63,1.178102222317989,1.1465894665846001,0.03151275573338874,High-RE
SCI-vetted,2C,R10PAC_OECD,mort_per_1k,PM2.5 mortality,62,60,4.47825,5.2721325,-0.7938824999999996,High-CDR
SCI-vetted,2C,R10REF_ECON,net_re_jobs_per_1k,Employment,63,64,286.8720224832856,844.3178722493753,557.4458497660897,High-RE
SCI-vetted,2C,R10REF_ECON,gap_GJ_pc,DLE gap,63,64,1.3791584980567329,1.7740027296676728,-0.39484423161093996,High-CDR
SCI-vetted,2C,R10REF_ECON,headcount_pct,Deprived headcount,63,64,0.5762771868699251,0.6110824493812486,-0.03480526251132343,High-CDR
SCI-vetted,2C,R10REF_ECON,mort_per_1k,PM2.5 mortality,62,60,13.29234,15.954252499999999,-2.6619124999999997,High-CDR
SCI-vetted,2C,R10REST_ASIA,net_re_jobs_per_1k,Employment,63,64,109.79274960197455,229.1641979321758,119.37144833020125,High-RE
SCI-vetted,2C,R10REST_ASIA,gap_GJ_pc,DLE gap,63,64,3.730454618545853,10.52820243051519,-6.797747811969337,High-CDR
SCI-vetted,2C,R10REST_ASIA,headcount_pct,Deprived headcount,63,64,1.998658810989026,4.859011561116748,-2.8603527501277224,High-CDR
SCI-vetted,2C,R10REST_ASIA,mort_per_1k,PM2.5 mortality,62,60,55.98183,55.049512500000006,0.9323174999999964,High-RE
SCI-vetted,All ambitions,Aggregated R10 regions,net_re_jobs_per_1k,Employment,69,69,187.93304199310543,308.6180291922974,120.68498719919197,High-RE
SCI-vetted,All ambitions,Aggregated R10 regions,gap_GJ_pc,DLE gap,69,69,19.1127086387263,18.39637443085087,0.7163342078754305,High-RE
SCI-vetted,All ambitions,Aggregated R10 regions,headcount_pct,Deprived headcount,69,69,6.950699586557095,6.862270385057928,0.08842920149916633,High-RE
SCI-vetted,All ambitions,Aggregated R10 regions,mort_per_1k,PM2.5 mortality,68,66,419.921,442.17121,-22.25020999999998,High-CDR
SCI-vetted,All ambitions,R10AFRICA,net_re_jobs_per_1k,Employment,69,70,298.8138130573049,461.4252468880976,162.6114338307927,High-RE
SCI-vetted,All ambitions,R10AFRICA,gap_GJ_pc,DLE gap,69,70,82.318184835764,72.62624272566165,9.691942110102346,High-RE
SCI-vetted,All ambitions,R10AFRICA,headcount_pct,Deprived headcount,69,70,31.926153144568925,30.467415706640246,1.4587374379286793,High-RE
SCI-vetted,All ambitions,R10AFRICA,mort_per_1k,PM2.5 mortality,68,66,73.7414,78.40185,-4.660449999999997,High-CDR
SCI-vetted,All ambitions,R10CHINA+,net_re_jobs_per_1k,Employment,69,70,129.5145042991121,254.5508521070799,125.03634780796779,High-RE
SCI-vetted,All ambitions,R10CHINA+,gap_GJ_pc,DLE gap,69,70,0.594892553625192,0.7085880322806468,-0.11369547865545482,High-CDR
SCI-vetted,All ambitions,R10CHINA+,headcount_pct,Deprived headcount,69,70,0.3196663270421756,0.35546262698749387,-0.035796299945318244,High-CDR
SCI-vetted,All ambitions,R10CHINA+,mort_per_1k,PM2.5 mortality,68,66,81.49095,92.2781,-10.787149999999997,High-CDR
SCI-vetted,All ambitions,R10EUROPE,net_re_jobs_per_1k,Employment,69,70,68.09629480655028,125.7224207001056,57.626125893555326,High-RE
SCI-vetted,All ambitions,R10EUROPE,gap_GJ_pc,DLE gap,69,70,4.823103653111523,3.700555566522482,1.122548086589041,High-RE
SCI-vetted,All ambitions,R10EUROPE,headcount_pct,Deprived headcount,69,70,1.7484114617020003,1.052856186464076,0.6955552752379244,High-RE
SCI-vetted,All ambitions,R10EUROPE,mort_per_1k,PM2.5 mortality,68,66,12.2243525,17.8237375,-5.599385,High-CDR
SCI-vetted,All ambitions,R10INDIA+,net_re_jobs_per_1k,Employment,69,70,281.9348712479274,450.1110330491609,168.1761618012335,High-RE
SCI-vetted,All ambitions,R10INDIA+,gap_GJ_pc,DLE gap,69,70,1.2160186953350982,0.7069871388029965,0.5090315565321017,High-RE
SCI-vetted,All ambitions,R10INDIA+,headcount_pct,Deprived headcount,69,70,1.2165090609820002,0.6337488719595679,0.5827601890224323,High-RE
SCI-vetted,All ambitions,R10INDIA+,mort_per_1k,PM2.5 mortality,68,66,114.78341499999999,96.08115749999999,18.7022575,High-RE
SCI-vetted,All ambitions,R10LATIN_AM,net_re_jobs_per_1k,Employment,69,70,174.21171064479094,291.27455617964404,117.0628455348531,High-RE
SCI-vetted,All ambitions,R10LATIN_AM,gap_GJ_pc,DLE gap,69,70,61.534058915626495,53.08691695020127,8.447141965425224,High-RE
SCI-vetted,All ambitions,R10LATIN_AM,headcount_pct,Deprived headcount,69,70,17.040158718236988,13.828555534289357,3.2116031839476307,High-RE
SCI-vetted,All ambitions,R10LATIN_AM,mort_per_1k,PM2.5 mortality,68,66,13.421655000000001,15.4067875,-1.9851324999999989,High-CDR
SCI-vetted,All ambitions,R10MIDDLE_EAST,net_re_jobs_per_1k,Employment,69,70,129.53417894780506,509.71709193642187,380.1829129886168,High-RE
SCI-vetted,All ambitions,R10MIDDLE_EAST,gap_GJ_pc,DLE gap,69,70,0.75990450521985,2.2648098218563577,-1.5049053166365076,High-CDR
SCI-vetted,All ambitions,R10MIDDLE_EAST,headcount_pct,Deprived headcount,69,70,0.4052430479312969,0.9091807013598618,-0.5039376534285649,High-CDR
SCI-vetted,All ambitions,R10MIDDLE_EAST,mort_per_1k,PM2.5 mortality,68,66,43.605375,50.691064999999995,-7.0856899999999925,High-CDR
SCI-vetted,All ambitions,R10NORTH_AM,net_re_jobs_per_1k,Employment,69,70,97.6662828787354,238.15444126773153,140.4881583889961,High-RE
SCI-vetted,All ambitions,R10NORTH_AM,gap_GJ_pc,DLE gap,69,70,18.55683102437286,6.581583938457619,11.975247085915239,High-RE
SCI-vetted,All ambitions,R10NORTH_AM,headcount_pct,Deprived headcount,69,70,4.817848785406943,1.3796539656687161,3.438194819738227,High-RE
SCI-vetted,All ambitions,R10NORTH_AM,mort_per_1k,PM2.5 mortality,68,66,6.70137,10.559685,-3.858315,High-CDR
SCI-vetted,All ambitions,R10PAC_OECD,net_re_jobs_per_1k,Employment,69,69,146.6823329916604,129.26317655581633,-17.41915643584406,High-CDR
SCI-vetted,All ambitions,R10PAC_OECD,gap_GJ_pc,DLE gap,69,69,4.145123170088923,4.616323041806668,-0.4711998717177446,High-CDR
SCI-vetted,All ambitions,R10PAC_OECD,headcount_pct,Deprived headcount,69,69,1.2333758305725924,1.1960317155915579,0.037344114981034515,High-RE
SCI-vetted,All ambitions,R10PAC_OECD,mort_per_1k,PM2.5 mortality,68,66,4.4866975,5.2721325,-0.7854349999999997,High-CDR
SCI-vetted,All ambitions,R10REF_ECON,net_re_jobs_per_1k,Employment,69,70,297.8271263754756,888.9781006166627,591.1509742411871,High-RE
SCI-vetted,All ambitions,R10REF_ECON,gap_GJ_pc,DLE gap,69,70,1.4337138719516247,1.339204327969763,0.09450954398186173,High-RE
SCI-vetted,All ambitions,R10REF_ECON,headcount_pct,Deprived headcount,69,70,0.5943984697005475,0.5521813077658302,0.04221716193471736,High-RE
SCI-vetted,All ambitions,R10REF_ECON,mort_per_1k,PM2.5 mortality,68,66,13.302315,15.263105,-1.9607899999999994,High-CDR
SCI-vetted,All ambitions,R10REST_ASIA,net_re_jobs_per_1k,Employment,69,70,115.7006731178279,239.27669346050132,123.57602034267342,High-RE
SCI-vetted,All ambitions,R10REST_ASIA,gap_GJ_pc,DLE gap,69,70,3.8717405639897104,10.501202259078022,-6.629461695088311,High-CDR
SCI-vetted,All ambitions,R10REST_ASIA,headcount_pct,Deprived headcount,69,70,2.1067556211739387,4.6774129741444685,-2.57065735297053,High-CDR
SCI-vetted,All ambitions,R10REST_ASIA,mort_per_1k,PM2.5 mortality,68,66,56.115097500000005,55.1134925,1.001605000000005,High-RE
