database,ambition_view,Region,family,n_cdr,n_re,median_cdr_million_deaths,median_re_million_deaths,cliffs_delta_raw,comparable,robust,direction_coded_difference_million_deaths,relative_effect_pct,direction_coded_cliffs_delta,favours,pooled_relative_effect_pct,pooled_favours,agrees_with_pooled
Full,All ambitions,Aggregated R10 regions,AIM,21,4,430.64255000000003,420.8447675,-0.5952380952380952,TRUE,TRUE,9.79778250000004,2.2751543014038065,0.5952380952380952,High-RE,2.399466499825661,High-RE,TRUE
Full,All ambitions,Aggregated R10 regions,GCAM,3,5,543.8502,461.47678,-0.8666666666666667,TRUE,TRUE,82.37341999999995,15.146343607118276,0.8666666666666667,High-RE,2.399466499825661,High-RE,TRUE
Full,All ambitions,Aggregated R10 regions,IMAGE,59,2,506.95144,495.8393575,-0.1694915254237288,TRUE,FALSE,11.112082499999985,2.191942190754993,0.1694915254237288,High-RE,2.399466499825661,High-RE,TRUE
Full,All ambitions,Aggregated R10 regions,MESSAGEix,95,24,449.98323,441.60157749999996,-0.22631578947368422,TRUE,TRUE,8.38165250000003,1.862658859531283,0.22631578947368422,High-RE,2.399466499825661,High-RE,TRUE
Full,All ambitions,Aggregated R10 regions,POLES,60,0,401.828605,NA,NA,FALSE,FALSE,NA,NA,NA,NA,2.399466499825661,High-RE,FALSE
Full,All ambitions,Aggregated R10 regions,REMIND,0,184,NA,425.8027075,NA,FALSE,FALSE,NA,NA,NA,NA,2.399466499825661,High-RE,FALSE
Full,All ambitions,Aggregated R10 regions,WITCH,8,7,422.44198,427.58408,0.39285714285714285,TRUE,TRUE,-5.142099999999971,-1.2172322457157243,-0.39285714285714285,High-CDR,2.399466499825661,High-RE,FALSE
Full,All ambitions,R10AFRICA,AIM,21,4,79.651575,80.680865,0.8095238095238095,TRUE,TRUE,-1.0292900000000031,-1.2922406116891012,-0.8095238095238095,High-CDR,-2.9552076524496242,High-CDR,TRUE
Full,All ambitions,R10AFRICA,GCAM,3,5,86.122715,82.232155,-0.6,TRUE,TRUE,3.8905599999999936,4.517460927700657,0.6,High-RE,-2.9552076524496242,High-CDR,FALSE
Full,All ambitions,R10AFRICA,IMAGE,59,2,77.36427,78.24088499999999,0.22033898305084745,TRUE,FALSE,-0.8766149999999868,-1.1331005902336915,-0.22033898305084745,High-CDR,-2.9552076524496242,High-CDR,TRUE
Full,All ambitions,R10AFRICA,MESSAGEix,95,24,76.887215,75.6258,-0.6859649122807018,TRUE,TRUE,1.2614149999999995,1.6406043579546996,0.6859649122807018,High-RE,-2.9552076524496242,High-CDR,FALSE
Full,All ambitions,R10AFRICA,POLES,60,0,72.3121075,NA,NA,FALSE,FALSE,NA,NA,NA,NA,-2.9552076524496242,High-CDR,FALSE
Full,All ambitions,R10AFRICA,REMIND,0,184,NA,78.63811,NA,FALSE,FALSE,NA,NA,NA,NA,-2.9552076524496242,High-CDR,FALSE
Full,All ambitions,R10AFRICA,WITCH,8,7,66.8499275,67.02862,0.39285714285714285,TRUE,TRUE,-0.1786924999999968,-0.26730395481729846,-0.39285714285714285,High-CDR,-2.9552076524496242,High-CDR,TRUE
Full,All ambitions,R10CHINA+,AIM,21,4,81.467685,77.63158999999999,-0.6904761904761905,TRUE,TRUE,3.8360950000000145,4.708732057379579,0.6904761904761905,High-RE,0.9621268311501312,High-RE,TRUE
Full,All ambitions,R10CHINA+,GCAM,3,5,98.47866,93.36785,-0.3333333333333333,TRUE,TRUE,5.110810000000001,5.189763954952271,0.3333333333333333,High-RE,0.9621268311501312,High-RE,TRUE
Full,All ambitions,R10CHINA+,IMAGE,59,2,96.10781,91.91886249999999,-0.3559322033898305,TRUE,FALSE,4.188947500000012,4.358592189334053,0.3559322033898305,High-RE,0.9621268311501312,High-RE,TRUE
Full,All ambitions,R10CHINA+,MESSAGEix,95,24,76.854625,76.23009,0.021929824561403508,TRUE,TRUE,0.6245349999999945,0.8126186290024765,-0.021929824561403508,High-RE,0.9621268311501312,High-RE,TRUE
Full,All ambitions,R10CHINA+,POLES,60,0,77.5147025,NA,NA,FALSE,FALSE,NA,NA,NA,NA,0.9621268311501312,High-RE,FALSE
Full,All ambitions,R10CHINA+,REMIND,0,184,NA,78.890895,NA,FALSE,FALSE,NA,NA,NA,NA,0.9621268311501312,High-RE,FALSE
Full,All ambitions,R10CHINA+,WITCH,8,7,88.70791,91.26728,0.5,TRUE,TRUE,-2.5593700000000013,-2.8851654829879334,-0.5,High-CDR,0.9621268311501312,High-RE,FALSE
Full,All ambitions,R10EUROPE,AIM,21,4,16.846385,15.99233,-0.8809523809523809,TRUE,TRUE,0.8540550000000007,5.069663313523944,0.8809523809523809,High-RE,26.38861724213735,High-RE,TRUE
Full,All ambitions,R10EUROPE,GCAM,3,5,23.90131,19.44191,-1,TRUE,TRUE,4.459399999999999,18.657554753275026,1,High-RE,26.38861724213735,High-RE,TRUE
Full,All ambitions,R10EUROPE,IMAGE,59,2,21.753425,17.997867499999998,-0.559322033898305,TRUE,FALSE,3.755557500000002,17.26421241712513,0.559322033898305,High-RE,26.38861724213735,High-RE,TRUE
Full,All ambitions,R10EUROPE,MESSAGEix,95,24,15.032525,14.459814999999999,-0.17894736842105263,TRUE,TRUE,0.5727100000000007,3.8098057378916765,0.17894736842105263,High-RE,26.38861724213735,High-RE,TRUE
Full,All ambitions,R10EUROPE,POLES,60,0,11.925435,NA,NA,FALSE,FALSE,NA,NA,NA,NA,26.38861724213735,High-RE,FALSE
Full,All ambitions,R10EUROPE,REMIND,0,184,NA,11.18624,NA,FALSE,FALSE,NA,NA,NA,NA,26.38861724213735,High-RE,FALSE
Full,All ambitions,R10EUROPE,WITCH,8,7,17.614202499999998,17.52549,-0.32142857142857145,TRUE,TRUE,0.0887124999999962,0.5036418764914063,0.32142857142857145,High-RE,26.38861724213735,High-RE,TRUE
Full,All ambitions,R10INDIA+,AIM,21,4,93.76981,90.6928675,-0.47619047619047616,TRUE,TRUE,3.0769425000000012,3.2813786228211415,0.47619047619047616,High-RE,5.901494121366096,High-RE,TRUE
Full,All ambitions,R10INDIA+,GCAM,3,5,156.848675,111.833015,-0.8666666666666667,TRUE,TRUE,45.01565999999998,28.700057555475038,0.8666666666666667,High-RE,5.901494121366096,High-RE,TRUE
Full,All ambitions,R10INDIA+,IMAGE,59,2,141.544995,143.6417475,0.01694915254237288,TRUE,FALSE,-2.096752500000008,-1.4813328440189695,-0.01694915254237288,High-CDR,5.901494121366096,High-RE,FALSE
Full,All ambitions,R10INDIA+,MESSAGEix,95,24,124.285145,118.45612,-0.3263157894736842,TRUE,TRUE,5.8290250000000015,4.690041597489388,0.3263157894736842,High-RE,5.901494121366096,High-RE,TRUE
Full,All ambitions,R10INDIA+,POLES,60,0,106.113485,NA,NA,FALSE,FALSE,NA,NA,NA,NA,5.901494121366096,High-RE,FALSE
Full,All ambitions,R10INDIA+,REMIND,0,184,NA,109.8745025,NA,FALSE,FALSE,NA,NA,NA,NA,5.901494121366096,High-RE,FALSE
Full,All ambitions,R10INDIA+,WITCH,8,7,84.19686250000001,85.713095,0.2857142857142857,TRUE,TRUE,-1.5162324999999868,-1.8008182905865247,-0.2857142857142857,High-CDR,5.901494121366096,High-RE,FALSE
Full,All ambitions,R10LATIN_AM,AIM,21,4,19.574445,19.4412275,-0.6904761904761905,TRUE,TRUE,0.13321750000000065,0.6805684656704221,0.6904761904761905,High-RE,-10.07293941141795,High-CDR,FALSE
Full,All ambitions,R10LATIN_AM,GCAM,3,5,17.15655,15.744395,-1,TRUE,TRUE,1.4121549999999985,8.230996325018717,1,High-RE,-10.07293941141795,High-CDR,FALSE
Full,All ambitions,R10LATIN_AM,IMAGE,59,2,22.405635,22.094002500000002,-0.3050847457627119,TRUE,FALSE,0.3116324999999982,1.3908666279710358,0.3050847457627119,High-RE,-10.07293941141795,High-CDR,FALSE
Full,All ambitions,R10LATIN_AM,MESSAGEix,95,24,13.84513,14.06104,0.18947368421052632,TRUE,TRUE,-0.21591000000000093,-1.559465313796266,-0.18947368421052632,High-CDR,-10.07293941141795,High-CDR,TRUE
Full,All ambitions,R10LATIN_AM,POLES,60,0,13.2348175,NA,NA,FALSE,FALSE,NA,NA,NA,NA,-10.07293941141795,High-CDR,FALSE
Full,All ambitions,R10LATIN_AM,REMIND,0,184,NA,15.663725,NA,FALSE,FALSE,NA,NA,NA,NA,-10.07293941141795,High-CDR,FALSE
Full,All ambitions,R10LATIN_AM,WITCH,8,7,15.2153325,15.030135,-0.42857142857142855,TRUE,TRUE,0.18519750000000101,1.21717681818653,0.42857142857142855,High-RE,-10.07293941141795,High-CDR,FALSE
Full,All ambitions,R10MIDDLE_EAST,AIM,21,4,43.57767,43.055895,-0.7142857142857143,TRUE,TRUE,0.5217749999999981,1.1973448786958967,0.7142857142857143,High-RE,0.8616459232106964,High-RE,TRUE
Full,All ambitions,R10MIDDLE_EAST,GCAM,3,5,47.493905,45.344695,-0.7333333333333333,TRUE,TRUE,2.1492099999999965,4.525233290461158,0.7333333333333333,High-RE,0.8616459232106964,High-RE,TRUE
Full,All ambitions,R10MIDDLE_EAST,IMAGE,59,2,45.54939,43.534955,-0.4915254237288136,TRUE,FALSE,2.014435000000006,4.422529039357071,0.4915254237288136,High-RE,0.8616459232106964,High-RE,TRUE
Full,All ambitions,R10MIDDLE_EAST,MESSAGEix,95,24,59.652065,57.826575000000005,-0.8482456140350877,TRUE,TRUE,1.825489999999995,3.0602293483050333,0.8482456140350877,High-RE,0.8616459232106964,High-RE,TRUE
Full,All ambitions,R10MIDDLE_EAST,POLES,60,0,43.1417725,NA,NA,FALSE,FALSE,NA,NA,NA,NA,0.8616459232106964,High-RE,FALSE
Full,All ambitions,R10MIDDLE_EAST,REMIND,0,184,NA,46.48585,NA,FALSE,FALSE,NA,NA,NA,NA,0.8616459232106964,High-RE,FALSE
Full,All ambitions,R10MIDDLE_EAST,WITCH,8,7,67.4981375,67.154615,-0.2857142857142857,TRUE,TRUE,0.34352249999999174,0.5089362650932283,0.2857142857142857,High-RE,0.8616459232106964,High-RE,TRUE
Full,All ambitions,R10NORTH_AM,AIM,21,4,11.11874,10.8186625,-0.7857142857142857,TRUE,TRUE,0.30007750000000044,2.698844473384578,0.7857142857142857,High-RE,-29.232370671932635,High-CDR,FALSE
Full,All ambitions,R10NORTH_AM,GCAM,3,5,14.701405,12.071495,-1,TRUE,TRUE,2.629909999999999,17.88883443453193,1,High-RE,-29.232370671932635,High-CDR,FALSE
Full,All ambitions,R10NORTH_AM,IMAGE,59,2,10.556345,8.651589999999999,-0.6610169491525424,TRUE,FALSE,1.9047550000000015,18.043697889752575,0.6610169491525424,High-RE,-29.232370671932635,High-CDR,FALSE
Full,All ambitions,R10NORTH_AM,MESSAGEix,95,24,6.78721,6.807675,0.16842105263157894,TRUE,TRUE,-0.020464999999999733,-0.30152301166458284,-0.16842105263157894,High-CDR,-29.232370671932635,High-CDR,TRUE
Full,All ambitions,R10NORTH_AM,POLES,60,0,6.516535,NA,NA,FALSE,FALSE,NA,NA,NA,NA,-29.232370671932635,High-CDR,FALSE
Full,All ambitions,R10NORTH_AM,REMIND,0,184,NA,8.92639,NA,FALSE,FALSE,NA,NA,NA,NA,-29.232370671932635,High-CDR,FALSE
Full,All ambitions,R10NORTH_AM,WITCH,8,7,10.610055,10.41442,-0.7142857142857143,TRUE,TRUE,0.19563499999999934,1.8438641458503218,0.7142857142857143,High-RE,-29.232370671932635,High-CDR,FALSE
Full,All ambitions,R10PAC_OECD,AIM,21,4,6.363485,6.3615975,-0.11904761904761904,TRUE,TRUE,0.0018874999999995978,0.029661419803764726,0.11904761904761904,High-RE,33.79008683934925,High-RE,TRUE
Full,All ambitions,R10PAC_OECD,GCAM,3,5,6.17564,5.82445,-0.8666666666666667,TRUE,TRUE,0.3511899999999999,5.68669805882467,0.8666666666666667,High-RE,33.79008683934925,High-RE,TRUE
Full,All ambitions,R10PAC_OECD,IMAGE,59,2,5.988085,5.87111,-0.1694915254237288,TRUE,FALSE,0.11697500000000005,1.9534625844489524,0.1694915254237288,High-RE,33.79008683934925,High-RE,TRUE
Full,All ambitions,R10PAC_OECD,MESSAGEix,95,24,5.498055,5.432485,-0.13771929824561405,TRUE,TRUE,0.06557000000000013,1.1926035661702208,0.13771929824561405,High-RE,33.79008683934925,High-RE,TRUE
Full,All ambitions,R10PAC_OECD,POLES,60,0,4.3842375,NA,NA,FALSE,FALSE,NA,NA,NA,NA,33.79008683934925,High-RE,FALSE
Full,All ambitions,R10PAC_OECD,REMIND,0,184,NA,3.61564,NA,FALSE,FALSE,NA,NA,NA,NA,33.79008683934925,High-RE,FALSE
Full,All ambitions,R10PAC_OECD,WITCH,8,7,5.27343,5.259845,-0.17857142857142858,TRUE,TRUE,0.013584999999999958,0.25761221823367253,0.17857142857142858,High-RE,33.79008683934925,High-RE,TRUE
Full,All ambitions,R10REF_ECON,AIM,21,4,15.97333,15.78453,-0.3333333333333333,TRUE,TRUE,0.18880000000000052,1.1819701965714131,0.3333333333333333,High-RE,6.738086132221376,High-RE,TRUE
Full,All ambitions,R10REF_ECON,GCAM,3,5,16.892915,15.63072,-0.6,TRUE,TRUE,1.2621949999999984,7.4717418515395275,0.6,High-RE,6.738086132221376,High-RE,TRUE
Full,All ambitions,R10REF_ECON,IMAGE,59,2,14.538095,13.8235675,-0.4576271186440678,TRUE,FALSE,0.7145275000000009,4.914863329755383,0.4576271186440678,High-RE,6.738086132221376,High-RE,TRUE
Full,All ambitions,R10REF_ECON,MESSAGEix,95,24,14.34453,14.621295,0.3043859649122807,TRUE,TRUE,-0.27676499999999926,-1.9294114202417176,-0.3043859649122807,High-CDR,6.738086132221376,High-RE,FALSE
Full,All ambitions,R10REF_ECON,POLES,60,0,13.071515000000002,NA,NA,FALSE,FALSE,NA,NA,NA,NA,6.738086132221376,High-RE,FALSE
Full,All ambitions,R10REF_ECON,REMIND,0,184,NA,13.154495,NA,FALSE,FALSE,NA,NA,NA,NA,6.738086132221376,High-RE,FALSE
Full,All ambitions,R10REF_ECON,WITCH,8,7,16.160645,16.038765,-0.4642857142857143,TRUE,TRUE,0.12187999999999732,0.7541778190164893,0.4642857142857143,High-RE,6.738086132221376,High-RE,TRUE
Full,All ambitions,R10REST_ASIA,AIM,21,4,61.59996,60.43478,-0.6190476190476191,TRUE,TRUE,1.1651799999999994,1.8915272022903902,0.6190476190476191,High-RE,2.6753564149260862,High-RE,TRUE
Full,All ambitions,R10REST_ASIA,GCAM,3,5,76.107635,60.82658,-0.7333333333333333,TRUE,TRUE,15.281055000000002,20.078215543026662,0.7333333333333333,High-RE,2.6753564149260862,High-RE,TRUE
Full,All ambitions,R10REST_ASIA,IMAGE,59,2,66.703495,70.06477,0.4406779661016949,TRUE,FALSE,-3.361274999999992,-5.039128759295134,-0.4406779661016949,High-CDR,2.6753564149260862,High-RE,FALSE
Full,All ambitions,R10REST_ASIA,MESSAGEix,95,24,58.193345,57.80909,-0.22456140350877193,TRUE,TRUE,0.3842550000000031,0.660307462992552,0.22456140350877193,High-RE,2.6753564149260862,High-RE,TRUE
Full,All ambitions,R10REST_ASIA,POLES,60,0,53.74041,NA,NA,FALSE,FALSE,NA,NA,NA,NA,2.6753564149260862,High-RE,FALSE
Full,All ambitions,R10REST_ASIA,REMIND,0,184,NA,57.277227499999995,NA,FALSE,FALSE,NA,NA,NA,NA,2.6753564149260862,High-RE,FALSE
Full,All ambitions,R10REST_ASIA,WITCH,8,7,49.934704999999994,50.309695,0.21428571428571427,TRUE,TRUE,-0.37499000000000393,-0.7509606795514342,-0.21428571428571427,High-CDR,2.6753564149260862,High-RE,FALSE
Full,1.5C,Aggregated R10 regions,AIM,1,0,414.809565,NA,NA,FALSE,FALSE,NA,NA,NA,NA,1.8464564837231334,High-RE,FALSE
Full,1.5C,Aggregated R10 regions,GCAM,0,1,NA,443.68606,NA,FALSE,FALSE,NA,NA,NA,NA,1.8464564837231334,High-RE,FALSE
Full,1.5C,Aggregated R10 regions,IMAGE,23,0,471.680905,NA,NA,FALSE,FALSE,NA,NA,NA,NA,1.8464564837231334,High-RE,FALSE
Full,1.5C,Aggregated R10 regions,MESSAGEix,23,3,420.83527,414.700365,-0.9420289855072463,TRUE,TRUE,6.134905000000003,1.457792499188579,0.9420289855072463,High-RE,1.8464564837231334,High-RE,TRUE
Full,1.5C,Aggregated R10 regions,POLES,4,0,390.3081075,NA,NA,FALSE,FALSE,NA,NA,NA,NA,1.8464564837231334,High-RE,FALSE
Full,1.5C,Aggregated R10 regions,REMIND,0,50,NA,418.4666725,NA,FALSE,FALSE,NA,NA,NA,NA,1.8464564837231334,High-RE,FALSE
Full,1.5C,Aggregated R10 regions,WITCH,6,0,421.55897000000004,NA,NA,FALSE,FALSE,NA,NA,NA,NA,1.8464564837231334,High-RE,FALSE
Full,1.5C,R10AFRICA,AIM,1,0,80.6444,NA,NA,FALSE,FALSE,NA,NA,NA,NA,-4.00324857145907,High-CDR,FALSE
Full,1.5C,R10AFRICA,GCAM,0,1,NA,81.344555,NA,FALSE,FALSE,NA,NA,NA,NA,-4.00324857145907,High-CDR,FALSE
Full,1.5C,R10AFRICA,IMAGE,23,0,78.52033,NA,NA,FALSE,FALSE,NA,NA,NA,NA,-4.00324857145907,High-CDR,FALSE
Full,1.5C,R10AFRICA,MESSAGEix,23,3,75.463835,73.48171,-1,TRUE,TRUE,1.9821249999999964,2.626589279487315,1,High-RE,-4.00324857145907,High-CDR,FALSE
Full,1.5C,R10AFRICA,POLES,4,0,71.09128999999999,NA,NA,FALSE,FALSE,NA,NA,NA,NA,-4.00324857145907,High-CDR,FALSE
Full,1.5C,R10AFRICA,REMIND,0,50,NA,78.4649275,NA,FALSE,FALSE,NA,NA,NA,NA,-4.00324857145907,High-CDR,FALSE
Full,1.5C,R10AFRICA,WITCH,6,0,66.83738500000001,NA,NA,FALSE,FALSE,NA,NA,NA,NA,-4.00324857145907,High-CDR,FALSE
Full,1.5C,R10CHINA+,AIM,1,0,76.056,NA,NA,FALSE,FALSE,NA,NA,NA,NA,0.5170422643697031,High-RE,FALSE
Full,1.5C,R10CHINA+,GCAM,0,1,NA,89.119805,NA,FALSE,FALSE,NA,NA,NA,NA,0.5170422643697031,High-RE,FALSE
Full,1.5C,R10CHINA+,IMAGE,23,0,88.115715,NA,NA,FALSE,FALSE,NA,NA,NA,NA,0.5170422643697031,High-RE,FALSE
Full,1.5C,R10CHINA+,MESSAGEix,23,3,69.290255,73.84503,0.4782608695652174,TRUE,TRUE,-4.554774999999992,-6.57347126230087,-0.4782608695652174,High-CDR,0.5170422643697031,High-RE,FALSE
Full,1.5C,R10CHINA+,POLES,4,0,74.667135,NA,NA,FALSE,FALSE,NA,NA,NA,NA,0.5170422643697031,High-RE,FALSE
Full,1.5C,R10CHINA+,REMIND,0,50,NA,78.54454,NA,FALSE,FALSE,NA,NA,NA,NA,0.5170422643697031,High-RE,FALSE
Full,1.5C,R10CHINA+,WITCH,6,0,88.52867,NA,NA,FALSE,FALSE,NA,NA,NA,NA,0.5170422643697031,High-RE,FALSE
Full,1.5C,R10EUROPE,AIM,1,0,15.759125,NA,NA,FALSE,FALSE,NA,NA,NA,NA,28.140059143538043,High-RE,FALSE
Full,1.5C,R10EUROPE,GCAM,0,1,NA,18.6016,NA,FALSE,FALSE,NA,NA,NA,NA,28.140059143538043,High-RE,FALSE
Full,1.5C,R10EUROPE,IMAGE,23,0,19.203655,NA,NA,FALSE,FALSE,NA,NA,NA,NA,28.140059143538043,High-RE,FALSE
Full,1.5C,R10EUROPE,MESSAGEix,23,3,13.42011,14.420805,0.4782608695652174,TRUE,TRUE,-1.0006950000000003,-7.456682545821162,-0.4782608695652174,High-CDR,28.140059143538043,High-RE,FALSE
Full,1.5C,R10EUROPE,POLES,4,0,11.75161,NA,NA,FALSE,FALSE,NA,NA,NA,NA,28.140059143538043,High-RE,FALSE
Full,1.5C,R10EUROPE,REMIND,0,50,NA,11.229755,NA,FALSE,FALSE,NA,NA,NA,NA,28.140059143538043,High-RE,FALSE
Full,1.5C,R10EUROPE,WITCH,6,0,17.582012499999998,NA,NA,FALSE,FALSE,NA,NA,NA,NA,28.140059143538043,High-RE,FALSE
Full,1.5C,R10INDIA+,AIM,1,0,87.89164,NA,NA,FALSE,FALSE,NA,NA,NA,NA,5.869439217355562,High-RE,FALSE
Full,1.5C,R10INDIA+,GCAM,0,1,NA,104.292145,NA,FALSE,FALSE,NA,NA,NA,NA,5.869439217355562,High-RE,FALSE
Full,1.5C,R10INDIA+,IMAGE,23,0,134.195905,NA,NA,FALSE,FALSE,NA,NA,NA,NA,5.869439217355562,High-RE,FALSE
Full,1.5C,R10INDIA+,MESSAGEix,23,3,109.321595,106.783845,-1,TRUE,TRUE,2.5377500000000026,2.321362032817032,1,High-RE,5.869439217355562,High-RE,TRUE
Full,1.5C,R10INDIA+,POLES,4,0,100.866825,NA,NA,FALSE,FALSE,NA,NA,NA,NA,5.869439217355562,High-RE,FALSE
Full,1.5C,R10INDIA+,REMIND,0,50,NA,106.25094000000001,NA,FALSE,FALSE,NA,NA,NA,NA,5.869439217355562,High-RE,FALSE
Full,1.5C,R10INDIA+,WITCH,6,0,83.907865,NA,NA,FALSE,FALSE,NA,NA,NA,NA,5.869439217355562,High-RE,FALSE
Full,1.5C,R10LATIN_AM,AIM,1,0,19.329555,NA,NA,FALSE,FALSE,NA,NA,NA,NA,-2.816424218897393,High-CDR,FALSE
Full,1.5C,R10LATIN_AM,GCAM,0,1,NA,15.379195,NA,FALSE,FALSE,NA,NA,NA,NA,-2.816424218897393,High-CDR,FALSE
Full,1.5C,R10LATIN_AM,IMAGE,23,0,22.66771,NA,NA,FALSE,FALSE,NA,NA,NA,NA,-2.816424218897393,High-CDR,FALSE
Full,1.5C,R10LATIN_AM,MESSAGEix,23,3,13.32975,13.94317,0.4782608695652174,TRUE,TRUE,-0.6134199999999996,-4.601886757065959,-0.4782608695652174,High-CDR,-2.816424218897393,High-CDR,TRUE
Full,1.5C,R10LATIN_AM,POLES,4,0,13.167055000000001,NA,NA,FALSE,FALSE,NA,NA,NA,NA,-2.816424218897393,High-CDR,FALSE
Full,1.5C,R10LATIN_AM,REMIND,0,50,NA,15.62623,NA,FALSE,FALSE,NA,NA,NA,NA,-2.816424218897393,High-CDR,FALSE
Full,1.5C,R10LATIN_AM,WITCH,6,0,15.2153325,NA,NA,FALSE,FALSE,NA,NA,NA,NA,-2.816424218897393,High-CDR,FALSE
Full,1.5C,R10MIDDLE_EAST,AIM,1,0,42.889415,NA,NA,FALSE,FALSE,NA,NA,NA,NA,16.34217568544139,High-RE,FALSE
Full,1.5C,R10MIDDLE_EAST,GCAM,0,1,NA,44.78591,NA,FALSE,FALSE,NA,NA,NA,NA,16.34217568544139,High-RE,FALSE
Full,1.5C,R10MIDDLE_EAST,IMAGE,23,0,43.48305,NA,NA,FALSE,FALSE,NA,NA,NA,NA,16.34217568544139,High-RE,FALSE
Full,1.5C,R10MIDDLE_EAST,MESSAGEix,23,3,58.88863,53.47191,-1,TRUE,TRUE,5.416719999999998,9.198244211149076,1,High-RE,16.34217568544139,High-RE,TRUE
Full,1.5C,R10MIDDLE_EAST,POLES,4,0,42.866065000000006,NA,NA,FALSE,FALSE,NA,NA,NA,NA,16.34217568544139,High-RE,FALSE
Full,1.5C,R10MIDDLE_EAST,REMIND,0,50,NA,46.237995,NA,FALSE,FALSE,NA,NA,NA,NA,16.34217568544139,High-RE,FALSE
Full,1.5C,R10MIDDLE_EAST,WITCH,6,0,67.4981375,NA,NA,FALSE,FALSE,NA,NA,NA,NA,16.34217568544139,High-RE,FALSE
Full,1.5C,R10NORTH_AM,AIM,1,0,10.61145,NA,NA,FALSE,FALSE,NA,NA,NA,NA,-20.183673991455827,High-CDR,FALSE
Full,1.5C,R10NORTH_AM,GCAM,0,1,NA,11.61245,NA,FALSE,FALSE,NA,NA,NA,NA,-20.183673991455827,High-CDR,FALSE
Full,1.5C,R10NORTH_AM,IMAGE,23,0,9.38093,NA,NA,FALSE,FALSE,NA,NA,NA,NA,-20.183673991455827,High-CDR,FALSE
Full,1.5C,R10NORTH_AM,MESSAGEix,23,3,6.399125,7.132085,0.4782608695652174,TRUE,TRUE,-0.7329600000000003,-11.45406598558397,-0.4782608695652174,High-CDR,-20.183673991455827,High-CDR,TRUE
Full,1.5C,R10NORTH_AM,POLES,4,0,6.451639999999999,NA,NA,FALSE,FALSE,NA,NA,NA,NA,-20.183673991455827,High-CDR,FALSE
Full,1.5C,R10NORTH_AM,REMIND,0,50,NA,8.92639,NA,FALSE,FALSE,NA,NA,NA,NA,-20.183673991455827,High-CDR,FALSE
Full,1.5C,R10NORTH_AM,WITCH,6,0,10.61156,NA,NA,FALSE,FALSE,NA,NA,NA,NA,-20.183673991455827,High-CDR,FALSE
Full,1.5C,R10PAC_OECD,AIM,1,0,6.275335,NA,NA,FALSE,FALSE,NA,NA,NA,NA,31.188455493641946,High-RE,FALSE
Full,1.5C,R10PAC_OECD,GCAM,0,1,NA,5.82445,NA,FALSE,FALSE,NA,NA,NA,NA,31.188455493641946,High-RE,FALSE
Full,1.5C,R10PAC_OECD,IMAGE,23,0,5.57828,NA,NA,FALSE,FALSE,NA,NA,NA,NA,31.188455493641946,High-RE,FALSE
Full,1.5C,R10PAC_OECD,MESSAGEix,23,3,5.08591,4.950955,-1,TRUE,TRUE,0.13495499999999971,2.6535074352475703,1,High-RE,31.188455493641946,High-RE,TRUE
Full,1.5C,R10PAC_OECD,POLES,4,0,4.3135075,NA,NA,FALSE,FALSE,NA,NA,NA,NA,31.188455493641946,High-RE,FALSE
Full,1.5C,R10PAC_OECD,REMIND,0,50,NA,3.597365,NA,FALSE,FALSE,NA,NA,NA,NA,31.188455493641946,High-RE,FALSE
Full,1.5C,R10PAC_OECD,WITCH,6,0,5.26554,NA,NA,FALSE,FALSE,NA,NA,NA,NA,31.188455493641946,High-RE,FALSE
Full,1.5C,R10REF_ECON,AIM,1,0,15.51442,NA,NA,FALSE,FALSE,NA,NA,NA,NA,5.769811042902265,High-RE,FALSE
Full,1.5C,R10REF_ECON,GCAM,0,1,NA,15.03955,NA,FALSE,FALSE,NA,NA,NA,NA,5.769811042902265,High-RE,FALSE
Full,1.5C,R10REF_ECON,IMAGE,23,0,13.85288,NA,NA,FALSE,FALSE,NA,NA,NA,NA,5.769811042902265,High-RE,FALSE
Full,1.5C,R10REF_ECON,MESSAGEix,23,3,13.77682,13.97887,0.3333333333333333,TRUE,TRUE,-0.20204999999999984,-1.4665938874137852,-0.3333333333333333,High-CDR,5.769811042902265,High-RE,FALSE
Full,1.5C,R10REF_ECON,POLES,4,0,12.929195,NA,NA,FALSE,FALSE,NA,NA,NA,NA,5.769811042902265,High-RE,FALSE
Full,1.5C,R10REF_ECON,REMIND,0,50,NA,13.043357499999999,NA,FALSE,FALSE,NA,NA,NA,NA,5.769811042902265,High-RE,FALSE
Full,1.5C,R10REF_ECON,WITCH,6,0,16.1503475,NA,NA,FALSE,FALSE,NA,NA,NA,NA,5.769811042902265,High-RE,FALSE
Full,1.5C,R10REST_ASIA,AIM,1,0,59.838225,NA,NA,FALSE,FALSE,NA,NA,NA,NA,-0.09667461868104482,High-CDR,FALSE
Full,1.5C,R10REST_ASIA,GCAM,0,1,NA,57.6864,NA,FALSE,FALSE,NA,NA,NA,NA,-0.09667461868104482,High-CDR,FALSE
Full,1.5C,R10REST_ASIA,IMAGE,23,0,66.187645,NA,NA,FALSE,FALSE,NA,NA,NA,NA,-0.09667461868104482,High-CDR,FALSE
Full,1.5C,R10REST_ASIA,MESSAGEix,23,3,55.433285,52.691985,-1,TRUE,TRUE,2.7412999999999954,4.9452237946930175,1,High-RE,-0.09667461868104482,High-CDR,FALSE
Full,1.5C,R10REST_ASIA,POLES,4,0,52.135490000000004,NA,NA,FALSE,FALSE,NA,NA,NA,NA,-0.09667461868104482,High-CDR,FALSE
Full,1.5C,R10REST_ASIA,REMIND,0,50,NA,55.9484625,NA,FALSE,FALSE,NA,NA,NA,NA,-0.09667461868104482,High-CDR,FALSE
Full,1.5C,R10REST_ASIA,WITCH,6,0,49.8907775,NA,NA,FALSE,FALSE,NA,NA,NA,NA,-0.09667461868104482,High-CDR,FALSE
Full,2C,Aggregated R10 regions,AIM,20,4,430.9599075,420.8447675,-0.675,TRUE,TRUE,10.115139999999997,2.34711856577981,0.675,High-RE,1.333415619537075,High-RE,TRUE
Full,2C,Aggregated R10 regions,GCAM,3,4,543.8502,483.73089000000004,-0.8333333333333334,TRUE,TRUE,60.11930999999993,11.054387770750095,0.8333333333333334,High-RE,1.333415619537075,High-RE,TRUE
Full,2C,Aggregated R10 regions,IMAGE,36,2,517.1291425,495.8393575,-0.5555555555555556,TRUE,FALSE,21.289784999999938,4.116918434934257,0.5555555555555556,High-RE,1.333415619537075,High-RE,TRUE
Full,2C,Aggregated R10 regions,MESSAGEix,72,21,460.0918725,442.89133,-0.4537037037037037,TRUE,TRUE,17.20054250000004,3.7385017054392846,0.4537037037037037,High-RE,1.333415619537075,High-RE,TRUE
Full,2C,Aggregated R10 regions,POLES,56,0,403.6226525,NA,NA,FALSE,FALSE,NA,NA,NA,NA,1.333415619537075,High-RE,FALSE
Full,2C,Aggregated R10 regions,REMIND,0,134,NA,427.80163500000003,NA,FALSE,FALSE,NA,NA,NA,NA,1.333415619537075,High-RE,FALSE
Full,2C,Aggregated R10 regions,WITCH,2,7,426.51840749999997,427.58408,0.2857142857142857,TRUE,FALSE,-1.0656725000000051,-0.249853811995208,-0.2857142857142857,High-CDR,1.333415619537075,High-RE,FALSE
Full,2C,R10AFRICA,AIM,20,4,79.62859499999999,80.680865,0.85,TRUE,TRUE,-1.0522700000000071,-1.3214725187603866,-0.85,High-CDR,-2.6230602214922194,High-CDR,TRUE
Full,2C,R10AFRICA,GCAM,3,4,86.122715,84.17089,-0.5,TRUE,TRUE,1.9518249999999995,2.2663300849259103,0.5,High-RE,-2.6230602214922194,High-CDR,FALSE
Full,2C,R10AFRICA,IMAGE,36,2,77.1451,78.24088499999999,0.3888888888888889,TRUE,FALSE,-1.0957849999999922,-1.420420739619227,-0.3888888888888889,High-CDR,-2.6230602214922194,High-CDR,TRUE
Full,2C,R10AFRICA,MESSAGEix,72,21,77.150665,75.721505,-0.9365079365079365,TRUE,TRUE,1.4291600000000102,1.8524273251565753,0.9365079365079365,High-RE,-2.6230602214922194,High-CDR,FALSE
Full,2C,R10AFRICA,POLES,56,0,72.3631675,NA,NA,FALSE,FALSE,NA,NA,NA,NA,-2.6230602214922194,High-CDR,FALSE
Full,2C,R10AFRICA,REMIND,0,134,NA,78.71842000000001,NA,FALSE,FALSE,NA,NA,NA,NA,-2.6230602214922194,High-CDR,FALSE
Full,2C,R10AFRICA,WITCH,2,7,66.924015,67.02862,0.2857142857142857,TRUE,FALSE,-0.1046050000000065,-0.15630413088635897,-0.2857142857142857,High-CDR,-2.6230602214922194,High-CDR,TRUE
Full,2C,R10CHINA+,AIM,20,4,82.00072,77.63158999999999,-0.75,TRUE,TRUE,4.369130000000013,5.328160533224602,0.75,High-RE,0.9444697657424228,High-RE,TRUE
Full,2C,R10CHINA+,GCAM,3,4,98.47866,96.2566475,-0.16666666666666666,TRUE,TRUE,2.2220125000000053,2.25633908909809,0.16666666666666666,High-RE,0.9444697657424228,High-RE,TRUE
Full,2C,R10CHINA+,IMAGE,36,2,98.8697725,91.91886249999999,-0.8611111111111112,TRUE,FALSE,6.9509100000000075,7.030369165661839,0.8611111111111112,High-RE,0.9444697657424228,High-RE,TRUE
Full,2C,R10CHINA+,MESSAGEix,72,21,77.9084175,76.377025,-0.15343915343915343,TRUE,TRUE,1.5313924999999955,1.965631634091394,0.15343915343915343,High-RE,0.9444697657424228,High-RE,TRUE
Full,2C,R10CHINA+,POLES,56,0,77.704065,NA,NA,FALSE,FALSE,NA,NA,NA,NA,0.9444697657424228,High-RE,FALSE
Full,2C,R10CHINA+,REMIND,0,134,NA,79.0764975,NA,FALSE,FALSE,NA,NA,NA,NA,0.9444697657424228,High-RE,FALSE
Full,2C,R10CHINA+,WITCH,2,7,89.73579749999999,91.26728,0.42857142857142855,TRUE,FALSE,-1.5314825000000098,-1.7066572568210696,-0.42857142857142855,High-CDR,0.9444697657424228,High-RE,FALSE
Full,2C,R10EUROPE,AIM,20,4,16.918257500000003,15.99233,-0.975,TRUE,TRUE,0.925927500000002,5.472948381356661,0.975,High-RE,25.560068003701705,High-RE,TRUE
Full,2C,R10EUROPE,GCAM,3,4,23.90131,20.59216,-1,TRUE,TRUE,3.309149999999999,13.845057028254933,1,High-RE,25.560068003701705,High-RE,TRUE
Full,2C,R10EUROPE,IMAGE,36,2,21.986829999999998,17.997867499999998,-0.8611111111111112,TRUE,FALSE,3.9889624999999995,18.142508492583968,0.8611111111111112,High-RE,25.560068003701705,High-RE,TRUE
Full,2C,R10EUROPE,MESSAGEix,72,21,15.08483,14.513915,-0.3835978835978836,TRUE,TRUE,0.5709149999999994,3.784696280965708,0.3835978835978836,High-RE,25.560068003701705,High-RE,TRUE
Full,2C,R10EUROPE,POLES,56,0,11.9409375,NA,NA,FALSE,FALSE,NA,NA,NA,NA,25.560068003701705,High-RE,FALSE
Full,2C,R10EUROPE,REMIND,0,134,NA,11.186187499999999,NA,FALSE,FALSE,NA,NA,NA,NA,25.560068003701705,High-RE,FALSE
Full,2C,R10EUROPE,WITCH,2,7,17.7470925,17.52549,-0.7142857142857143,TRUE,FALSE,0.22160249999999948,1.2486693242850877,0.7142857142857143,High-RE,25.560068003701705,High-RE,TRUE
Full,2C,R10INDIA+,AIM,20,4,93.76981,90.6928675,-0.5,TRUE,TRUE,3.0769425000000012,3.2813786228211415,0.5,High-RE,6.3712505992554584,High-RE,TRUE
Full,2C,R10INDIA+,GCAM,3,4,156.848675,120.0061325,-0.8333333333333334,TRUE,TRUE,36.84254249999998,23.489227754075696,0.8333333333333334,High-RE,6.3712505992554584,High-RE,TRUE
Full,2C,R10INDIA+,IMAGE,36,2,150.488375,143.6417475,-0.2777777777777778,TRUE,FALSE,6.8466274999999825,4.5496055758459635,0.2777777777777778,High-RE,6.3712505992554584,High-RE,TRUE
Full,2C,R10INDIA+,MESSAGEix,72,21,128.032925,118.6956,-0.5568783068783069,TRUE,TRUE,9.337325000000007,7.2929092262791055,0.5568783068783069,High-RE,6.3712505992554584,High-RE,TRUE
Full,2C,R10INDIA+,POLES,56,0,107.02250749999999,NA,NA,FALSE,FALSE,NA,NA,NA,NA,6.3712505992554584,High-RE,FALSE
Full,2C,R10INDIA+,REMIND,0,134,NA,112.65727,NA,FALSE,FALSE,NA,NA,NA,NA,6.3712505992554584,High-RE,FALSE
Full,2C,R10INDIA+,WITCH,2,7,86.7580575,85.713095,-0.2857142857142857,TRUE,FALSE,1.0449625000000111,1.2044558512620123,0.2857142857142857,High-RE,6.3712505992554584,High-RE,TRUE
Full,2C,R10LATIN_AM,AIM,20,4,19.576475000000002,19.4412275,-0.775,TRUE,TRUE,0.13524750000000196,0.6908674825268694,0.775,High-RE,-10.771766335094135,High-CDR,FALSE
Full,2C,R10LATIN_AM,GCAM,3,4,17.15655,16.251995,-1,TRUE,TRUE,0.9045549999999984,5.272359536153822,1,High-RE,-10.771766335094135,High-CDR,FALSE
Full,2C,R10LATIN_AM,IMAGE,36,2,22.382847499999997,22.094002500000002,-0.25,TRUE,FALSE,0.2888449999999949,1.2904747709155189,0.25,High-RE,-10.771766335094135,High-CDR,FALSE
Full,2C,R10LATIN_AM,MESSAGEix,72,21,14.079775000000001,14.090905,0.062169312169312166,TRUE,TRUE,-0.011129999999997864,-0.07904955867546082,-0.062169312169312166,High-CDR,-10.771766335094135,High-CDR,TRUE
Full,2C,R10LATIN_AM,POLES,56,0,13.256752500000001,NA,NA,FALSE,FALSE,NA,NA,NA,NA,-10.771766335094135,High-CDR,FALSE
Full,2C,R10LATIN_AM,REMIND,0,134,NA,15.68745,NA,FALSE,FALSE,NA,NA,NA,NA,-10.771766335094135,High-CDR,FALSE
Full,2C,R10LATIN_AM,WITCH,2,7,15.211755,15.030135,-0.42857142857142855,TRUE,FALSE,0.18162000000000056,1.1939450773431504,0.42857142857142855,High-RE,-10.771766335094135,High-CDR,FALSE
Full,2C,R10MIDDLE_EAST,AIM,20,4,43.584554999999995,43.055895,-0.8,TRUE,TRUE,0.528659999999995,1.2129526158979829,0.8,High-RE,0.6106147815050333,High-RE,TRUE
Full,2C,R10MIDDLE_EAST,GCAM,3,4,47.493905,45.843545000000006,-0.6666666666666666,TRUE,TRUE,1.650359999999992,3.474887988258687,0.6666666666666666,High-RE,0.6106147815050333,High-RE,TRUE
Full,2C,R10MIDDLE_EAST,IMAGE,36,2,46.8940875,43.534955,-0.8333333333333334,TRUE,FALSE,3.359132500000001,7.163232465073558,0.8333333333333334,High-RE,0.6106147815050333,High-RE,TRUE
Full,2C,R10MIDDLE_EAST,MESSAGEix,72,21,59.890515,58.011635,-0.9973544973544973,TRUE,TRUE,1.8788800000000023,3.137191256411808,0.9973544973544973,High-RE,0.6106147815050333,High-RE,TRUE
Full,2C,R10MIDDLE_EAST,POLES,56,0,43.2240575,NA,NA,FALSE,FALSE,NA,NA,NA,NA,0.6106147815050333,High-RE,FALSE
Full,2C,R10MIDDLE_EAST,REMIND,0,134,NA,46.549009999999996,NA,FALSE,FALSE,NA,NA,NA,NA,0.6106147815050333,High-RE,FALSE
Full,2C,R10MIDDLE_EAST,WITCH,2,7,67.54534749999999,67.154615,-0.2857142857142857,TRUE,FALSE,0.3907324999999844,0.578474335334472,0.2857142857142857,High-RE,0.6106147815050333,High-RE,TRUE
Full,2C,R10NORTH_AM,AIM,20,4,11.1391475,10.8186625,-0.875,TRUE,TRUE,0.3204849999999997,2.877105272194301,0.875,High-RE,-30.663623934726665,High-CDR,FALSE
Full,2C,R10NORTH_AM,GCAM,3,4,14.701405,12.279785,-1,TRUE,TRUE,2.421619999999999,16.47203107458096,1,High-RE,-30.663623934726665,High-CDR,FALSE
Full,2C,R10NORTH_AM,IMAGE,36,2,10.69381,8.651589999999999,-0.8611111111111112,TRUE,FALSE,2.0422200000000004,19.097216053025072,0.8611111111111112,High-RE,-30.663623934726665,High-CDR,FALSE
Full,2C,R10NORTH_AM,MESSAGEix,72,21,6.816545,6.79644,-0.06878306878306878,TRUE,TRUE,0.02010500000000004,0.2949441395897781,0.06878306878306878,High-RE,-30.663623934726665,High-CDR,FALSE
Full,2C,R10NORTH_AM,POLES,56,0,6.5197775,NA,NA,FALSE,FALSE,NA,NA,NA,NA,-30.663623934726665,High-CDR,FALSE
Full,2C,R10NORTH_AM,REMIND,0,134,NA,8.92639,NA,FALSE,FALSE,NA,NA,NA,NA,-30.663623934726665,High-CDR,FALSE
Full,2C,R10NORTH_AM,WITCH,2,7,10.604379999999999,10.41442,-0.7142857142857143,TRUE,FALSE,0.18995999999999924,1.7913352784415426,0.7142857142857143,High-RE,-30.663623934726665,High-CDR,FALSE
Full,2C,R10PAC_OECD,AIM,20,4,6.3662125,6.3615975,-0.175,TRUE,TRUE,0.00461499999999937,0.07249208222313298,0.175,High-RE,35.08272224573131,High-RE,TRUE
Full,2C,R10PAC_OECD,GCAM,3,4,6.17564,5.8162400000000005,-0.8333333333333334,TRUE,TRUE,0.35939999999999905,5.819639745840092,0.8333333333333334,High-RE,35.08272224573131,High-RE,TRUE
Full,2C,R10PAC_OECD,IMAGE,36,2,6.0602475,5.87111,-0.5555555555555556,TRUE,FALSE,0.18913750000000018,3.12095339340514,0.5555555555555556,High-RE,35.08272224573131,High-RE,TRUE
Full,2C,R10PAC_OECD,MESSAGEix,72,21,5.598755000000001,5.4473,-0.27116402116402116,TRUE,TRUE,0.15145500000000034,2.7051549853494272,0.27116402116402116,High-RE,35.08272224573131,High-RE,TRUE
Full,2C,R10PAC_OECD,POLES,56,0,4.393975,NA,NA,FALSE,FALSE,NA,NA,NA,NA,35.08272224573131,High-RE,FALSE
Full,2C,R10PAC_OECD,REMIND,0,134,NA,3.61678,NA,FALSE,FALSE,NA,NA,NA,NA,35.08272224573131,High-RE,FALSE
Full,2C,R10PAC_OECD,WITCH,2,7,5.2814700000000006,5.259845,-0.42857142857142855,TRUE,FALSE,0.021625000000000227,0.4094503992259773,0.42857142857142855,High-RE,35.08272224573131,High-RE,TRUE
Full,2C,R10REF_ECON,AIM,20,4,15.980225,15.78453,-0.4,TRUE,TRUE,0.19569500000000062,1.2246072880701029,0.4,High-RE,7.792189744149191,High-RE,TRUE
Full,2C,R10REF_ECON,GCAM,3,4,16.892915,16.1283125,-0.5,TRUE,TRUE,0.7646024999999987,4.526172658774397,0.5,High-RE,7.792189744149191,High-RE,TRUE
Full,2C,R10REF_ECON,IMAGE,36,2,14.6310825,13.8235675,-0.8333333333333334,TRUE,FALSE,0.8075150000000004,5.519174674874539,0.8333333333333334,High-RE,7.792189744149191,High-RE,TRUE
Full,2C,R10REF_ECON,MESSAGEix,72,21,14.5046875,14.64907,0.2605820105820106,TRUE,TRUE,-0.14438250000000075,-0.995419584186152,-0.2605820105820106,High-CDR,7.792189744149191,High-RE,FALSE
Full,2C,R10REF_ECON,POLES,56,0,13.083675,NA,NA,FALSE,FALSE,NA,NA,NA,NA,7.792189744149191,High-RE,FALSE
Full,2C,R10REF_ECON,REMIND,0,134,NA,13.2128725,NA,FALSE,FALSE,NA,NA,NA,NA,7.792189744149191,High-RE,FALSE
Full,2C,R10REF_ECON,WITCH,2,7,16.2622775,16.038765,-0.5714285714285714,TRUE,FALSE,0.22351249999999823,1.3744231089402958,0.5714285714285714,High-RE,7.792189744149191,High-RE,TRUE
Full,2C,R10REST_ASIA,AIM,20,4,61.617067500000005,60.43478,-0.65,TRUE,TRUE,1.182287500000001,1.9187662574172342,0.65,High-RE,2.6786965981939184,High-RE,TRUE
Full,2C,R10REST_ASIA,GCAM,3,4,76.107635,65.6839575,-0.6666666666666666,TRUE,TRUE,10.423677499999997,13.695968216592194,0.6666666666666666,High-RE,2.6786965981939184,High-RE,TRUE
Full,2C,R10REST_ASIA,IMAGE,36,2,66.9274425,70.06477,0.4166666666666667,TRUE,FALSE,-3.137327499999998,-4.6876548435270005,-0.4166666666666667,High-CDR,2.6786965981939184,High-RE,FALSE
Full,2C,R10REST_ASIA,MESSAGEix,72,21,59.353629999999995,57.83485,-0.44312169312169314,TRUE,TRUE,1.5187799999999925,2.5588662395206367,0.44312169312169314,High-RE,2.6786965981939184,High-RE,TRUE
Full,2C,R10REST_ASIA,POLES,56,0,53.9595025,NA,NA,FALSE,FALSE,NA,NA,NA,NA,2.6786965981939184,High-RE,FALSE
Full,2C,R10REST_ASIA,REMIND,0,134,NA,57.855962500000004,NA,FALSE,FALSE,NA,NA,NA,NA,2.6786965981939184,High-RE,FALSE
Full,2C,R10REST_ASIA,WITCH,2,7,50.448215000000005,50.309695,-0.14285714285714285,TRUE,FALSE,0.13852000000000686,0.27457859509995913,0.14285714285714285,High-RE,2.6786965981939184,High-RE,TRUE
SCI-vetted,All ambitions,Aggregated R10 regions,GCAM,0,7,NA,458.142275,NA,FALSE,FALSE,NA,NA,NA,NA,-5.247704950195391,High-CDR,FALSE
SCI-vetted,All ambitions,Aggregated R10 regions,IMAGE,26,4,520.9916250000001,495.8393575,-0.5192307692307693,TRUE,TRUE,25.152267500000107,4.8277681047176335,0.5192307692307693,High-RE,-5.247704950195391,High-CDR,FALSE
SCI-vetted,All ambitions,Aggregated R10 regions,MESSAGEix,0,3,NA,448.27388,NA,FALSE,FALSE,NA,NA,NA,NA,-5.247704950195391,High-CDR,FALSE
SCI-vetted,All ambitions,Aggregated R10 regions,POLES,43,0,407.65341,NA,NA,FALSE,FALSE,NA,NA,NA,NA,-5.247704950195391,High-CDR,FALSE
SCI-vetted,All ambitions,Aggregated R10 regions,REMIND,0,27,NA,439.36362,NA,FALSE,FALSE,NA,NA,NA,NA,-5.247704950195391,High-CDR,FALSE
SCI-vetted,All ambitions,Aggregated R10 regions,WITCH,0,28,NA,439.4157075,NA,FALSE,FALSE,NA,NA,NA,NA,-5.247704950195391,High-CDR,FALSE
SCI-vetted,All ambitions,R10AFRICA,GCAM,0,7,NA,81.976375,NA,FALSE,FALSE,NA,NA,NA,NA,-6.483108538758428,High-CDR,FALSE
SCI-vetted,All ambitions,R10AFRICA,IMAGE,26,4,77.36427,78.24088499999999,0.25,TRUE,TRUE,-0.8766149999999868,-1.1331005902336915,-0.25,High-CDR,-6.483108538758428,High-CDR,TRUE
SCI-vetted,All ambitions,R10AFRICA,MESSAGEix,0,3,NA,74.78913,NA,FALSE,FALSE,NA,NA,NA,NA,-6.483108538758428,High-CDR,FALSE
SCI-vetted,All ambitions,R10AFRICA,POLES,43,0,72.75155,NA,NA,FALSE,FALSE,NA,NA,NA,NA,-6.483108538758428,High-CDR,FALSE
SCI-vetted,All ambitions,R10AFRICA,REMIND,0,27,NA,78.87384,NA,FALSE,FALSE,NA,NA,NA,NA,-6.483108538758428,High-CDR,FALSE
SCI-vetted,All ambitions,R10AFRICA,WITCH,0,28,NA,67.27417750000001,NA,FALSE,FALSE,NA,NA,NA,NA,-6.483108538758428,High-CDR,FALSE
SCI-vetted,All ambitions,R10CHINA+,GCAM,0,7,NA,93.22458,NA,FALSE,FALSE,NA,NA,NA,NA,-12.867406468647408,High-CDR,FALSE
SCI-vetted,All ambitions,R10CHINA+,IMAGE,26,4,99.310075,91.91886249999999,-0.4807692307692308,TRUE,TRUE,7.391212500000009,7.4425605861238235,0.4807692307692308,High-RE,-12.867406468647408,High-CDR,FALSE
SCI-vetted,All ambitions,R10CHINA+,MESSAGEix,0,3,NA,97.574975,NA,FALSE,FALSE,NA,NA,NA,NA,-12.867406468647408,High-CDR,FALSE
SCI-vetted,All ambitions,R10CHINA+,POLES,43,0,78.61779,NA,NA,FALSE,FALSE,NA,NA,NA,NA,-12.867406468647408,High-CDR,FALSE
SCI-vetted,All ambitions,R10CHINA+,REMIND,0,27,NA,84.18047,NA,FALSE,FALSE,NA,NA,NA,NA,-12.867406468647408,High-CDR,FALSE
SCI-vetted,All ambitions,R10CHINA+,WITCH,0,28,NA,94.58778000000001,NA,FALSE,FALSE,NA,NA,NA,NA,-12.867406468647408,High-CDR,FALSE
SCI-vetted,All ambitions,R10EUROPE,GCAM,0,7,NA,19.44191,NA,FALSE,FALSE,NA,NA,NA,NA,-45.70800495243561,High-CDR,FALSE
SCI-vetted,All ambitions,R10EUROPE,IMAGE,26,4,21.986829999999998,19.8328825,-0.4230769230769231,TRUE,TRUE,2.1539474999999975,9.796535016644045,0.4230769230769231,High-RE,-45.70800495243561,High-CDR,FALSE
SCI-vetted,All ambitions,R10EUROPE,MESSAGEix,0,3,NA,15.768265,NA,FALSE,FALSE,NA,NA,NA,NA,-45.70800495243561,High-CDR,FALSE
SCI-vetted,All ambitions,R10EUROPE,POLES,43,0,12.036045,NA,NA,FALSE,FALSE,NA,NA,NA,NA,-45.70800495243561,High-CDR,FALSE
SCI-vetted,All ambitions,R10EUROPE,REMIND,0,27,NA,11.935795,NA,FALSE,FALSE,NA,NA,NA,NA,-45.70800495243561,High-CDR,FALSE
SCI-vetted,All ambitions,R10EUROPE,WITCH,0,28,NA,17.96823,NA,FALSE,FALSE,NA,NA,NA,NA,-45.70800495243561,High-CDR,FALSE
SCI-vetted,All ambitions,R10INDIA+,GCAM,0,7,NA,108.78237,NA,FALSE,FALSE,NA,NA,NA,NA,16.599005587187147,High-RE,FALSE
SCI-vetted,All ambitions,R10INDIA+,IMAGE,26,4,155.23187000000001,143.6417475,-0.46153846153846156,TRUE,TRUE,11.590122500000007,7.466329240252022,0.46153846153846156,High-RE,16.599005587187147,High-RE,TRUE
SCI-vetted,All ambitions,R10INDIA+,MESSAGEix,0,3,NA,99.45517,NA,FALSE,FALSE,NA,NA,NA,NA,16.599005587187147,High-RE,FALSE
SCI-vetted,All ambitions,R10INDIA+,POLES,43,0,109.769475,NA,NA,FALSE,FALSE,NA,NA,NA,NA,16.599005587187147,High-RE,FALSE
SCI-vetted,All ambitions,R10INDIA+,REMIND,0,27,NA,104.08179,NA,FALSE,FALSE,NA,NA,NA,NA,16.599005587187147,High-RE,FALSE
SCI-vetted,All ambitions,R10INDIA+,WITCH,0,28,NA,91.370315,NA,FALSE,FALSE,NA,NA,NA,NA,16.599005587187147,High-RE,FALSE
SCI-vetted,All ambitions,R10LATIN_AM,GCAM,0,7,NA,15.744395,NA,FALSE,FALSE,NA,NA,NA,NA,-14.802369988293083,High-CDR,FALSE
SCI-vetted,All ambitions,R10LATIN_AM,IMAGE,26,4,22.382847499999997,22.88943,0.25,TRUE,TRUE,-0.5065825000000039,-2.2632620804837456,-0.25,High-CDR,-14.802369988293083,High-CDR,TRUE
SCI-vetted,All ambitions,R10LATIN_AM,MESSAGEix,0,3,NA,14.510745,NA,FALSE,FALSE,NA,NA,NA,NA,-14.802369988293083,High-CDR,FALSE
SCI-vetted,All ambitions,R10LATIN_AM,POLES,43,0,13.310275,NA,NA,FALSE,FALSE,NA,NA,NA,NA,-14.802369988293083,High-CDR,FALSE
SCI-vetted,All ambitions,R10LATIN_AM,REMIND,0,27,NA,15.48934,NA,FALSE,FALSE,NA,NA,NA,NA,-14.802369988293083,High-CDR,FALSE
SCI-vetted,All ambitions,R10LATIN_AM,WITCH,0,28,NA,15.3806575,NA,FALSE,FALSE,NA,NA,NA,NA,-14.802369988293083,High-CDR,FALSE
SCI-vetted,All ambitions,R10MIDDLE_EAST,GCAM,0,7,NA,45.132005,NA,FALSE,FALSE,NA,NA,NA,NA,-14.828710910065547,High-CDR,FALSE
SCI-vetted,All ambitions,R10MIDDLE_EAST,IMAGE,26,4,47.0313575,44.171935000000005,-0.6346153846153846,TRUE,TRUE,2.8594224999999938,6.079821319212387,0.6346153846153846,High-RE,-14.828710910065547,High-CDR,FALSE
SCI-vetted,All ambitions,R10MIDDLE_EAST,MESSAGEix,0,3,NA,58.319075,NA,FALSE,FALSE,NA,NA,NA,NA,-14.828710910065547,High-CDR,FALSE
SCI-vetted,All ambitions,R10MIDDLE_EAST,POLES,43,0,43.3293,NA,NA,FALSE,FALSE,NA,NA,NA,NA,-14.828710910065547,High-CDR,FALSE
SCI-vetted,All ambitions,R10MIDDLE_EAST,REMIND,0,27,NA,46.83738,NA,FALSE,FALSE,NA,NA,NA,NA,-14.828710910065547,High-CDR,FALSE
SCI-vetted,All ambitions,R10MIDDLE_EAST,WITCH,0,28,NA,68.420195,NA,FALSE,FALSE,NA,NA,NA,NA,-14.828710910065547,High-CDR,FALSE
SCI-vetted,All ambitions,R10NORTH_AM,GCAM,0,7,NA,12.071495,NA,FALSE,FALSE,NA,NA,NA,NA,-57.572183001386286,High-CDR,FALSE
SCI-vetted,All ambitions,R10NORTH_AM,IMAGE,26,4,10.69381,9.892025,-0.46153846153846156,TRUE,TRUE,0.8017849999999989,7.49765518556996,0.46153846153846156,High-RE,-57.572183001386286,High-CDR,FALSE
SCI-vetted,All ambitions,R10NORTH_AM,MESSAGEix,0,3,NA,9.335245,NA,FALSE,FALSE,NA,NA,NA,NA,-57.572183001386286,High-CDR,FALSE
SCI-vetted,All ambitions,R10NORTH_AM,POLES,43,0,6.54919,NA,NA,FALSE,FALSE,NA,NA,NA,NA,-57.572183001386286,High-CDR,FALSE
SCI-vetted,All ambitions,R10NORTH_AM,REMIND,0,27,NA,8.93624,NA,FALSE,FALSE,NA,NA,NA,NA,-57.572183001386286,High-CDR,FALSE
SCI-vetted,All ambitions,R10NORTH_AM,WITCH,0,28,NA,10.5959275,NA,FALSE,FALSE,NA,NA,NA,NA,-57.572183001386286,High-CDR,FALSE
SCI-vetted,All ambitions,R10PAC_OECD,GCAM,0,7,NA,5.85177,NA,FALSE,FALSE,NA,NA,NA,NA,-17.287762686186994,High-CDR,FALSE
SCI-vetted,All ambitions,R10PAC_OECD,IMAGE,26,4,6.165635,5.9262250000000005,-0.5192307692307693,TRUE,TRUE,0.23940999999999946,3.882973935369179,0.5192307692307693,High-RE,-17.287762686186994,High-CDR,FALSE
SCI-vetted,All ambitions,R10PAC_OECD,MESSAGEix,0,3,NA,6.299755,NA,FALSE,FALSE,NA,NA,NA,NA,-17.287762686186994,High-CDR,FALSE
SCI-vetted,All ambitions,R10PAC_OECD,POLES,43,0,4.42293,NA,NA,FALSE,FALSE,NA,NA,NA,NA,-17.287762686186994,High-CDR,FALSE
SCI-vetted,All ambitions,R10PAC_OECD,REMIND,0,27,NA,3.687275,NA,FALSE,FALSE,NA,NA,NA,NA,-17.287762686186994,High-CDR,FALSE
SCI-vetted,All ambitions,R10PAC_OECD,WITCH,0,28,NA,5.293075,NA,FALSE,FALSE,NA,NA,NA,NA,-17.287762686186994,High-CDR,FALSE
SCI-vetted,All ambitions,R10REF_ECON,GCAM,0,7,NA,15.63072,NA,FALSE,FALSE,NA,NA,NA,NA,-14.276394219176403,High-CDR,FALSE
SCI-vetted,All ambitions,R10REF_ECON,IMAGE,26,4,14.691894999999999,14.014575,-0.4230769230769231,TRUE,TRUE,0.6773199999999981,4.610160908446447,0.4230769230769231,High-RE,-14.276394219176403,High-CDR,FALSE
SCI-vetted,All ambitions,R10REF_ECON,MESSAGEix,0,3,NA,14.9503,NA,FALSE,FALSE,NA,NA,NA,NA,-14.276394219176403,High-CDR,FALSE
SCI-vetted,All ambitions,R10REF_ECON,POLES,43,0,13.156545,NA,NA,FALSE,FALSE,NA,NA,NA,NA,-14.276394219176403,High-CDR,FALSE
SCI-vetted,All ambitions,R10REF_ECON,REMIND,0,27,NA,13.43612,NA,FALSE,FALSE,NA,NA,NA,NA,-14.276394219176403,High-CDR,FALSE
SCI-vetted,All ambitions,R10REF_ECON,WITCH,0,28,NA,16.666395,NA,FALSE,FALSE,NA,NA,NA,NA,-14.276394219176403,High-CDR,FALSE
SCI-vetted,All ambitions,R10REST_ASIA,GCAM,0,7,NA,60.38373,NA,FALSE,FALSE,NA,NA,NA,NA,1.9740840467096288,High-RE,FALSE
SCI-vetted,All ambitions,R10REST_ASIA,IMAGE,26,4,67.33524249999999,70.06477,0.09615384615384616,TRUE,TRUE,-2.729527500000003,-4.053638776157974,-0.09615384615384616,High-CDR,1.9740840467096288,High-RE,FALSE
SCI-vetted,All ambitions,R10REST_ASIA,MESSAGEix,0,3,NA,57.13601,NA,FALSE,FALSE,NA,NA,NA,NA,1.9740840467096288,High-RE,FALSE
SCI-vetted,All ambitions,R10REST_ASIA,POLES,43,0,54.41549,NA,NA,FALSE,FALSE,NA,NA,NA,NA,1.9740840467096288,High-RE,FALSE
SCI-vetted,All ambitions,R10REST_ASIA,REMIND,0,27,NA,57.033845,NA,FALSE,FALSE,NA,NA,NA,NA,1.9740840467096288,High-RE,FALSE
SCI-vetted,All ambitions,R10REST_ASIA,WITCH,0,28,NA,51.80558,NA,FALSE,FALSE,NA,NA,NA,NA,1.9740840467096288,High-RE,FALSE
SCI-vetted,1.5C,Aggregated R10 regions,GCAM,0,2,NA,447.772625,NA,FALSE,FALSE,NA,NA,NA,NA,11.118371820114362,High-RE,FALSE
SCI-vetted,1.5C,Aggregated R10 regions,IMAGE,4,1,520.4065949999999,465.59645,-1,TRUE,FALSE,54.81014499999992,10.532177248829816,1,High-RE,11.118371820114362,High-RE,TRUE
SCI-vetted,1.5C,Aggregated R10 regions,POLES,2,0,393.3719225,NA,NA,FALSE,FALSE,NA,NA,NA,NA,11.118371820114362,High-RE,FALSE
SCI-vetted,1.5C,Aggregated R10 regions,REMIND,0,3,NA,410.989995,NA,FALSE,FALSE,NA,NA,NA,NA,11.118371820114362,High-RE,FALSE
SCI-vetted,1.5C,R10AFRICA,GCAM,0,2,NA,81.59686500000001,NA,FALSE,FALSE,NA,NA,NA,NA,-0.037355191403459,High-CDR,FALSE
SCI-vetted,1.5C,R10AFRICA,IMAGE,4,1,84.3068025,76.85588,-1,TRUE,FALSE,7.450922500000004,8.837866315710412,1,High-RE,-0.037355191403459,High-CDR,FALSE
SCI-vetted,1.5C,R10AFRICA,POLES,2,0,70.95993999999999,NA,NA,FALSE,FALSE,NA,NA,NA,NA,-0.037355191403459,High-CDR,FALSE
SCI-vetted,1.5C,R10AFRICA,REMIND,0,3,NA,78.659675,NA,FALSE,FALSE,NA,NA,NA,NA,-0.037355191403459,High-CDR,FALSE
SCI-vetted,1.5C,R10CHINA+,GCAM,0,2,NA,89.274005,NA,FALSE,FALSE,NA,NA,NA,NA,3.48703376625783,High-RE,FALSE
SCI-vetted,1.5C,R10CHINA+,IMAGE,4,1,94.0979925,88.954105,-0.5,TRUE,FALSE,5.143887500000005,5.466522040839505,0.5,High-RE,3.48703376625783,High-RE,TRUE
SCI-vetted,1.5C,R10CHINA+,POLES,2,0,74.97582,NA,NA,FALSE,FALSE,NA,NA,NA,NA,3.48703376625783,High-RE,FALSE
SCI-vetted,1.5C,R10CHINA+,REMIND,0,3,NA,80.84859,NA,FALSE,FALSE,NA,NA,NA,NA,3.48703376625783,High-RE,FALSE
SCI-vetted,1.5C,R10EUROPE,GCAM,0,2,NA,18.5102275,NA,FALSE,FALSE,NA,NA,NA,NA,-2.2838428504071246,High-CDR,FALSE
SCI-vetted,1.5C,R10EUROPE,IMAGE,4,1,20.630945,20.015275,0,TRUE,FALSE,0.6156700000000015,2.984206491753051,-0,High-RE,-2.2838428504071246,High-CDR,FALSE
SCI-vetted,1.5C,R10EUROPE,POLES,2,0,11.84294,NA,NA,FALSE,FALSE,NA,NA,NA,NA,-2.2838428504071246,High-CDR,FALSE
SCI-vetted,1.5C,R10EUROPE,REMIND,0,3,NA,11.935795,NA,FALSE,FALSE,NA,NA,NA,NA,-2.2838428504071246,High-CDR,FALSE
SCI-vetted,1.5C,R10INDIA+,GCAM,0,2,NA,106.53725750000001,NA,FALSE,FALSE,NA,NA,NA,NA,26.554828533994034,High-RE,FALSE
SCI-vetted,1.5C,R10INDIA+,IMAGE,4,1,149.97499499999998,120.266935,-1,TRUE,FALSE,29.708059999999975,19.808675439529086,1,High-RE,26.554828533994034,High-RE,TRUE
SCI-vetted,1.5C,R10INDIA+,POLES,2,0,103.17561,NA,NA,FALSE,FALSE,NA,NA,NA,NA,26.554828533994034,High-RE,FALSE
SCI-vetted,1.5C,R10INDIA+,REMIND,0,3,NA,95.767725,NA,FALSE,FALSE,NA,NA,NA,NA,26.554828533994034,High-RE,FALSE
SCI-vetted,1.5C,R10LATIN_AM,GCAM,0,2,NA,15.4162475,NA,FALSE,FALSE,NA,NA,NA,NA,28.949413956232423,High-RE,FALSE
SCI-vetted,1.5C,R10LATIN_AM,IMAGE,4,1,23.1917275,23.047795,-0.5,TRUE,FALSE,0.14393249999999824,0.6206200034042235,0.5,High-RE,28.949413956232423,High-RE,TRUE
SCI-vetted,1.5C,R10LATIN_AM,POLES,2,0,13.18129,NA,NA,FALSE,FALSE,NA,NA,NA,NA,28.949413956232423,High-RE,FALSE
SCI-vetted,1.5C,R10LATIN_AM,REMIND,0,3,NA,15.876035,NA,FALSE,FALSE,NA,NA,NA,NA,28.949413956232423,High-RE,FALSE
SCI-vetted,1.5C,R10MIDDLE_EAST,GCAM,0,2,NA,44.868375,NA,FALSE,FALSE,NA,NA,NA,NA,-5.922480272000024,High-CDR,FALSE
SCI-vetted,1.5C,R10MIDDLE_EAST,IMAGE,4,1,44.66684,44.21806,0,TRUE,FALSE,0.4487799999999993,1.0047274443412593,-0,High-RE,-5.922480272000024,High-CDR,FALSE
SCI-vetted,1.5C,R10MIDDLE_EAST,POLES,2,0,42.87555,NA,NA,FALSE,FALSE,NA,NA,NA,NA,-5.922480272000024,High-CDR,FALSE
SCI-vetted,1.5C,R10MIDDLE_EAST,REMIND,0,3,NA,46.58873,NA,FALSE,FALSE,NA,NA,NA,NA,-5.922480272000024,High-CDR,FALSE
SCI-vetted,1.5C,R10NORTH_AM,GCAM,0,2,NA,11.83575,NA,FALSE,FALSE,NA,NA,NA,NA,-27.115284441924548,High-CDR,FALSE
SCI-vetted,1.5C,R10NORTH_AM,IMAGE,4,1,10.097985,9.933115,0,TRUE,FALSE,0.16486999999999874,1.632701969749398,-0,High-RE,-27.115284441924548,High-CDR,FALSE
SCI-vetted,1.5C,R10NORTH_AM,POLES,2,0,6.46388,NA,NA,FALSE,FALSE,NA,NA,NA,NA,-27.115284441924548,High-CDR,FALSE
SCI-vetted,1.5C,R10NORTH_AM,REMIND,0,3,NA,8.93624,NA,FALSE,FALSE,NA,NA,NA,NA,-27.115284441924548,High-CDR,FALSE
SCI-vetted,1.5C,R10PAC_OECD,GCAM,0,2,NA,5.8525,NA,FALSE,FALSE,NA,NA,NA,NA,18.460089545131016,High-RE,FALSE
SCI-vetted,1.5C,R10PAC_OECD,IMAGE,4,1,6.0128725,5.882715,-0.5,TRUE,FALSE,0.13015750000000015,2.164647595637528,0.5,High-RE,18.460089545131016,High-RE,TRUE
SCI-vetted,1.5C,R10PAC_OECD,POLES,2,0,4.32122,NA,NA,FALSE,FALSE,NA,NA,NA,NA,18.460089545131016,High-RE,FALSE
SCI-vetted,1.5C,R10PAC_OECD,REMIND,0,3,NA,3.626335,NA,FALSE,FALSE,NA,NA,NA,NA,18.460089545131016,High-RE,FALSE
SCI-vetted,1.5C,R10REF_ECON,GCAM,0,2,NA,15.1261775,NA,FALSE,FALSE,NA,NA,NA,NA,-2.1440173513813634,High-CDR,FALSE
SCI-vetted,1.5C,R10REF_ECON,IMAGE,4,1,14.10518,13.94082,0,TRUE,FALSE,0.16436000000000028,1.16524567570212,-0,High-RE,-2.1440173513813634,High-CDR,FALSE
SCI-vetted,1.5C,R10REF_ECON,POLES,2,0,13.00148,NA,NA,FALSE,FALSE,NA,NA,NA,NA,-2.1440173513813634,High-CDR,FALSE
SCI-vetted,1.5C,R10REF_ECON,REMIND,0,3,NA,13.451825,NA,FALSE,FALSE,NA,NA,NA,NA,-2.1440173513813634,High-CDR,FALSE
SCI-vetted,1.5C,R10REST_ASIA,GCAM,0,2,NA,58.755219999999994,NA,FALSE,FALSE,NA,NA,NA,NA,17.141920574628823,High-RE,FALSE
SCI-vetted,1.5C,R10REST_ASIA,IMAGE,4,1,73.32125500000001,62.48175,-1,TRUE,FALSE,10.83950500000001,14.78357810433006,1,High-RE,17.141920574628823,High-RE,TRUE
SCI-vetted,1.5C,R10REST_ASIA,POLES,2,0,52.574192499999995,NA,NA,FALSE,FALSE,NA,NA,NA,NA,17.141920574628823,High-RE,FALSE
SCI-vetted,1.5C,R10REST_ASIA,REMIND,0,3,NA,55.056995,NA,FALSE,FALSE,NA,NA,NA,NA,17.141920574628823,High-RE,FALSE
SCI-vetted,2C,Aggregated R10 regions,GCAM,0,5,NA,461.47678,NA,FALSE,FALSE,NA,NA,NA,NA,-5.349675826732812,High-CDR,FALSE
SCI-vetted,2C,Aggregated R10 regions,IMAGE,22,3,520.9916250000001,498.9329,-0.42424242424242425,TRUE,TRUE,22.058725000000095,4.233988406243592,0.42424242424242425,High-RE,-5.349675826732812,High-CDR,FALSE
SCI-vetted,2C,Aggregated R10 regions,MESSAGEix,0,3,NA,448.27388,NA,FALSE,FALSE,NA,NA,NA,NA,-5.349675826732812,High-CDR,FALSE
SCI-vetted,2C,Aggregated R10 regions,POLES,41,0,410.06586,NA,NA,FALSE,FALSE,NA,NA,NA,NA,-5.349675826732812,High-CDR,FALSE
SCI-vetted,2C,Aggregated R10 regions,REMIND,0,24,NA,444.26586499999996,NA,FALSE,FALSE,NA,NA,NA,NA,-5.349675826732812,High-CDR,FALSE
SCI-vetted,2C,Aggregated R10 regions,WITCH,0,28,NA,439.4157075,NA,FALSE,FALSE,NA,NA,NA,NA,-5.349675826732812,High-CDR,FALSE
SCI-vetted,2C,R10AFRICA,GCAM,0,5,NA,82.232155,NA,FALSE,FALSE,NA,NA,NA,NA,-6.046542376466948,High-CDR,FALSE
SCI-vetted,2C,R10AFRICA,IMAGE,22,3,76.885445,78.281565,0.5151515151515151,TRUE,TRUE,-1.3961199999999963,-1.8158443382879506,-0.5151515151515151,High-CDR,-6.046542376466948,High-CDR,TRUE
SCI-vetted,2C,R10AFRICA,MESSAGEix,0,3,NA,74.78913,NA,FALSE,FALSE,NA,NA,NA,NA,-6.046542376466948,High-CDR,FALSE
SCI-vetted,2C,R10AFRICA,POLES,41,0,72.94773,NA,NA,FALSE,FALSE,NA,NA,NA,NA,-6.046542376466948,High-CDR,FALSE
SCI-vetted,2C,R10AFRICA,REMIND,0,24,NA,78.91122999999999,NA,FALSE,FALSE,NA,NA,NA,NA,-6.046542376466948,High-CDR,FALSE
SCI-vetted,2C,R10AFRICA,WITCH,0,28,NA,67.27417750000001,NA,FALSE,FALSE,NA,NA,NA,NA,-6.046542376466948,High-CDR,FALSE
SCI-vetted,2C,R10CHINA+,GCAM,0,5,NA,93.36785,NA,FALSE,FALSE,NA,NA,NA,NA,-14.414739383518747,High-CDR,FALSE
SCI-vetted,2C,R10CHINA+,IMAGE,22,3,99.84684250000001,92.18815,-0.45454545454545453,TRUE,TRUE,7.658692500000015,7.670440354686243,0.45454545454545453,High-RE,-14.414739383518747,High-CDR,FALSE
SCI-vetted,2C,R10CHINA+,MESSAGEix,0,3,NA,97.574975,NA,FALSE,FALSE,NA,NA,NA,NA,-14.414739383518747,High-CDR,FALSE
SCI-vetted,2C,R10CHINA+,POLES,41,0,78.76173,NA,NA,FALSE,FALSE,NA,NA,NA,NA,-14.414739383518747,High-CDR,FALSE
SCI-vetted,2C,R10CHINA+,REMIND,0,24,NA,84.797315,NA,FALSE,FALSE,NA,NA,NA,NA,-14.414739383518747,High-CDR,FALSE
SCI-vetted,2C,R10CHINA+,WITCH,0,28,NA,94.58778000000001,NA,FALSE,FALSE,NA,NA,NA,NA,-14.414739383518747,High-CDR,FALSE
SCI-vetted,2C,R10EUROPE,GCAM,0,5,NA,21.74241,NA,FALSE,FALSE,NA,NA,NA,NA,-45.89914000428933,High-CDR,FALSE
SCI-vetted,2C,R10EUROPE,IMAGE,22,3,21.986829999999998,19.65049,-0.36363636363636365,TRUE,TRUE,2.3363399999999963,10.626088435668063,0.36363636363636365,High-RE,-45.89914000428933,High-CDR,FALSE
SCI-vetted,2C,R10EUROPE,MESSAGEix,0,3,NA,15.768265,NA,FALSE,FALSE,NA,NA,NA,NA,-45.89914000428933,High-CDR,FALSE
SCI-vetted,2C,R10EUROPE,POLES,41,0,12.066905,NA,NA,FALSE,FALSE,NA,NA,NA,NA,-45.89914000428933,High-CDR,FALSE
SCI-vetted,2C,R10EUROPE,REMIND,0,24,NA,11.9497275,NA,FALSE,FALSE,NA,NA,NA,NA,-45.89914000428933,High-CDR,FALSE
SCI-vetted,2C,R10EUROPE,WITCH,0,28,NA,17.96823,NA,FALSE,FALSE,NA,NA,NA,NA,-45.89914000428933,High-CDR,FALSE
SCI-vetted,2C,R10INDIA+,GCAM,0,5,NA,111.833015,NA,FALSE,FALSE,NA,NA,NA,NA,15.972809548655066,High-RE,FALSE
SCI-vetted,2C,R10INDIA+,IMAGE,22,3,155.23187000000001,148.93834,-0.30303030303030304,TRUE,TRUE,6.293530000000004,4.054276998660136,0.30303030303030304,High-RE,15.972809548655066,High-RE,TRUE
SCI-vetted,2C,R10INDIA+,MESSAGEix,0,3,NA,99.45517,NA,FALSE,FALSE,NA,NA,NA,NA,15.972809548655066,High-RE,FALSE
SCI-vetted,2C,R10INDIA+,POLES,41,0,110.227135,NA,NA,FALSE,FALSE,NA,NA,NA,NA,15.972809548655066,High-RE,FALSE
SCI-vetted,2C,R10INDIA+,REMIND,0,24,NA,116.3473775,NA,FALSE,FALSE,NA,NA,NA,NA,15.972809548655066,High-RE,FALSE
SCI-vetted,2C,R10INDIA+,WITCH,0,28,NA,91.370315,NA,FALSE,FALSE,NA,NA,NA,NA,15.972809548655066,High-RE,FALSE
SCI-vetted,2C,R10LATIN_AM,GCAM,0,5,NA,16.759595,NA,FALSE,FALSE,NA,NA,NA,NA,-14.77866540880644,High-CDR,FALSE
SCI-vetted,2C,R10LATIN_AM,IMAGE,22,3,22.2724275,22.731065,0.30303030303030304,TRUE,TRUE,-0.4586375000000018,-2.0592164908831867,-0.30303030303030304,High-CDR,-14.77866540880644,High-CDR,TRUE
SCI-vetted,2C,R10LATIN_AM,MESSAGEix,0,3,NA,14.510745,NA,FALSE,FALSE,NA,NA,NA,NA,-14.77866540880644,High-CDR,FALSE
SCI-vetted,2C,R10LATIN_AM,POLES,41,0,13.312265,NA,NA,FALSE,FALSE,NA,NA,NA,NA,-14.77866540880644,High-CDR,FALSE
SCI-vetted,2C,R10LATIN_AM,REMIND,0,24,NA,15.4766625,NA,FALSE,FALSE,NA,NA,NA,NA,-14.77866540880644,High-CDR,FALSE
SCI-vetted,2C,R10LATIN_AM,WITCH,0,28,NA,15.3806575,NA,FALSE,FALSE,NA,NA,NA,NA,-14.77866540880644,High-CDR,FALSE
SCI-vetted,2C,R10MIDDLE_EAST,GCAM,0,5,NA,45.344695,NA,FALSE,FALSE,NA,NA,NA,NA,-19.29181671755479,High-CDR,FALSE
SCI-vetted,2C,R10MIDDLE_EAST,IMAGE,22,3,47.21089,44.12581,-0.7575757575757576,TRUE,TRUE,3.085079999999998,6.534678757379914,0.7575757575757576,High-RE,-19.29181671755479,High-CDR,FALSE
SCI-vetted,2C,R10MIDDLE_EAST,MESSAGEix,0,3,NA,58.319075,NA,FALSE,FALSE,NA,NA,NA,NA,-19.29181671755479,High-CDR,FALSE
SCI-vetted,2C,R10MIDDLE_EAST,POLES,41,0,43.35673,NA,NA,FALSE,FALSE,NA,NA,NA,NA,-19.29181671755479,High-CDR,FALSE
SCI-vetted,2C,R10MIDDLE_EAST,REMIND,0,24,NA,46.879917500000005,NA,FALSE,FALSE,NA,NA,NA,NA,-19.29181671755479,High-CDR,FALSE
SCI-vetted,2C,R10MIDDLE_EAST,WITCH,0,28,NA,68.420195,NA,FALSE,FALSE,NA,NA,NA,NA,-19.29181671755479,High-CDR,FALSE
SCI-vetted,2C,R10NORTH_AM,GCAM,0,5,NA,12.488075,NA,FALSE,FALSE,NA,NA,NA,NA,-57.57785348369065,High-CDR,FALSE
SCI-vetted,2C,R10NORTH_AM,IMAGE,22,3,10.69381,9.850935,-0.3939393939393939,TRUE,TRUE,0.8428749999999994,7.881896162359341,0.3939393939393939,High-RE,-57.57785348369065,High-CDR,FALSE
SCI-vetted,2C,R10NORTH_AM,MESSAGEix,0,3,NA,9.335245,NA,FALSE,FALSE,NA,NA,NA,NA,-57.57785348369065,High-CDR,FALSE
SCI-vetted,2C,R10NORTH_AM,POLES,41,0,6.56489,NA,NA,FALSE,FALSE,NA,NA,NA,NA,-57.57785348369065,High-CDR,FALSE
SCI-vetted,2C,R10NORTH_AM,REMIND,0,24,NA,8.930174999999998,NA,FALSE,FALSE,NA,NA,NA,NA,-57.57785348369065,High-CDR,FALSE
SCI-vetted,2C,R10NORTH_AM,WITCH,0,28,NA,10.5959275,NA,FALSE,FALSE,NA,NA,NA,NA,-57.57785348369065,High-CDR,FALSE
SCI-vetted,2C,R10PAC_OECD,GCAM,0,5,NA,5.85177,NA,FALSE,FALSE,NA,NA,NA,NA,-17.730251772455762,High-CDR,FALSE
SCI-vetted,2C,R10PAC_OECD,IMAGE,22,3,6.1757775,5.969735,-0.48484848484848486,TRUE,TRUE,0.20604249999999968,3.3363005710616953,0.48484848484848486,High-RE,-17.730251772455762,High-CDR,FALSE
SCI-vetted,2C,R10PAC_OECD,MESSAGEix,0,3,NA,6.299755,NA,FALSE,FALSE,NA,NA,NA,NA,-17.730251772455762,High-CDR,FALSE
SCI-vetted,2C,R10PAC_OECD,POLES,41,0,4.42293,NA,NA,FALSE,FALSE,NA,NA,NA,NA,-17.730251772455762,High-CDR,FALSE
SCI-vetted,2C,R10PAC_OECD,REMIND,0,24,NA,3.690115,NA,FALSE,FALSE,NA,NA,NA,NA,-17.730251772455762,High-CDR,FALSE
SCI-vetted,2C,R10PAC_OECD,WITCH,0,28,NA,5.293075,NA,FALSE,FALSE,NA,NA,NA,NA,-17.730251772455762,High-CDR,FALSE
SCI-vetted,2C,R10REF_ECON,GCAM,0,5,NA,15.844605,NA,FALSE,FALSE,NA,NA,NA,NA,-17.591936408487904,High-CDR,FALSE
SCI-vetted,2C,R10REF_ECON,IMAGE,22,3,14.7101,14.08833,-0.42424242424242425,TRUE,TRUE,0.6217700000000015,4.226823746949385,0.42424242424242425,High-RE,-17.591936408487904,High-CDR,FALSE
SCI-vetted,2C,R10REF_ECON,MESSAGEix,0,3,NA,14.9503,NA,FALSE,FALSE,NA,NA,NA,NA,-17.591936408487904,High-CDR,FALSE
SCI-vetted,2C,R10REF_ECON,POLES,41,0,13.188415000000001,NA,NA,FALSE,FALSE,NA,NA,NA,NA,-17.591936408487904,High-CDR,FALSE
SCI-vetted,2C,R10REF_ECON,REMIND,0,24,NA,13.388035,NA,FALSE,FALSE,NA,NA,NA,NA,-17.591936408487904,High-CDR,FALSE
SCI-vetted,2C,R10REF_ECON,WITCH,0,28,NA,16.666395,NA,FALSE,FALSE,NA,NA,NA,NA,-17.591936408487904,High-CDR,FALSE
SCI-vetted,2C,R10REST_ASIA,GCAM,0,5,NA,60.82658,NA,FALSE,FALSE,NA,NA,NA,NA,1.59483889683492,High-RE,FALSE
SCI-vetted,2C,R10REST_ASIA,IMAGE,22,3,66.707795,71.995025,0.5454545454545454,TRUE,TRUE,-5.287229999999994,-7.925955280038853,-0.5454545454545454,High-CDR,1.59483889683492,High-RE,FALSE
SCI-vetted,2C,R10REST_ASIA,MESSAGEix,0,3,NA,57.13601,NA,FALSE,FALSE,NA,NA,NA,NA,1.59483889683492,High-RE,FALSE
SCI-vetted,2C,R10REST_ASIA,POLES,41,0,54.92546,NA,NA,FALSE,FALSE,NA,NA,NA,NA,1.59483889683492,High-RE,FALSE
SCI-vetted,2C,R10REST_ASIA,REMIND,0,24,NA,58.986675000000005,NA,FALSE,FALSE,NA,NA,NA,NA,1.59483889683492,High-RE,FALSE
SCI-vetted,2C,R10REST_ASIA,WITCH,0,28,NA,51.80558,NA,FALSE,FALSE,NA,NA,NA,NA,1.59483889683492,High-RE,FALSE
