database,ambition_view,Region,excluded_family,n_cdr,n_re,median_cdr_million_deaths,median_re_million_deaths,direction_coded_difference_million_deaths,loo_effect_pct,favours,pooled_effect_pct,pooled_favours,direction_flip
Full,All ambitions,Aggregated R10 regions,AIM,225,222,446.6981,428.36181750000003,18.33628249999998,4.104849002044106,High-RE,2.399466499825661,High-RE,FALSE
Full,All ambitions,Aggregated R10 regions,GCAM,243,221,437.579795,427.54933,10.030464999999992,2.2922596323260294,High-RE,2.399466499825661,High-RE,FALSE
Full,All ambitions,Aggregated R10 regions,IMAGE,187,224,430.64255000000003,427.60837,3.034180000000049,0.7045704146048849,High-RE,2.399466499825661,High-RE,FALSE
Full,All ambitions,Aggregated R10 regions,MESSAGEix,151,202,431.31202,426.6242925,4.687727499999994,1.086852970153717,High-RE,2.399466499825661,High-RE,FALSE
Full,All ambitions,Aggregated R10 regions,POLES,186,226,460.0918725,427.66765250000003,32.42421999999999,7.047335964405672,High-RE,2.399466499825661,High-RE,FALSE
Full,All ambitions,Aggregated R10 regions,REMIND,246,42,438.181675,440.109915,-1.9282400000000166,-0.4400549155781142,High-CDR,2.399466499825661,High-RE,TRUE
Full,All ambitions,Aggregated R10 regions,WITCH,238,219,439.52067,428.290165,11.230504999999994,2.555171068518801,High-RE,2.399466499825661,High-RE,FALSE
Full,All ambitions,R10AFRICA,AIM,225,222,76.20122,78.61378,-2.412559999999999,-3.166038548989109,High-CDR,-2.9552076524496242,High-CDR,FALSE
Full,All ambitions,R10AFRICA,GCAM,243,221,76.345135,78.61378,-2.2686450000000065,-2.9715645928191843,High-CDR,-2.9552076524496242,High-CDR,FALSE
Full,All ambitions,R10AFRICA,IMAGE,187,224,75.98299,78.61738,-2.6343899999999962,-3.467078618517113,High-CDR,-2.9552076524496242,High-CDR,FALSE
Full,All ambitions,R10AFRICA,MESSAGEix,151,202,75.358225,78.63811,-3.279884999999993,-4.35239152726858,High-CDR,-2.9552076524496242,High-CDR,FALSE
Full,All ambitions,R10AFRICA,POLES,186,226,77.14168,78.616455,-1.4747750000000082,-1.9117745426337724,High-CDR,-2.9552076524496242,High-CDR,FALSE
Full,All ambitions,R10AFRICA,REMIND,246,42,76.35986249999999,75.72533,0.6345324999999917,0.8309764832276797,High-RE,-2.9552076524496242,High-CDR,TRUE
Full,All ambitions,R10AFRICA,WITCH,238,219,76.43108000000001,78.62826,-2.197179999999989,-2.874720597955686,High-CDR,-2.9552076524496242,High-CDR,FALSE
Full,All ambitions,R10CHINA+,AIM,225,222,79.344325,78.81377,0.5305549999999926,0.6686741616366294,High-RE,0.9621268311501312,High-RE,FALSE
Full,All ambitions,R10CHINA+,GCAM,243,221,79.535885,78.72665,0.8092349999999868,1.017446401709099,High-RE,0.9621268311501312,High-RE,FALSE
Full,All ambitions,R10CHINA+,IMAGE,187,224,77.91825,78.778035,-0.8597850000000022,-1.1034449567335025,High-CDR,0.9621268311501312,High-RE,TRUE
Full,All ambitions,R10CHINA+,MESSAGEix,151,202,83.739655,79.34456,4.395094999999998,5.248522936952628,High-RE,0.9621268311501312,High-RE,FALSE
Full,All ambitions,R10CHINA+,POLES,186,226,81.28158250000001,78.81377,2.467812500000008,3.036127526183447,High-RE,0.9621268311501312,High-RE,FALSE
Full,All ambitions,R10CHINA+,REMIND,246,42,79.579425,77.2574075,2.322017500000001,2.917861620638753,High-RE,0.9621268311501312,High-RE,FALSE
Full,All ambitions,R10CHINA+,WITCH,238,219,79.39526000000001,78.71372,0.6815400000000125,0.8584139657707682,High-RE,0.9621268311501312,High-RE,FALSE
Full,All ambitions,R10EUROPE,AIM,225,222,15.07653,11.2326625,3.8438675,25.495704250248565,High-RE,26.38861724213735,High-RE,FALSE
Full,All ambitions,R10EUROPE,GCAM,243,221,15.250595,11.23241,4.018185000000001,26.347726105112624,High-RE,26.38861724213735,High-RE,FALSE
Full,All ambitions,R10EUROPE,IMAGE,187,224,14.390285,11.23325,3.1570350000000005,21.938655141298458,High-RE,26.38861724213735,High-RE,FALSE
Full,All ambitions,R10EUROPE,MESSAGEix,151,202,16.44384,11.204427500000001,5.2394125,31.86246339054625,High-RE,26.38861724213735,High-RE,FALSE
Full,All ambitions,R10EUROPE,POLES,186,226,15.8831775,11.2344625,4.648715000000001,29.268167531339373,High-RE,26.38861724213735,High-RE,FALSE
Full,All ambitions,R10EUROPE,REMIND,246,42,15.261855,15.07612,0.1857350000000011,1.2169883674035764,High-RE,26.38861724213735,High-RE,FALSE
Full,All ambitions,R10EUROPE,WITCH,238,219,15.1544925,11.23068,3.9238125000000004,25.892074577885076,High-RE,26.38861724213735,High-RE,FALSE
Full,All ambitions,R10INDIA+,AIM,225,222,121.542345,111.4889025,10.053442500000003,8.27155548134274,High-RE,5.901494121366096,High-RE,FALSE
Full,All ambitions,R10INDIA+,GCAM,243,221,116.79586,110.53281,6.263050000000007,5.362390413495827,High-RE,5.901494121366096,High-RE,FALSE
Full,All ambitions,R10INDIA+,IMAGE,187,224,112.97992,110.24144,2.73848000000001,2.4238643468680183,High-RE,5.901494121366096,High-RE,FALSE
Full,All ambitions,R10INDIA+,MESSAGEix,151,202,114.01742,109.47709499999999,4.54032500000001,3.9821327302442118,High-RE,5.901494121366096,High-RE,FALSE
Full,All ambitions,R10INDIA+,POLES,186,226,127.3358975,110.747905,16.5879925,13.026956911345442,High-RE,5.901494121366096,High-RE,FALSE
Full,All ambitions,R10INDIA+,REMIND,246,42,117.69358500000001,115.945585,1.7480000000000189,1.4852126392445422,High-RE,5.901494121366096,High-RE,FALSE
Full,All ambitions,R10INDIA+,WITCH,238,219,120.2974775,111.833015,8.464462499999996,7.036275968463259,High-RE,5.901494121366096,High-RE,FALSE
Full,All ambitions,R10LATIN_AM,AIM,225,222,14.03416,15.6040875,-1.5699275000000004,-11.18647286335627,High-CDR,-10.07293941141795,High-CDR,FALSE
Full,All ambitions,R10LATIN_AM,GCAM,243,221,14.171915,15.615305,-1.443389999999999,-10.18486210226352,High-CDR,-10.07293941141795,High-CDR,FALSE
Full,All ambitions,R10LATIN_AM,IMAGE,187,224,13.54379,15.6105975,-2.0668075000000012,-15.26018566442629,High-CDR,-10.07293941141795,High-CDR,FALSE
Full,All ambitions,R10LATIN_AM,MESSAGEix,151,202,19.467215,15.663725,3.80349,19.537925686853512,High-RE,-10.07293941141795,High-CDR,TRUE
Full,All ambitions,R10LATIN_AM,POLES,186,226,14.919055,15.61995,-0.7008949999999992,-4.6979852276166225,High-CDR,-10.07293941141795,High-CDR,FALSE
Full,All ambitions,R10LATIN_AM,REMIND,246,42,14.190545,14.1794525,0.011092500000000172,0.07816824512377905,High-RE,-10.07293941141795,High-CDR,TRUE
Full,All ambitions,R10LATIN_AM,WITCH,238,219,14.114482500000001,15.633545,-1.5190624999999986,-10.762438509523806,High-CDR,-10.07293941141795,High-CDR,FALSE
Full,All ambitions,R10MIDDLE_EAST,AIM,225,222,47.35514,46.5524425,0.8026975000000007,1.695058867949711,High-RE,0.8616459232106964,High-RE,FALSE
Full,All ambitions,R10MIDDLE_EAST,GCAM,243,221,46.892815,46.550585,0.3422300000000007,0.7298132986897902,High-RE,0.8616459232106964,High-RE,FALSE
Full,All ambitions,R10MIDDLE_EAST,IMAGE,187,224,58.01452,46.549009999999996,11.465510000000002,19.76317308149753,High-RE,0.8616459232106964,High-RE,FALSE
Full,All ambitions,R10MIDDLE_EAST,MESSAGEix,151,202,43.62415,46.4801425,-2.8559924999999993,-6.546815238806944,High-CDR,0.8616459232106964,High-RE,TRUE
Full,All ambitions,R10MIDDLE_EAST,POLES,186,226,58.4437425,46.5460025,11.897739999999999,20.357594313882277,High-RE,0.8616459232106964,High-RE,FALSE
Full,All ambitions,R10MIDDLE_EAST,REMIND,246,42,46.95055,57.225494999999995,-10.274944999999995,-21.884610510419996,High-CDR,0.8616459232106964,High-RE,TRUE
Full,All ambitions,R10MIDDLE_EAST,WITCH,238,219,46.3099175,46.537025,-0.22710750000000246,-0.49040791316460985,High-CDR,0.8616459232106964,High-RE,TRUE
Full,All ambitions,R10NORTH_AM,AIM,225,222,6.81797,8.92639,-2.1084199999999997,-30.924454053039245,High-CDR,-29.232370671932635,High-CDR,FALSE
Full,All ambitions,R10NORTH_AM,GCAM,243,221,6.897325,8.92639,-2.0290649999999992,-29.418143990605042,High-CDR,-29.232370671932635,High-CDR,FALSE
Full,All ambitions,R10NORTH_AM,IMAGE,187,224,6.75097,8.92639,-2.17542,-32.22381376305923,High-CDR,-29.232370671932635,High-CDR,FALSE
Full,All ambitions,R10NORTH_AM,MESSAGEix,151,202,9.38093,8.93799,0.4429400000000001,4.721706696457602,High-RE,-29.232370671932635,High-CDR,TRUE
Full,All ambitions,R10NORTH_AM,POLES,186,226,7.46692,8.92639,-1.4594699999999996,-19.5458100528732,High-CDR,-29.232370671932635,High-CDR,FALSE
Full,All ambitions,R10NORTH_AM,REMIND,246,42,6.90724,7.447155,-0.5399150000000006,-7.816653250791932,High-CDR,-29.232370671932635,High-CDR,FALSE
Full,All ambitions,R10NORTH_AM,WITCH,238,219,6.860545,8.92639,-2.0658449999999995,-30.111966323375174,High-CDR,-29.232370671932635,High-CDR,FALSE
Full,All ambitions,R10PAC_OECD,AIM,225,222,5.371315,3.63313,1.738185,32.360511345918084,High-RE,33.79008683934925,High-RE,FALSE
Full,All ambitions,R10PAC_OECD,GCAM,243,221,5.46295,3.63313,1.8298200000000002,33.495089649365276,High-RE,33.79008683934925,High-RE,FALSE
Full,All ambitions,R10PAC_OECD,IMAGE,187,224,5.286555,3.6333675000000003,1.6531874999999996,31.271546404038162,High-RE,33.79008683934925,High-RE,FALSE
Full,All ambitions,R10PAC_OECD,MESSAGEix,151,202,5.38262,3.62846,1.7541600000000002,32.58933381884659,High-RE,33.79008683934925,High-RE,FALSE
Full,All ambitions,R10PAC_OECD,POLES,186,226,5.714449999999999,3.633605,2.080844999999999,36.413740604957596,High-RE,33.79008683934925,High-RE,FALSE
Full,All ambitions,R10PAC_OECD,REMIND,246,42,5.4880075,5.4494050000000005,0.03860249999999965,0.7033973623396041,High-RE,33.79008683934925,High-RE,FALSE
Full,All ambitions,R10PAC_OECD,WITCH,238,219,5.507820000000001,3.63313,1.8746900000000006,34.0368784746052,High-RE,33.79008683934925,High-RE,FALSE
Full,All ambitions,R10REF_ECON,AIM,225,222,14.052095,13.21019,0.8419049999999988,5.991313039087757,High-RE,6.738086132221376,High-RE,FALSE
Full,All ambitions,R10REF_ECON,GCAM,243,221,14.1545,13.210125,0.9443750000000009,6.671906460842847,High-RE,6.738086132221376,High-RE,FALSE
Full,All ambitions,R10REF_ECON,IMAGE,187,224,14.08622,13.210255,0.8759650000000008,6.218595194452456,High-RE,6.738086132221376,High-RE,FALSE
Full,All ambitions,R10REF_ECON,MESSAGEix,151,202,13.8715,13.1937025,0.6777974999999987,4.886259597015454,High-RE,6.738086132221376,High-RE,FALSE
Full,All ambitions,R10REF_ECON,POLES,186,226,14.584445,13.2108975,1.3735475000000008,9.417893516002842,High-RE,6.738086132221376,High-RE,FALSE
Full,All ambitions,R10REF_ECON,REMIND,246,42,14.1653725,14.691725,-0.5263524999999998,-3.715768858178631,High-CDR,6.738086132221376,High-RE,TRUE
Full,All ambitions,R10REF_ECON,WITCH,238,219,14.142277499999999,13.20568,0.9365974999999995,6.622677995110756,High-RE,6.738086132221376,High-RE,FALSE
Full,All ambitions,R10REST_ASIA,AIM,225,222,58.02932,57.3656125,0.663707500000001,1.1437450929978175,High-RE,2.6753564149260862,High-RE,FALSE
Full,All ambitions,R10REST_ASIA,GCAM,243,221,58.75029,57.35854,1.3917500000000018,2.3689244767983304,High-RE,2.6753564149260862,High-RE,FALSE
Full,All ambitions,R10REST_ASIA,IMAGE,187,224,57.05164,57.3853775,-0.333737499999998,-0.5849744196661095,High-CDR,2.6753564149260862,High-RE,TRUE
Full,All ambitions,R10REST_ASIA,MESSAGEix,151,202,60.341105,57.318712500000004,3.022392499999995,5.008845131357796,High-RE,2.6753564149260862,High-RE,FALSE
Full,All ambitions,R10REST_ASIA,POLES,186,226,60.356475,57.40043,2.956045000000003,4.897643541972925,High-RE,2.6753564149260862,High-RE,FALSE
Full,All ambitions,R10REST_ASIA,REMIND,246,42,58.97830999999999,57.8220375,1.156272499999993,1.9605046329743816,High-RE,2.6753564149260862,High-RE,FALSE
Full,All ambitions,R10REST_ASIA,WITCH,238,219,59.267534999999995,57.431415,1.836119999999994,3.0980198518463675,High-RE,2.6753564149260862,High-RE,FALSE
Full,1.5C,Aggregated R10 regions,AIM,56,54,426.0176125,417.9452725,8.072339999999997,1.894837153006203,High-RE,1.8464564837231334,High-RE,FALSE
Full,1.5C,Aggregated R10 regions,GCAM,57,53,425.807625,417.735205,8.072419999999966,1.8957903818655117,High-RE,1.8464564837231334,High-RE,FALSE
Full,1.5C,Aggregated R10 regions,IMAGE,34,54,420.4895475,417.9452725,2.5442750000000274,0.6050744935580181,High-RE,1.8464564837231334,High-RE,FALSE
Full,1.5C,Aggregated R10 regions,MESSAGEix,34,51,464.4933325,418.778005,45.7153275,9.84197711815379,High-RE,1.8464564837231334,High-RE,FALSE
Full,1.5C,Aggregated R10 regions,POLES,53,54,430.48855,417.9452725,12.543277499999988,2.9137308065452587,High-RE,1.8464564837231334,High-RE,FALSE
Full,1.5C,Aggregated R10 regions,REMIND,57,4,425.807625,415.27516,10.532464999999945,2.473526630717321,High-RE,1.8464564837231334,High-RE,FALSE
Full,1.5C,Aggregated R10 regions,WITCH,51,54,436.99725,417.9452725,19.05197750000002,4.359747687199409,High-RE,1.8464564837231334,High-RE,FALSE
Full,1.5C,R10AFRICA,AIM,56,54,75.39723000000001,78.456135,-3.0589049999999958,-4.057052228576561,High-CDR,-4.00324857145907,High-CDR,FALSE
Full,1.5C,R10AFRICA,GCAM,57,53,75.436235,78.456135,-3.019900000000007,-4.00324857145907,High-CDR,-4.00324857145907,High-CDR,FALSE
Full,1.5C,R10AFRICA,IMAGE,34,54,75.159445,78.456135,-3.296689999999998,-4.38626176656839,High-CDR,-4.00324857145907,High-CDR,FALSE
Full,1.5C,R10AFRICA,MESSAGEix,34,51,75.32255,78.47372,-3.1511699999999934,-4.183567869117539,High-CDR,-4.00324857145907,High-CDR,FALSE
Full,1.5C,R10AFRICA,POLES,53,54,75.46476,78.456135,-2.991375000000005,-3.963936279662196,High-CDR,-4.00324857145907,High-CDR,FALSE
Full,1.5C,R10AFRICA,REMIND,57,4,75.436235,73.51536,1.9208749999999952,2.546355872612141,High-RE,-4.00324857145907,High-CDR,TRUE
Full,1.5C,R10AFRICA,WITCH,51,54,75.54374,78.456135,-2.9123950000000036,-3.855243333200082,High-CDR,-4.00324857145907,High-CDR,FALSE
Full,1.5C,R10CHINA+,AIM,56,54,79.0020675,78.52739,0.47467749999999853,0.6008418703725679,High-RE,0.5170422643697031,High-RE,FALSE
Full,1.5C,R10CHINA+,GCAM,57,53,78.93552,78.51148,0.42403999999999087,0.5371979560025587,High-RE,0.5170422643697031,High-RE,FALSE
Full,1.5C,R10CHINA+,IMAGE,34,54,72.245755,78.52739,-6.281634999999994,-8.694815356279403,High-CDR,0.5170422643697031,High-RE,TRUE
Full,1.5C,R10CHINA+,MESSAGEix,34,51,87.99989,78.54578,9.45411,10.743320247332129,High-RE,0.5170422643697031,High-RE,FALSE
Full,1.5C,R10CHINA+,POLES,53,54,84.027205,78.52739,5.499814999999998,6.545278996248892,High-RE,0.5170422643697031,High-RE,FALSE
Full,1.5C,R10CHINA+,REMIND,57,4,78.93552,73.914345,5.0211749999999995,6.361109675340074,High-RE,0.5170422643697031,High-RE,FALSE
Full,1.5C,R10CHINA+,WITCH,51,54,78.52936,78.52739,0.0019700000000000273,0.002508615885829233,High-RE,0.5170422643697031,High-RE,FALSE
Full,1.5C,R10EUROPE,AIM,56,54,15.6753,11.26678,4.408519999999999,28.12399124737644,High-RE,28.140059143538043,High-RE,FALSE
Full,1.5C,R10EUROPE,GCAM,57,53,15.678805,11.2657,4.413105,28.146947423607855,High-RE,28.140059143538043,High-RE,FALSE
Full,1.5C,R10EUROPE,IMAGE,34,54,13.47288,11.26678,2.2060999999999993,16.374375783054546,High-RE,28.140059143538043,High-RE,FALSE
Full,1.5C,R10EUROPE,MESSAGEix,34,51,17.4540625,11.23068,6.2233825,35.65578214240954,High-RE,28.140059143538043,High-RE,FALSE
Full,1.5C,R10EUROPE,POLES,53,54,15.759125,11.26678,4.4923449999999985,28.50630983636464,High-RE,28.140059143538043,High-RE,FALSE
Full,1.5C,R10EUROPE,REMIND,57,4,15.678805,14.445219999999999,1.2335850000000015,7.867850898075468,High-RE,28.140059143538043,High-RE,FALSE
Full,1.5C,R10EUROPE,WITCH,51,54,15.391385,11.26678,4.124604999999999,26.798140648161286,High-RE,28.140059143538043,High-RE,FALSE
Full,1.5C,R10INDIA+,AIM,56,54,112.94267,106.278505,6.664165000000011,5.9004847326524255,High-RE,5.869439217355562,High-RE,FALSE
Full,1.5C,R10INDIA+,GCAM,57,53,112.90542,106.439895,6.4655249999999995,5.726496566772436,High-RE,5.869439217355562,High-RE,FALSE
Full,1.5C,R10INDIA+,IMAGE,34,54,108.42993999999999,106.278505,2.151434999999992,1.9841706082286796,High-RE,5.869439217355562,High-RE,FALSE
Full,1.5C,R10INDIA+,MESSAGEix,34,51,126.319635,106.061985,20.257649999999998,16.036818029121125,High-RE,5.869439217355562,High-RE,FALSE
Full,1.5C,R10INDIA+,POLES,53,54,113.22259,106.278505,6.944085000000001,6.1331267903339795,High-RE,5.869439217355562,High-RE,FALSE
Full,1.5C,R10INDIA+,REMIND,57,4,112.90542,106.45048,6.454940000000008,5.717121463256598,High-RE,5.869439217355562,High-RE,FALSE
Full,1.5C,R10INDIA+,WITCH,51,54,114.074675,106.278505,7.796170000000004,6.8342688681778005,High-RE,5.869439217355562,High-RE,FALSE
Full,1.5C,R10LATIN_AM,AIM,56,54,15.182385,15.61344,-0.43105500000000063,-2.8391784294760054,High-CDR,-2.816424218897393,High-CDR,FALSE
Full,1.5C,R10LATIN_AM,GCAM,57,53,15.185745,15.624595,-0.43884999999999863,-2.889881266938162,High-CDR,-2.816424218897393,High-CDR,FALSE
Full,1.5C,R10LATIN_AM,IMAGE,34,54,13.32988,15.61344,-2.2835600000000014,-17.13113696447381,High-CDR,-2.816424218897393,High-CDR,FALSE
Full,1.5C,R10LATIN_AM,MESSAGEix,34,51,21.7040525,15.626225,6.0778275,28.003192030612716,High-RE,-2.816424218897393,High-CDR,TRUE
Full,1.5C,R10LATIN_AM,POLES,53,54,15.238635,15.61344,-0.3748050000000003,-2.4595706898944707,High-CDR,-2.816424218897393,High-CDR,FALSE
Full,1.5C,R10LATIN_AM,REMIND,57,4,15.185745,13.95475,1.230995,8.106253595065636,High-RE,-2.816424218897393,High-CDR,TRUE
Full,1.5C,R10LATIN_AM,WITCH,51,54,14.22286,15.61344,-1.39058,-9.77707718419502,High-CDR,-2.816424218897393,High-CDR,FALSE
Full,1.5C,R10MIDDLE_EAST,AIM,56,54,55.710612499999996,46.253277499999996,9.457335,16.975823053462214,High-RE,16.34217568544139,High-RE,FALSE
Full,1.5C,R10MIDDLE_EAST,GCAM,57,53,55.288645,46.265675,9.02297,16.31975245549968,High-RE,16.34217568544139,High-RE,FALSE
Full,1.5C,R10MIDDLE_EAST,IMAGE,34,54,58.8892975,46.253277499999996,12.636020000000002,21.45724356789959,High-RE,16.34217568544139,High-RE,FALSE
Full,1.5C,R10MIDDLE_EAST,MESSAGEix,34,51,43.555922499999994,46.23511,-2.6791875000000047,-6.1511439689975695,High-CDR,16.34217568544139,High-RE,TRUE
Full,1.5C,R10MIDDLE_EAST,POLES,53,54,56.383085,46.253277499999996,10.129807500000005,17.96603981495515,High-RE,16.34217568544139,High-RE,FALSE
Full,1.5C,R10MIDDLE_EAST,REMIND,57,4,55.288645,53.24797,2.0406750000000002,3.6909477524725016,High-RE,16.34217568544139,High-RE,FALSE
Full,1.5C,R10MIDDLE_EAST,WITCH,51,54,45.76191,46.253277499999996,-0.4913674999999955,-1.0737477959289625,High-CDR,16.34217568544139,High-RE,TRUE
Full,1.5C,R10NORTH_AM,AIM,56,54,7.42729,8.92639,-1.4990999999999994,-20.183673991455827,High-CDR,-20.183673991455827,High-CDR,FALSE
Full,1.5C,R10NORTH_AM,GCAM,57,53,7.42729,8.92639,-1.4990999999999994,-20.183673991455827,High-CDR,-20.183673991455827,High-CDR,FALSE
Full,1.5C,R10NORTH_AM,IMAGE,34,54,6.4660125,8.92639,-2.4603775,-38.05092396589088,High-CDR,-20.183673991455827,High-CDR,FALSE
Full,1.5C,R10NORTH_AM,MESSAGEix,34,51,9.6739525,8.92639,0.7475625000000008,7.727580841439947,High-RE,-20.183673991455827,High-CDR,TRUE
Full,1.5C,R10NORTH_AM,POLES,53,54,7.473765,8.92639,-1.4526249999999994,-19.436321586242,High-CDR,-20.183673991455827,High-CDR,FALSE
Full,1.5C,R10NORTH_AM,REMIND,57,4,7.42729,7.1389949999999995,0.28829500000000063,3.88156380052483,High-RE,-20.183673991455827,High-CDR,TRUE
Full,1.5C,R10NORTH_AM,WITCH,51,54,7.38507,8.92639,-1.5413199999999998,-20.870756810700506,High-CDR,-20.183673991455827,High-CDR,FALSE
Full,1.5C,R10PAC_OECD,AIM,56,54,5.247882499999999,3.6120900000000002,1.635792499999999,31.170524492497677,High-RE,31.188455493641946,High-RE,FALSE
Full,1.5C,R10PAC_OECD,GCAM,57,53,5.24925,3.597845,1.651405,31.45982759441825,High-RE,31.188455493641946,High-RE,FALSE
Full,1.5C,R10PAC_OECD,IMAGE,34,54,5.08594,3.6120900000000002,1.4738499999999997,28.97891048655705,High-RE,31.188455493641946,High-RE,FALSE
Full,1.5C,R10PAC_OECD,MESSAGEix,34,51,5.3745975,3.597845,1.7767525000000002,33.05833599632344,High-RE,31.188455493641946,High-RE,FALSE
Full,1.5C,R10PAC_OECD,POLES,53,54,5.270475,3.6120900000000002,1.658385,31.46556999131957,High-RE,31.188455493641946,High-RE,FALSE
Full,1.5C,R10PAC_OECD,REMIND,57,4,5.24925,4.9537700000000005,0.2954799999999995,5.628994618278792,High-RE,31.188455493641946,High-RE,FALSE
Full,1.5C,R10PAC_OECD,WITCH,51,54,5.2465,3.6120900000000002,1.63441,31.15238730582293,High-RE,31.188455493641946,High-RE,FALSE
Full,1.5C,R10REF_ECON,AIM,56,54,13.84942,13.053595000000001,0.7958249999999989,5.746269518867931,High-RE,5.769811042902265,High-RE,FALSE
Full,1.5C,R10REF_ECON,GCAM,57,53,13.85288,13.052295,0.8005849999999999,5.779195373092092,High-RE,5.769811042902265,High-RE,FALSE
Full,1.5C,R10REF_ECON,IMAGE,34,54,13.867065,13.053595000000001,0.8134699999999988,5.866201680023846,High-RE,5.769811042902265,High-RE,FALSE
Full,1.5C,R10REF_ECON,MESSAGEix,34,51,13.9291475,13.048575,0.8805724999999995,6.321797511297799,High-RE,5.769811042902265,High-RE,FALSE
Full,1.5C,R10REF_ECON,POLES,53,54,13.917475,13.053595000000001,0.8638799999999982,6.207160422418565,High-RE,5.769811042902265,High-RE,FALSE
Full,1.5C,R10REF_ECON,REMIND,57,4,13.85288,13.995145,-0.14226500000000009,-1.026970564965553,High-CDR,5.769811042902265,High-RE,TRUE
Full,1.5C,R10REF_ECON,WITCH,51,54,13.75431,13.053595000000001,0.7007149999999989,5.094512192905343,High-RE,5.769811042902265,High-RE,FALSE
Full,1.5C,R10REST_ASIA,AIM,56,54,55.77363,55.9140625,-0.14043250000000285,-0.2517901380993184,High-CDR,-0.09667461868104482,High-CDR,FALSE
Full,1.5C,R10REST_ASIA,GCAM,57,53,55.86006,55.88557,-0.02551000000000414,-0.04566769172822969,High-CDR,-0.09667461868104482,High-CDR,FALSE
Full,1.5C,R10REST_ASIA,IMAGE,34,54,55.2910125,55.9140625,-0.6230499999999992,-1.1268558339386519,High-CDR,-0.09667461868104482,High-CDR,FALSE
Full,1.5C,R10REST_ASIA,MESSAGEix,34,51,61.082634999999996,55.95437,5.128264999999999,8.395618492882633,High-RE,-0.09667461868104482,High-CDR,TRUE
Full,1.5C,R10REST_ASIA,POLES,53,54,56.056065,55.9140625,0.1420024999999967,0.2533222765458059,High-RE,-0.09667461868104482,High-CDR,TRUE
Full,1.5C,R10REST_ASIA,REMIND,57,4,55.86006,52.749120000000005,3.1109399999999923,5.569166950411426,High-RE,-0.09667461868104482,High-CDR,TRUE
Full,1.5C,R10REST_ASIA,WITCH,51,54,56.27123,55.9140625,0.35716750000000275,0.6347248851677896,High-RE,-0.09667461868104482,High-CDR,TRUE
Full,2C,Aggregated R10 regions,AIM,169,168,455.163095,435.3695825,19.79351250000002,4.348663746563201,High-RE,1.333415619537075,High-RE,FALSE
Full,2C,Aggregated R10 regions,GCAM,186,168,440.06449,433.692365,6.372124999999983,1.4479979968390504,High-RE,1.333415619537075,High-RE,FALSE
Full,2C,Aggregated R10 regions,IMAGE,153,170,433.918965,434.137855,-0.2188899999999876,-0.050444902771186226,High-CDR,1.333415619537075,High-RE,TRUE
Full,2C,Aggregated R10 regions,MESSAGEix,117,151,427.06152,427.702645,-0.641125000000045,-0.15012474081018704,High-CDR,1.333415619537075,High-RE,TRUE
Full,2C,Aggregated R10 regions,POLES,133,172,463.11339,434.621435,28.49195499999996,6.15226327185227,High-RE,1.333415619537075,High-RE,FALSE
Full,2C,Aggregated R10 regions,REMIND,189,38,440.495065,441.60157749999996,-1.1065124999999512,-0.25119747936335024,High-CDR,1.333415619537075,High-RE,TRUE
Full,2C,Aggregated R10 regions,WITCH,187,165,442.411195,435.543815,6.867380000000026,1.5522618047674008,High-RE,1.333415619537075,High-RE,FALSE
Full,2C,R10AFRICA,AIM,169,168,76.411605,78.6748725,-2.263267500000012,-2.9619421029044113,High-CDR,-2.6230602214922194,High-CDR,FALSE
Full,2C,R10AFRICA,GCAM,186,168,76.6407025,78.6748725,-2.034170000000003,-2.6541640846781163,High-CDR,-2.6230602214922194,High-CDR,FALSE
Full,2C,R10AFRICA,IMAGE,153,170,76.66056,78.69303,-2.0324699999999893,-2.6512590046302678,High-CDR,-2.6230602214922194,High-CDR,FALSE
Full,2C,R10AFRICA,MESSAGEix,117,151,75.668685,78.71795,-3.0492650000000054,-4.0297581489621574,High-CDR,-2.6230602214922194,High-CDR,FALSE
Full,2C,R10AFRICA,POLES,133,172,77.283615,78.687545,-1.4039300000000026,-1.8165946300519231,High-CDR,-2.6230602214922194,High-CDR,FALSE
Full,2C,R10AFRICA,REMIND,189,38,76.67628,75.7838375,0.8924425000000014,1.1639094906534346,High-RE,-2.6230602214922194,High-CDR,TRUE
Full,2C,R10AFRICA,WITCH,187,165,76.69613,78.70081,-2.0046800000000076,-2.613795507022333,High-CDR,-2.6230602214922194,High-CDR,FALSE
Full,2C,R10CHINA+,AIM,169,168,79.446195,78.890895,0.5553000000000026,0.6989636193401113,High-RE,0.9444697657424228,High-RE,FALSE
Full,2C,R10CHINA+,GCAM,186,168,79.579425,78.84241,0.7370149999999995,0.9261376291673376,High-RE,0.9444697657424228,High-RE,FALSE
Full,2C,R10CHINA+,IMAGE,153,170,78.44602,78.866265,-0.4202449999999942,-0.5357123280441687,High-CDR,0.9444697657424228,High-RE,TRUE
Full,2C,R10CHINA+,MESSAGEix,117,151,82.533755,79.403455,3.1303000000000054,3.79275122039462,High-RE,0.9444697657424228,High-RE,FALSE
Full,2C,R10CHINA+,POLES,133,172,81.252035,78.890895,2.361140000000006,2.9059456787759297,High-RE,0.9444697657424228,High-RE,FALSE
Full,2C,R10CHINA+,REMIND,189,38,79.6431,77.641955,2.001145000000008,2.5126407686290566,High-RE,0.9444697657424228,High-RE,FALSE
Full,2C,R10CHINA+,WITCH,187,165,79.579425,78.78534,0.7940849999999955,0.997852145827889,High-RE,0.9444697657424228,High-RE,FALSE
Full,2C,R10EUROPE,AIM,169,168,15.030455,11.23153,3.7989250000000006,25.27485029561647,High-RE,25.560068003701705,High-RE,FALSE
Full,2C,R10EUROPE,GCAM,186,168,15.08559,11.23153,3.8540600000000005,25.54795669244624,High-RE,25.560068003701705,High-RE,FALSE
Full,2C,R10EUROPE,IMAGE,153,170,14.81512,11.2326625,3.5824575000000003,24.181089994546113,High-RE,25.560068003701705,High-RE,FALSE
Full,2C,R10EUROPE,MESSAGEix,117,151,16.24215,11.19978,5.042369999999998,31.04496633758461,High-RE,25.560068003701705,High-RE,FALSE
Full,2C,R10EUROPE,POLES,133,172,16.04942,11.23325,4.816170000000001,30.0083741343924,High-RE,25.560068003701705,High-RE,FALSE
Full,2C,R10EUROPE,REMIND,189,38,15.090355,15.32817,-0.23781499999999944,-1.5759403937150547,High-CDR,25.560068003701705,High-RE,TRUE
Full,2C,R10EUROPE,WITCH,187,165,15.08619,11.23065,3.8555399999999995,25.5567509092753,High-RE,25.560068003701705,High-RE,FALSE
Full,2C,R10INDIA+,AIM,169,168,125.29499,113.2836525,12.011337499999996,9.586446752579649,High-RE,6.3712505992554584,High-RE,FALSE
Full,2C,R10INDIA+,GCAM,186,168,120.52015499999999,113.02140750000001,7.498747499999979,6.221986272752454,High-RE,6.3712505992554584,High-RE,FALSE
Full,2C,R10INDIA+,IMAGE,153,170,115.212715,112.83585,2.3768650000000093,2.0630231654553137,High-RE,6.3712505992554584,High-RE,FALSE
Full,2C,R10INDIA+,MESSAGEix,117,151,110.657605,111.833015,-1.1754099999999994,-1.0622044458670503,High-CDR,6.3712505992554584,High-RE,TRUE
Full,2C,R10INDIA+,POLES,133,172,129.52422,113.02140750000001,16.502812500000005,12.741101625626468,High-RE,6.3712505992554584,High-RE,FALSE
Full,2C,R10INDIA+,REMIND,189,38,120.71229,117.41707500000001,3.2952149999999847,2.7298090360144647,High-RE,6.3712505992554584,High-RE,FALSE
Full,2C,R10INDIA+,WITCH,187,165,121.008695,113.429315,7.5793800000000005,6.263500321195928,High-RE,6.3712505992554584,High-RE,FALSE
Full,2C,R10LATIN_AM,AIM,169,168,13.800635,15.5997925,-1.7991574999999997,-13.036773307894888,High-CDR,-10.771766335094135,High-CDR,FALSE
Full,2C,R10LATIN_AM,GCAM,186,168,14.100435000000001,15.6105975,-1.5101624999999999,-10.710041924238507,High-CDR,-10.771766335094135,High-CDR,FALSE
Full,2C,R10LATIN_AM,IMAGE,153,170,13.704915,15.6105975,-1.905682500000001,-13.905102658425834,High-CDR,-10.771766335094135,High-CDR,FALSE
Full,2C,R10LATIN_AM,MESSAGEix,117,151,17.04013,15.693215,1.346915000000001,7.904370447878044,High-RE,-10.771766335094135,High-CDR,TRUE
Full,2C,R10LATIN_AM,POLES,133,172,14.91302,15.629935,-0.7169150000000002,-4.807309317629831,High-CDR,-10.771766335094135,High-CDR,FALSE
Full,2C,R10LATIN_AM,REMIND,189,38,14.110035,14.27785,-0.16781500000000094,-1.1893308556640783,High-CDR,-10.771766335094135,High-CDR,FALSE
Full,2C,R10LATIN_AM,WITCH,187,165,14.106475,15.663805,-1.5573300000000003,-11.039823910650963,High-CDR,-10.771766335094135,High-CDR,FALSE
Full,2C,R10MIDDLE_EAST,AIM,169,168,47.27277,46.625855,0.6469149999999999,1.36847280157266,High-RE,0.6106147815050333,High-RE,FALSE
Full,2C,R10MIDDLE_EAST,GCAM,186,168,46.8117325,46.61803999999999,0.19369250000000449,0.4137691336247905,High-RE,0.6106147815050333,High-RE,FALSE
Full,2C,R10MIDDLE_EAST,IMAGE,153,170,47.02647,46.61803999999999,0.40843000000000984,0.8685108620740826,High-RE,0.6106147815050333,High-RE,FALSE
Full,2C,R10MIDDLE_EAST,MESSAGEix,117,151,43.62415,46.547435,-2.923285,-6.701070393348638,High-CDR,0.6106147815050333,High-RE,TRUE
Full,2C,R10MIDDLE_EAST,POLES,133,172,59.43065,46.60901,12.821640000000002,21.574120424393815,High-RE,0.6106147815050333,High-RE,FALSE
Full,2C,R10MIDDLE_EAST,REMIND,189,38,46.89536,57.826575000000005,-10.931215000000009,-23.30980079905562,High-CDR,0.6106147815050333,High-RE,TRUE
Full,2C,R10MIDDLE_EAST,WITCH,187,165,46.892815,46.591875,0.3009399999999971,0.6417614297627411,High-RE,0.6106147815050333,High-RE,FALSE
Full,2C,R10NORTH_AM,AIM,169,168,6.794725,8.92639,-2.131665,-31.372351346080965,High-CDR,-30.663623934726665,High-CDR,FALSE
Full,2C,R10NORTH_AM,GCAM,186,168,6.820365000000001,8.92639,-2.106024999999999,-30.878479377569953,High-CDR,-30.663623934726665,High-CDR,FALSE
Full,2C,R10NORTH_AM,IMAGE,153,170,6.76038,8.92639,-2.16601,-32.03976699534642,High-CDR,-30.663623934726665,High-CDR,FALSE
Full,2C,R10NORTH_AM,MESSAGEix,117,151,7.85526,8.94027,-1.0850099999999996,-13.812528165840464,High-CDR,-30.663623934726665,High-CDR,FALSE
Full,2C,R10NORTH_AM,POLES,133,172,7.352245,8.92639,-1.5741449999999997,-21.41039913659025,High-CDR,-30.663623934726665,High-CDR,FALSE
Full,2C,R10NORTH_AM,REMIND,189,38,6.83158,7.5226325,-0.6910525000000005,-10.115558919020206,High-CDR,-30.663623934726665,High-CDR,FALSE
Full,2C,R10NORTH_AM,WITCH,187,165,6.82216,8.92639,-2.1042299999999994,-30.844043528735757,High-CDR,-30.663623934726665,High-CDR,FALSE
Full,2C,R10PAC_OECD,AIM,169,168,5.517585,3.633605,1.8839800000000002,34.14501090603951,High-RE,35.08272224573131,High-RE,FALSE
Full,2C,R10PAC_OECD,GCAM,186,168,5.5963725,3.633605,1.9627675,35.07213824669462,High-RE,35.08272224573131,High-RE,FALSE
Full,2C,R10PAC_OECD,IMAGE,153,170,5.38731,3.6344875,1.7528225000000002,32.53613584516206,High-RE,35.08272224573131,High-RE,FALSE
Full,2C,R10PAC_OECD,MESSAGEix,117,151,5.73446,3.63127,2.10319,36.67633918450909,High-RE,35.08272224573131,High-RE,FALSE
Full,2C,R10PAC_OECD,POLES,133,172,5.809085,3.6358025,2.1732824999999996,37.41178688209933,High-RE,35.08272224573131,High-RE,FALSE
Full,2C,R10PAC_OECD,REMIND,189,38,5.60067,5.45151,0.14916000000000018,2.6632527893984146,High-RE,35.08272224573131,High-RE,FALSE
Full,2C,R10PAC_OECD,WITCH,187,165,5.620965,3.63313,1.987835,35.364657136274644,High-RE,35.08272224573131,High-RE,FALSE
Full,2C,R10REF_ECON,AIM,169,168,14.17889,13.260415,0.9184750000000008,6.477763774174147,High-RE,7.792189744149191,High-RE,FALSE
Full,2C,R10REF_ECON,GCAM,186,168,14.3560675,13.260415,1.0956525,7.631982087016517,High-RE,7.792189744149191,High-RE,FALSE
Full,2C,R10REF_ECON,IMAGE,153,170,14.1545,13.262005,0.8924950000000003,6.305379914514821,High-RE,7.792189744149191,High-RE,FALSE
Full,2C,R10REF_ECON,MESSAGEix,117,151,13.798935,13.224615,0.5743200000000002,4.162060332916998,High-RE,7.792189744149191,High-RE,FALSE
Full,2C,R10REF_ECON,POLES,133,172,14.657325,13.27017,1.387155,9.46390286085626,High-RE,7.792189744149191,High-RE,FALSE
Full,2C,R10REF_ECON,REMIND,189,38,14.39159,14.77489,-0.3832999999999984,-2.6633610323807058,High-CDR,7.792189744149191,High-RE,TRUE
Full,2C,R10REF_ECON,WITCH,187,165,14.367605,13.258825,1.1087799999999994,7.717222181428286,High-RE,7.792189744149191,High-RE,FALSE
Full,2C,R10REST_ASIA,AIM,169,168,58.47739,57.8320375,0.6453525000000013,1.103593200722538,High-RE,2.6786965981939184,High-RE,FALSE
Full,2C,R10REST_ASIA,GCAM,186,168,59.40902,57.8320375,1.5769824999999997,2.6544496105136894,High-RE,2.6786965981939184,High-RE,FALSE
Full,2C,R10REST_ASIA,IMAGE,153,170,57.834015,57.83849,-0.004474999999999341,-0.007737660959557002,High-CDR,2.6786965981939184,High-RE,TRUE
Full,2C,R10REST_ASIA,MESSAGEix,117,151,60.267065,57.893695,2.3733700000000013,3.938087909208788,High-RE,2.6786965981939184,High-RE,FALSE
Full,2C,R10REST_ASIA,POLES,133,172,60.882065,57.862415,3.0196499999999986,4.95983505158703,High-RE,2.6786965981939184,High-RE,FALSE
Full,2C,R10REST_ASIA,REMIND,189,38,59.455035,57.9220775,1.532957500000002,2.578347653819398,High-RE,2.6786965981939184,High-RE,FALSE
Full,2C,R10REST_ASIA,WITCH,187,165,59.52099,57.966665,1.5543249999999986,2.6113896963071324,High-RE,2.6786965981939184,High-RE,FALSE
SCI-vetted,All ambitions,Aggregated R10 regions,GCAM,69,62,420.124325,440.76525000000004,-20.64092500000004,-4.9130516306095915,High-CDR,-5.247704950195391,High-CDR,FALSE
SCI-vetted,All ambitions,Aggregated R10 regions,IMAGE,43,65,407.65341,442.093405,-34.43999500000001,-8.448351995878069,High-CDR,-5.247704950195391,High-CDR,FALSE
SCI-vetted,All ambitions,Aggregated R10 regions,MESSAGEix,69,66,420.124325,442.1323075,-22.007982500000026,-5.2384451911943035,High-CDR,-5.247704950195391,High-CDR,FALSE
SCI-vetted,All ambitions,Aggregated R10 regions,POLES,26,69,520.9916250000001,442.17121,78.82041500000014,15.128921698117532,High-RE,-5.247704950195391,High-CDR,TRUE
SCI-vetted,All ambitions,Aggregated R10 regions,REMIND,69,42,420.124325,442.928635,-22.804309999999987,-5.427990869131414,High-CDR,-5.247704950195391,High-CDR,FALSE
SCI-vetted,All ambitions,Aggregated R10 regions,WITCH,69,41,420.124325,451.85919,-31.734865000000013,-7.55368425763017,High-CDR,-5.247704950195391,High-CDR,FALSE
SCI-vetted,All ambitions,R10AFRICA,GCAM,69,62,73.7414,76.1605325,-2.4191325000000035,-3.2805622079320482,High-CDR,-6.483108538758428,High-CDR,FALSE
SCI-vetted,All ambitions,R10AFRICA,IMAGE,43,65,72.75155,78.63205,-5.880500000000012,-8.082989297135267,High-CDR,-6.483108538758428,High-CDR,FALSE
SCI-vetted,All ambitions,R10AFRICA,MESSAGEix,69,66,73.7414,78.64586249999999,-4.904462499999994,-6.650894205968417,High-CDR,-6.483108538758428,High-CDR,FALSE
SCI-vetted,All ambitions,R10AFRICA,POLES,26,69,77.36427,78.522135,-1.157865000000001,-1.4966405034261954,High-CDR,-6.483108538758428,High-CDR,FALSE
SCI-vetted,All ambitions,R10AFRICA,REMIND,69,42,73.7414,67.42376999999999,6.317630000000008,8.567276997724491,High-RE,-6.483108538758428,High-CDR,TRUE
SCI-vetted,All ambitions,R10AFRICA,WITCH,69,41,73.7414,78.904725,-5.163325,-7.001935140911347,High-CDR,-6.483108538758428,High-CDR,FALSE
SCI-vetted,All ambitions,R10CHINA+,GCAM,69,62,81.837665,92.16260750000001,-10.324942500000006,-12.616369858548635,High-CDR,-12.867406468647408,High-CDR,FALSE
SCI-vetted,All ambitions,R10CHINA+,IMAGE,43,65,78.61779,92.555285,-13.937494999999998,-17.728169413055237,High-CDR,-12.867406468647408,High-CDR,FALSE
SCI-vetted,All ambitions,R10CHINA+,MESSAGEix,69,66,81.837665,92.16260750000001,-10.324942500000006,-12.616369858548635,High-CDR,-12.867406468647408,High-CDR,FALSE
SCI-vetted,All ambitions,R10CHINA+,POLES,26,69,99.310075,92.36805,6.942025000000001,6.990252499557574,High-RE,-12.867406468647408,High-CDR,TRUE
SCI-vetted,All ambitions,R10CHINA+,REMIND,69,42,81.837665,94.40337,-12.565704999999994,-15.354427573171831,High-CDR,-12.867406468647408,High-CDR,FALSE
SCI-vetted,All ambitions,R10CHINA+,WITCH,69,41,81.837665,88.20026,-6.362594999999999,-7.77465363900595,High-CDR,-12.867406468647408,High-CDR,FALSE
SCI-vetted,All ambitions,R10EUROPE,GCAM,69,62,12.232365,17.778885000000002,-5.546520000000003,-45.342989683515846,High-CDR,-45.70800495243561,High-CDR,FALSE
SCI-vetted,All ambitions,R10EUROPE,IMAGE,43,65,12.036045,17.818885,-5.782840000000002,-48.04601511543038,High-CDR,-45.70800495243561,High-CDR,FALSE
SCI-vetted,All ambitions,R10EUROPE,MESSAGEix,69,66,12.232365,17.8272925,-5.594927499999999,-45.73872264275959,High-CDR,-45.70800495243561,High-CDR,FALSE
SCI-vetted,All ambitions,R10EUROPE,POLES,26,69,21.986829999999998,17.823535,4.163294999999998,18.935403602975047,High-RE,-45.70800495243561,High-CDR,TRUE
SCI-vetted,All ambitions,R10EUROPE,REMIND,69,42,12.232365,18.00085,-5.768485,-47.15756110940117,High-CDR,-45.70800495243561,High-CDR,FALSE
SCI-vetted,All ambitions,R10EUROPE,WITCH,69,41,12.232365,12.651685,-0.4193200000000008,-3.4279552645788516,High-CDR,-45.70800495243561,High-CDR,FALSE
SCI-vetted,All ambitions,R10INDIA+,GCAM,69,62,115.212715,95.9684125,19.244302500000003,16.70328010237412,High-RE,16.599005587187147,High-RE,FALSE
SCI-vetted,All ambitions,R10INDIA+,IMAGE,43,65,109.769475,96.073765,13.695710000000005,12.476792842454612,High-RE,16.599005587187147,High-RE,FALSE
SCI-vetted,All ambitions,R10INDIA+,MESSAGEix,69,66,115.212715,96.073765,19.13895000000001,16.611838372179676,High-RE,16.599005587187147,High-RE,FALSE
SCI-vetted,All ambitions,R10INDIA+,POLES,26,69,155.23187000000001,96.08855,59.14332000000002,38.09998552487966,High-RE,16.599005587187147,High-RE,FALSE
SCI-vetted,All ambitions,R10INDIA+,REMIND,69,42,115.212715,93.22845000000001,21.984264999999994,19.081457285335212,High-RE,16.599005587187147,High-RE,FALSE
SCI-vetted,All ambitions,R10INDIA+,WITCH,69,41,115.212715,108.78237,6.430345000000003,5.581280677223865,High-RE,16.599005587187147,High-RE,FALSE
SCI-vetted,All ambitions,R10LATIN_AM,GCAM,69,62,13.423695,15.402305,-1.9786099999999998,-14.739682330386676,High-CDR,-14.802369988293083,High-CDR,FALSE
SCI-vetted,All ambitions,R10LATIN_AM,IMAGE,43,65,13.310275,15.402855,-2.09258,-15.721538435531945,High-CDR,-14.802369988293083,High-CDR,FALSE
SCI-vetted,All ambitions,R10LATIN_AM,MESSAGEix,69,66,13.423695,15.4124325,-1.9887374999999992,-14.81512728052894,High-CDR,-14.802369988293083,High-CDR,FALSE
SCI-vetted,All ambitions,R10LATIN_AM,POLES,26,69,22.382847499999997,15.41072,6.972127499999997,31.14942144872317,High-RE,-14.802369988293083,High-CDR,TRUE
SCI-vetted,All ambitions,R10LATIN_AM,REMIND,69,42,13.423695,15.402305,-1.9786099999999998,-14.739682330386676,High-CDR,-14.802369988293083,High-CDR,FALSE
SCI-vetted,All ambitions,R10LATIN_AM,WITCH,69,41,13.423695,15.644565,-2.2208699999999997,-16.54440152282959,High-CDR,-14.802369988293083,High-CDR,FALSE
SCI-vetted,All ambitions,R10MIDDLE_EAST,GCAM,69,62,43.605375,55.152155,-11.546779999999998,-26.480175895746793,High-CDR,-14.828710910065547,High-CDR,FALSE
SCI-vetted,All ambitions,R10MIDDLE_EAST,IMAGE,43,65,43.3293,51.59405,-8.26475,-19.07427537486181,High-CDR,-14.828710910065547,High-CDR,FALSE
SCI-vetted,All ambitions,R10MIDDLE_EAST,MESSAGEix,69,66,43.605375,49.24402,-5.638644999999997,-12.93107787744056,High-CDR,-14.828710910065547,High-CDR,FALSE
SCI-vetted,All ambitions,R10MIDDLE_EAST,POLES,26,69,47.0313575,50.07149,-3.0401324999999986,-6.464054328008709,High-CDR,-14.828710910065547,High-CDR,FALSE
SCI-vetted,All ambitions,R10MIDDLE_EAST,REMIND,69,42,43.605375,68.02341,-24.418034999999996,-55.99776403711697,High-CDR,-14.828710910065547,High-CDR,FALSE
SCI-vetted,All ambitions,R10MIDDLE_EAST,WITCH,69,41,43.605375,46.817945,-3.2125699999999995,-7.367371568298632,High-CDR,-14.828710910065547,High-CDR,FALSE
SCI-vetted,All ambitions,R10NORTH_AM,GCAM,69,62,6.70137,10.546947500000002,-3.845577500000002,-57.38494516792838,High-CDR,-57.572183001386286,High-CDR,FALSE
SCI-vetted,All ambitions,R10NORTH_AM,IMAGE,43,65,6.54919,10.559875,-4.010685,-61.239405178350296,High-CDR,-57.572183001386286,High-CDR,FALSE
SCI-vetted,All ambitions,R10NORTH_AM,MESSAGEix,69,66,6.70137,10.560212499999999,-3.858842499999999,-57.582889767316225,High-CDR,-57.572183001386286,High-CDR,FALSE
SCI-vetted,All ambitions,R10NORTH_AM,POLES,26,69,10.69381,10.559495,0.13431499999999907,1.2560069797387374,High-RE,-57.572183001386286,High-CDR,TRUE
SCI-vetted,All ambitions,R10NORTH_AM,REMIND,69,42,6.70137,10.604115,-3.9027450000000004,-58.23801700249353,High-CDR,-57.572183001386286,High-CDR,FALSE
SCI-vetted,All ambitions,R10NORTH_AM,WITCH,69,41,6.70137,9.817225,-3.1158550000000007,-46.49579115912121,High-CDR,-57.572183001386286,High-CDR,FALSE
SCI-vetted,All ambitions,R10PAC_OECD,GCAM,69,62,4.495145,5.27101,-0.7758650000000005,-17.260066138022253,High-CDR,-17.287762686186994,High-CDR,FALSE
SCI-vetted,All ambitions,R10PAC_OECD,IMAGE,43,65,4.42293,5.27192,-0.8489899999999997,-19.195194136013903,High-CDR,-17.287762686186994,High-CDR,FALSE
SCI-vetted,All ambitions,R10PAC_OECD,MESSAGEix,69,66,4.495145,5.271965,-0.7768199999999998,-17.28131128139359,High-CDR,-17.287762686186994,High-CDR,FALSE
SCI-vetted,All ambitions,R10PAC_OECD,POLES,26,69,6.165635,5.272255,0.8933799999999996,14.489667325425518,High-RE,-17.287762686186994,High-CDR,TRUE
SCI-vetted,All ambitions,R10PAC_OECD,REMIND,69,42,4.495145,5.3285800000000005,-0.8334350000000006,-18.54078122062805,High-CDR,-17.287762686186994,High-CDR,FALSE
SCI-vetted,All ambitions,R10PAC_OECD,WITCH,69,41,4.495145,3.74459,0.7505549999999999,16.69701422312294,High-RE,-17.287762686186994,High-CDR,TRUE
SCI-vetted,All ambitions,R10REF_ECON,GCAM,69,62,13.31229,14.922957499999999,-1.6106674999999981,-12.099101657190445,High-CDR,-14.276394219176403,High-CDR,FALSE
SCI-vetted,All ambitions,R10REF_ECON,IMAGE,43,65,13.156545,15.32062,-2.1640750000000004,-16.44865730326617,High-CDR,-14.276394219176403,High-CDR,FALSE
SCI-vetted,All ambitions,R10REF_ECON,MESSAGEix,69,66,13.31229,15.2667125,-1.9544224999999997,-14.681339574182951,High-CDR,-14.276394219176403,High-CDR,FALSE
SCI-vetted,All ambitions,R10REF_ECON,POLES,26,69,14.691894999999999,15.212805,-0.5209100000000007,-3.545560324246809,High-CDR,-14.276394219176403,High-CDR,FALSE
SCI-vetted,All ambitions,R10REF_ECON,REMIND,69,42,13.31229,16.5954025,-3.283112499999998,-24.662266972849885,High-CDR,-14.276394219176403,High-CDR,FALSE
SCI-vetted,All ambitions,R10REF_ECON,WITCH,69,41,13.31229,13.554465,-0.24217499999999959,-1.819183626558613,High-CDR,-14.276394219176403,High-CDR,FALSE
SCI-vetted,All ambitions,R10REST_ASIA,GCAM,69,62,56.248365,55.008390000000006,1.239974999999994,2.2044640764224774,High-RE,1.9740840467096288,High-RE,FALSE
SCI-vetted,All ambitions,R10REST_ASIA,IMAGE,43,65,54.41549,55.056995,-0.6415050000000022,-1.1789014488337828,High-CDR,1.9740840467096288,High-RE,TRUE
SCI-vetted,All ambitions,R10REST_ASIA,MESSAGEix,69,66,56.248365,55.0730025,1.1753624999999985,2.0895940708676575,High-RE,1.9740840467096288,High-RE,FALSE
SCI-vetted,All ambitions,R10REST_ASIA,POLES,26,69,67.33524249999999,55.137975,12.197267499999995,18.114240102424816,High-RE,1.9740840467096288,High-RE,FALSE
SCI-vetted,All ambitions,R10REST_ASIA,REMIND,69,42,56.248365,52.35789,3.890475000000002,6.916601042536974,High-RE,1.9740840467096288,High-RE,FALSE
SCI-vetted,All ambitions,R10REST_ASIA,WITCH,69,41,56.248365,59.82404,-3.575674999999997,-6.35694033062116,High-CDR,1.9740840467096288,High-RE,TRUE
SCI-vetted,1.5C,Aggregated R10 regions,GCAM,6,4,481.9203375,411.99061,69.92972750000001,14.510640464514534,High-RE,11.118371820114362,High-RE,FALSE
SCI-vetted,1.5C,Aggregated R10 regions,IMAGE,2,5,393.3719225,412.991225,-19.619302500000003,-4.9874689518543365,High-CDR,11.118371820114362,High-RE,TRUE
SCI-vetted,1.5C,Aggregated R10 regions,POLES,4,6,520.4065949999999,428.3386425,92.06795249999993,17.691542225747533,High-RE,11.118371820114362,High-RE,FALSE
SCI-vetted,1.5C,Aggregated R10 regions,REMIND,6,3,481.9203375,451.85919,30.061147500000004,6.237783542388892,High-RE,11.118371820114362,High-RE,FALSE
SCI-vetted,1.5C,R10AFRICA,GCAM,6,4,78.6303025,78.59090499999999,0.03939750000000686,0.05010472902607345,High-RE,-0.037355191403459,High-CDR,TRUE
SCI-vetted,1.5C,R10AFRICA,IMAGE,2,5,70.95993999999999,78.659675,-7.699735000000004,-10.850819490546364,High-CDR,-0.037355191403459,High-CDR,FALSE
SCI-vetted,1.5C,R10AFRICA,POLES,4,6,84.3068025,78.659675,5.6471275000000105,6.698305869209084,High-RE,-0.037355191403459,High-CDR,TRUE
SCI-vetted,1.5C,R10AFRICA,REMIND,6,3,78.6303025,81.344555,-2.7142525000000006,-3.4519166449855647,High-CDR,-0.037355191403459,High-CDR,FALSE
SCI-vetted,1.5C,R10CHINA+,GCAM,6,4,89.5881775,82.41145,7.176727499999998,8.010797518456046,High-RE,3.48703376625783,High-RE,FALSE
SCI-vetted,1.5C,R10CHINA+,IMAGE,2,5,74.97582,83.97431,-8.998490000000004,-12.001856065062048,High-CDR,3.48703376625783,High-RE,TRUE
SCI-vetted,1.5C,R10CHINA+,POLES,4,6,94.0979925,86.4642075,7.633785000000003,8.112590712283264,High-RE,3.48703376625783,High-RE,FALSE
SCI-vetted,1.5C,R10CHINA+,REMIND,6,3,89.5881775,89.119805,0.46837250000000097,0.5228061481661472,High-RE,3.48703376625783,High-RE,FALSE
SCI-vetted,1.5C,R10EUROPE,GCAM,6,4,16.675512500000004,13.814824999999999,2.8606875000000045,17.155019973149276,High-RE,-2.2838428504071246,High-CDR,TRUE
SCI-vetted,1.5C,R10EUROPE,IMAGE,2,5,11.84294,15.693855,-3.8509149999999988,-32.516545722599275,High-CDR,-2.2838428504071246,High-CDR,FALSE
SCI-vetted,1.5C,R10EUROPE,POLES,4,6,20.630945,17.056355,3.5745900000000006,17.326351265053543,High-RE,-2.2838428504071246,High-CDR,TRUE
SCI-vetted,1.5C,R10EUROPE,REMIND,6,3,16.675512500000004,18.6016,-1.9260874999999977,-11.550394628051144,High-CDR,-2.2838428504071246,High-CDR,FALSE
SCI-vetted,1.5C,R10INDIA+,GCAM,6,4,136.3275325,95.86377999999999,40.4637525,29.68127696435788,High-RE,26.554828533994034,High-RE,FALSE
SCI-vetted,1.5C,R10INDIA+,IMAGE,2,5,103.17561,95.959835,7.215775000000008,6.993682906260508,High-RE,26.554828533994034,High-RE,FALSE
SCI-vetted,1.5C,R10INDIA+,POLES,4,6,149.97499499999998,100.12599,49.84900499999998,33.23821080974197,High-RE,26.554828533994034,High-RE,FALSE
SCI-vetted,1.5C,R10INDIA+,REMIND,6,3,136.3275325,108.78237,27.54516249999999,20.205135378651402,High-RE,26.554828533994034,High-RE,FALSE
SCI-vetted,1.5C,R10LATIN_AM,GCAM,6,4,22.340055,16.07341,6.2666450000000005,28.05116191522358,High-RE,28.949413956232423,High-RE,FALSE
SCI-vetted,1.5C,R10LATIN_AM,IMAGE,2,5,13.18129,15.869445,-2.688155,-20.393717155149456,High-CDR,28.949413956232423,High-RE,TRUE
SCI-vetted,1.5C,R10LATIN_AM,POLES,4,6,23.1917275,15.87274,7.318987499999999,31.558612871766446,High-RE,28.949413956232423,High-RE,FALSE
SCI-vetted,1.5C,R10LATIN_AM,REMIND,6,3,22.340055,15.4533,6.886754999999999,30.826938429650237,High-RE,28.949413956232423,High-RE,FALSE
SCI-vetted,1.5C,R10MIDDLE_EAST,GCAM,6,4,43.195584999999994,46.572779999999995,-3.3771950000000004,-7.8183800497203615,High-CDR,-5.922480272000024,High-CDR,FALSE
SCI-vetted,1.5C,R10MIDDLE_EAST,IMAGE,2,5,42.87555,46.55683,-3.681280000000001,-8.585965661081902,High-CDR,-5.922480272000024,High-CDR,FALSE
SCI-vetted,1.5C,R10MIDDLE_EAST,POLES,4,6,44.66684,45.753834999999995,-1.0869949999999946,-2.4335614518510704,High-CDR,-5.922480272000024,High-CDR,FALSE
SCI-vetted,1.5C,R10MIDDLE_EAST,REMIND,6,3,43.195584999999994,44.78591,-1.590325000000007,-3.6816841350800256,High-CDR,-5.922480272000024,High-CDR,FALSE
SCI-vetted,1.5C,R10NORTH_AM,GCAM,6,4,7.81337,9.43355,-1.6201800000000004,-20.735994839614666,High-CDR,-27.115284441924548,High-CDR,FALSE
SCI-vetted,1.5C,R10NORTH_AM,IMAGE,2,5,6.46388,9.93086,-3.4669799999999995,-53.63620611768783,High-CDR,-27.115284441924548,High-CDR,FALSE
SCI-vetted,1.5C,R10NORTH_AM,POLES,4,6,10.097985,9.9319875,0.16599749999999958,1.6438675636773037,High-RE,-27.115284441924548,High-CDR,TRUE
SCI-vetted,1.5C,R10NORTH_AM,REMIND,6,3,7.81337,11.61245,-3.799080000000001,-48.62280936394924,High-CDR,-27.115284441924548,High-CDR,FALSE
SCI-vetted,1.5C,R10PAC_OECD,GCAM,6,4,5.8691075,3.6866075,2.1825,37.186233170886716,High-RE,18.460089545131016,High-RE,FALSE
SCI-vetted,1.5C,R10PAC_OECD,IMAGE,2,5,4.32122,3.74688,0.5743400000000003,13.291153887096705,High-RE,18.460089545131016,High-RE,FALSE
SCI-vetted,1.5C,R10PAC_OECD,POLES,4,6,6.0128725,4.785665,1.2272075000000005,20.409671084826766,High-RE,18.460089545131016,High-RE,FALSE
SCI-vetted,1.5C,R10PAC_OECD,REMIND,6,3,5.8691075,5.88055,-0.011442500000000244,-0.19496149968287757,High-CDR,18.460089545131016,High-RE,TRUE
SCI-vetted,1.5C,R10REF_ECON,GCAM,6,4,13.541284999999998,13.587115,-0.04583000000000226,-0.33844646206030127,High-CDR,-2.1440173513813634,High-CDR,FALSE
SCI-vetted,1.5C,R10REF_ECON,IMAGE,2,5,13.00148,13.722405,-0.7209249999999994,-5.544945652341114,High-CDR,-2.1440173513813634,High-CDR,FALSE
SCI-vetted,1.5C,R10REF_ECON,POLES,4,6,14.10518,13.8316125,0.2735675000000004,1.9394825163521514,High-RE,-2.1440173513813634,High-CDR,TRUE
SCI-vetted,1.5C,R10REF_ECON,REMIND,6,3,13.541284999999998,15.03955,-1.4982650000000017,-11.064422615726661,High-CDR,-2.1440173513813634,High-CDR,FALSE
SCI-vetted,1.5C,R10REST_ASIA,GCAM,6,4,68.082905,55.097485,12.985419999999998,19.072952307190768,High-RE,17.141920574628823,High-RE,FALSE
SCI-vetted,1.5C,R10REST_ASIA,IMAGE,2,5,52.574192499999995,55.137975,-2.563782500000002,-4.876503809354756,High-CDR,17.141920574628823,High-RE,TRUE
SCI-vetted,1.5C,R10REST_ASIA,POLES,4,6,73.32125500000001,56.4121875,16.909067500000006,23.061617671437844,High-RE,17.141920574628823,High-RE,FALSE
SCI-vetted,1.5C,R10REST_ASIA,REMIND,6,3,68.082905,59.82404,8.258865,12.130600185171302,High-RE,17.141920574628823,High-RE,FALSE
SCI-vetted,2C,Aggregated R10 regions,GCAM,63,58,419.717675,441.4710625,-21.75338750000003,-5.182861908305394,High-CDR,-5.349675826732812,High-CDR,FALSE
SCI-vetted,2C,Aggregated R10 regions,IMAGE,41,60,410.06586,442.093405,-32.02754500000003,-7.810341733886364,High-CDR,-5.349675826732812,High-CDR,FALSE
SCI-vetted,2C,Aggregated R10 regions,MESSAGEix,63,60,419.717675,442.1323075,-22.41463250000004,-5.340407096270139,High-CDR,-5.349675826732812,High-CDR,FALSE
SCI-vetted,2C,Aggregated R10 regions,POLES,22,63,520.9916250000001,442.17121,78.82041500000014,15.128921698117532,High-RE,-5.349675826732812,High-CDR,TRUE
SCI-vetted,2C,Aggregated R10 regions,REMIND,63,39,419.717675,442.17121,-22.453534999999988,-5.349675826732812,High-CDR,-5.349675826732812,High-CDR,FALSE
SCI-vetted,2C,Aggregated R10 regions,WITCH,63,35,419.717675,456.750175,-37.03250000000003,-8.823192876020775,High-CDR,-5.349675826732812,High-CDR,FALSE
SCI-vetted,2C,R10AFRICA,GCAM,63,58,73.7414,74.74360999999999,-1.002209999999991,-1.359087296959362,High-CDR,-6.046542376466948,High-CDR,FALSE
SCI-vetted,2C,R10AFRICA,IMAGE,41,60,72.94773,75.12715750000001,-2.1794275000000027,-2.9876563671001173,High-CDR,-6.046542376466948,High-CDR,FALSE
SCI-vetted,2C,R10AFRICA,MESSAGEix,63,60,73.7414,78.4568075,-4.715407499999998,-6.39451854724754,High-CDR,-6.046542376466948,High-CDR,FALSE
SCI-vetted,2C,R10AFRICA,POLES,22,63,76.885445,78.200205,-1.3147599999999926,-1.7100245696698413,High-CDR,-6.046542376466948,High-CDR,FALSE
SCI-vetted,2C,R10AFRICA,REMIND,63,39,73.7414,67.4155,6.325900000000004,8.578491864814072,High-RE,-6.046542376466948,High-CDR,TRUE
SCI-vetted,2C,R10AFRICA,WITCH,63,35,73.7414,78.917735,-5.176334999999995,-7.019577876199794,High-CDR,-6.046542376466948,High-CDR,FALSE
SCI-vetted,2C,R10CHINA+,GCAM,63,58,81.144235,92.4616675,-11.31743250000001,-13.947303218768418,High-CDR,-14.414739383518747,High-CDR,FALSE
SCI-vetted,2C,R10CHINA+,IMAGE,41,60,78.76173,92.91892,-14.15719,-17.974706751616555,High-CDR,-14.414739383518747,High-CDR,FALSE
SCI-vetted,2C,R10CHINA+,MESSAGEix,63,60,81.144235,92.56620749999999,-11.421972499999995,-14.076135538156217,High-CDR,-14.414739383518747,High-CDR,FALSE
SCI-vetted,2C,R10CHINA+,POLES,22,63,99.84684250000001,92.840965,7.005877500000011,7.016623985881186,High-RE,-14.414739383518747,High-CDR,TRUE
SCI-vetted,2C,R10CHINA+,REMIND,63,39,81.144235,94.543625,-13.399390000000011,-16.51305234438406,High-CDR,-14.414739383518747,High-CDR,FALSE
SCI-vetted,2C,R10CHINA+,WITCH,63,35,81.144235,88.20026,-7.056025000000005,-8.69565779996571,High-CDR,-14.414739383518747,High-CDR,FALSE
SCI-vetted,2C,R10EUROPE,GCAM,63,58,12.21634,17.804145,-5.587804999999998,-45.74041816124958,High-CDR,-45.89914000428933,High-CDR,FALSE
SCI-vetted,2C,R10EUROPE,IMAGE,41,60,12.066905,17.82121,-5.7543050000000004,-47.68666861966677,High-CDR,-45.89914000428933,High-CDR,FALSE
SCI-vetted,2C,R10EUROPE,MESSAGEix,63,60,12.21634,17.8272925,-5.610952499999998,-45.92989798908673,High-CDR,-45.89914000428933,High-CDR,FALSE
SCI-vetted,2C,R10EUROPE,POLES,22,63,21.986829999999998,17.823535,4.163294999999998,18.935403602975047,High-RE,-45.89914000428933,High-CDR,TRUE
SCI-vetted,2C,R10EUROPE,REMIND,63,39,12.21634,17.971865,-5.7555250000000004,-47.113333453391114,High-CDR,-45.89914000428933,High-CDR,FALSE
SCI-vetted,2C,R10EUROPE,WITCH,63,35,12.21634,12.651685,-0.43534499999999987,-3.563628713673652,High-CDR,-45.89914000428933,High-CDR,FALSE
SCI-vetted,2C,R10INDIA+,GCAM,63,58,114.354115,96.02537749999999,18.328737500000003,16.02805242294954,High-RE,15.972809548655066,High-RE,FALSE
SCI-vetted,2C,R10INDIA+,IMAGE,41,60,110.227135,96.073765,14.15337000000001,12.840186765264296,High-RE,15.972809548655066,High-RE,FALSE
SCI-vetted,2C,R10INDIA+,MESSAGEix,63,60,114.354115,96.073765,18.28035,15.98573868548587,High-RE,15.972809548655066,High-RE,FALSE
SCI-vetted,2C,R10INDIA+,POLES,22,63,155.23187000000001,96.08855,59.14332000000002,38.09998552487966,High-RE,15.972809548655066,High-RE,FALSE
SCI-vetted,2C,R10INDIA+,REMIND,63,39,114.354115,93.17033,21.183784999999986,18.524724711480637,High-RE,15.972809548655066,High-RE,FALSE
SCI-vetted,2C,R10INDIA+,WITCH,63,35,114.354115,111.833015,2.52109999999999,2.204643007381055,High-RE,15.972809548655066,High-RE,FALSE
SCI-vetted,2C,R10LATIN_AM,GCAM,63,58,13.419615,15.39014,-1.9705250000000003,-14.683916043791125,High-CDR,-14.77866540880644,High-CDR,FALSE
SCI-vetted,2C,R10LATIN_AM,IMAGE,41,60,13.312265,15.3959475,-2.0836825,-15.652351421790359,High-CDR,-14.77866540880644,High-CDR,FALSE
SCI-vetted,2C,R10LATIN_AM,MESSAGEix,63,60,13.419615,15.4067875,-1.9871724999999998,-14.80796952818691,High-CDR,-14.77866540880644,High-CDR,FALSE
SCI-vetted,2C,R10LATIN_AM,POLES,22,63,22.2724275,15.402855,6.8695724999999985,30.843393698329464,High-RE,-14.77866540880644,High-CDR,TRUE
SCI-vetted,2C,R10LATIN_AM,REMIND,63,39,13.419615,15.401755,-1.9821399999999993,-14.77046845233637,High-CDR,-14.77866540880644,High-CDR,FALSE
SCI-vetted,2C,R10LATIN_AM,WITCH,63,35,13.419615,15.593695,-2.17408,-16.20076283857622,High-CDR,-14.77866540880644,High-CDR,FALSE
SCI-vetted,2C,R10MIDDLE_EAST,GCAM,63,58,43.636585,58.39774,-14.761155000000002,-33.82747527103692,High-CDR,-19.29181671755479,High-CDR,FALSE
SCI-vetted,2C,R10MIDDLE_EAST,IMAGE,41,60,43.35673,58.284255,-14.927525000000003,-34.42954530934414,High-CDR,-19.29181671755479,High-CDR,FALSE
SCI-vetted,2C,R10MIDDLE_EAST,MESSAGEix,63,60,43.636585,51.452345,-7.8157600000000045,-17.91102580552535,High-CDR,-19.29181671755479,High-CDR,FALSE
SCI-vetted,2C,R10MIDDLE_EAST,POLES,22,63,47.21089,52.054875,-4.8439850000000035,-10.26031282189343,High-CDR,-19.29181671755479,High-CDR,FALSE
SCI-vetted,2C,R10MIDDLE_EAST,REMIND,63,39,43.636585,68.07422,-24.437635,-56.00262944499438,High-CDR,-19.29181671755479,High-CDR,FALSE
SCI-vetted,2C,R10MIDDLE_EAST,WITCH,63,35,43.636585,46.83738,-3.2007950000000065,-7.335117997891005,High-CDR,-19.29181671755479,High-CDR,FALSE
SCI-vetted,2C,R10NORTH_AM,GCAM,63,58,6.70137,10.5506025,-3.8492325000000003,-57.43948625430323,High-CDR,-57.57785348369065,High-CDR,FALSE
SCI-vetted,2C,R10NORTH_AM,IMAGE,41,60,6.56489,10.560212499999999,-3.9953224999999986,-60.858940515377995,High-CDR,-57.57785348369065,High-CDR,FALSE
SCI-vetted,2C,R10NORTH_AM,MESSAGEix,63,60,6.70137,10.57101,-3.8696399999999995,-57.74401353753038,High-CDR,-57.57785348369065,High-CDR,FALSE
SCI-vetted,2C,R10NORTH_AM,POLES,22,63,10.69381,10.559875,0.13393499999999925,1.2524535221777764,High-RE,-57.57785348369065,High-CDR,TRUE
SCI-vetted,2C,R10NORTH_AM,REMIND,63,39,6.70137,10.604115,-3.9027450000000004,-58.23801700249353,High-CDR,-57.57785348369065,High-CDR,FALSE
SCI-vetted,2C,R10NORTH_AM,WITCH,63,35,6.70137,9.470455,-2.7690849999999996,-41.32117760995139,High-CDR,-57.57785348369065,High-CDR,FALSE
SCI-vetted,2C,R10PAC_OECD,GCAM,63,58,4.47825,5.271465,-0.793215,-17.712610952939205,High-CDR,-17.730251772455762,High-CDR,FALSE
SCI-vetted,2C,R10PAC_OECD,IMAGE,41,60,4.42293,5.271965,-0.8490349999999998,-19.19621156111446,High-CDR,-17.730251772455762,High-CDR,FALSE
SCI-vetted,2C,R10PAC_OECD,MESSAGEix,63,60,4.47825,5.271965,-0.7937149999999997,-17.723776028582588,High-CDR,-17.730251772455762,High-CDR,FALSE
SCI-vetted,2C,R10PAC_OECD,POLES,22,63,6.1757775,5.272255,0.9035224999999993,14.630101230168986,High-RE,-17.730251772455762,High-CDR,TRUE
SCI-vetted,2C,R10PAC_OECD,REMIND,63,39,4.47825,5.311775,-0.8335249999999998,-18.612739351309102,High-CDR,-17.730251772455762,High-CDR,FALSE
SCI-vetted,2C,R10PAC_OECD,WITCH,63,35,4.47825,3.74459,0.73366,16.382738793055324,High-RE,-17.730251772455762,High-CDR,TRUE
SCI-vetted,2C,R10REF_ECON,GCAM,63,58,13.29234,15.167132500000001,-1.8747925000000016,-14.104307443234235,High-CDR,-17.591936408487904,High-CDR,FALSE
SCI-vetted,2C,R10REF_ECON,IMAGE,41,60,13.188415000000001,15.954252499999999,-2.765837499999998,-20.97172025599739,High-CDR,-17.591936408487904,High-CDR,FALSE
SCI-vetted,2C,R10REF_ECON,MESSAGEix,63,60,13.29234,15.954252499999999,-2.6619124999999997,-20.025913420812287,High-CDR,-17.591936408487904,High-CDR,FALSE
SCI-vetted,2C,R10REF_ECON,POLES,22,63,14.7101,15.63072,-0.9206199999999995,-6.258421084832866,High-CDR,-17.591936408487904,High-CDR,FALSE
SCI-vetted,2C,R10REF_ECON,REMIND,63,39,13.29234,16.61686,-3.3245199999999997,-25.010795691353067,High-CDR,-17.591936408487904,High-CDR,FALSE
SCI-vetted,2C,R10REF_ECON,WITCH,63,35,13.29234,13.554465,-0.26212500000000105,-1.9720004152767765,High-CDR,-17.591936408487904,High-CDR,FALSE
SCI-vetted,2C,R10REST_ASIA,GCAM,63,58,55.98183,54.945657499999996,1.0361725000000064,1.8509085894476947,High-RE,1.59483889683492,High-RE,FALSE
SCI-vetted,2C,R10REST_ASIA,IMAGE,41,60,54.92546,55.008390000000006,-0.08293000000000461,-0.15098644599427044,High-CDR,1.59483889683492,High-RE,TRUE
SCI-vetted,2C,R10REST_ASIA,MESSAGEix,63,60,55.98183,55.008390000000006,0.9734399999999965,1.7388499089793894,High-RE,1.59483889683492,High-RE,FALSE
SCI-vetted,2C,R10REST_ASIA,POLES,22,63,66.707795,55.08901,11.618785000000003,17.417432250608798,High-RE,1.59483889683492,High-RE,FALSE
SCI-vetted,2C,R10REST_ASIA,REMIND,63,39,55.98183,52.33421,3.6476200000000034,6.51572126170224,High-RE,1.59483889683492,High-RE,FALSE
SCI-vetted,2C,R10REST_ASIA,WITCH,63,35,55.98183,60.70741,-4.725580000000001,-8.441274606421407,High-CDR,1.59483889683492,High-RE,TRUE
