database,ambition_view,Region,n_comparable_cells,n_robust_cells,matched_cell_mean_pct,matched_cell_median_pct,robust_matched_cell_mean_pct,robust_matched_cell_median_pct,cells_favour_re,cells_favour_cdr,robust_cells_favour_re,robust_cells_favour_cdr,total_cdr_support,total_re_support
Full,All ambitions,Aggregated R10 regions,7,3,2.9141457255704397,3.23815625516348,3.4919673111554914,3.7385017054392846,5,2,3,0,103,29
Full,All ambitions,R10AFRICA,7,3,1.3769601559818714,1.835842769874755,0.8135544468644348,1.835842769874755,4,3,2,1,103,29
Full,All ambitions,R10CHINA+,7,3,2.3118967027441095,2.839110775539702,4.046714521215095,4.50357072054416,5,2,3,0,103,29
Full,All ambitions,R10EUROPE,7,3,4.857551374438703,4.208433240546965,5.430531480854329,5.472948381356661,6,1,3,0,103,29
Full,All ambitions,R10INDIA+,7,3,4.132401256685305,3.2813786228211415,5.4713220184804126,5.909066607801009,5,2,3,0,103,29
Full,All ambitions,R10LATIN_AM,7,3,1.3042120271558486,1.1939450773431504,0.8182066992037267,0.6908674825268694,6,1,3,0,103,29
Full,All ambitions,R10MIDDLE_EAST,7,3,3.2145777171564403,3.137191256411808,3.5807410359876184,3.137191256411808,7,0,3,0,103,29
Full,All ambitions,R10NORTH_AM,7,3,0.92042646559899155,2.877105272194301,2.190366950545754,2.877105272194301,6,1,3,0,103,29
Full,All ambitions,R10PAC_OECD,7,3,3.6359032188867273,1.7763903039671851,3.7183128625502353,2.826431947816985,6,1,3,0,103,29
Full,All ambitions,R10REF_ECON,7,3,1.0244284477807029,1.0562667040771245,0.89847612918021,1.2246072880701029,5,2,2,1,103,29
Full,All ambitions,R10REST_ASIA,7,3,2.192599616677326,2.84180696552272,2.751088601350406,2.84180696552272,5,2,3,0,103,29
Full,1.5C,Aggregated R10 regions,1,1,4.3902816622473795,4.3902816622473795,4.3902816622473795,4.3902816622473795,1,0,1,0,6,3
Full,1.5C,R10AFRICA,1,1,1.835842769874755,1.835842769874755,1.835842769874755,1.835842769874755,1,0,1,0,6,3
Full,1.5C,R10CHINA+,1,1,4.50357072054416,4.50357072054416,4.50357072054416,4.50357072054416,1,0,1,0,6,3
Full,1.5C,R10EUROPE,1,1,6.6102128206593616,6.6102128206593616,6.6102128206593616,6.6102128206593616,1,0,1,0,6,3
Full,1.5C,R10INDIA+,1,1,5.909066607801009,5.909066607801009,5.909066607801009,5.909066607801009,1,0,1,0,6,3
Full,1.5C,R10LATIN_AM,1,1,1.4867595523400445,1.4867595523400445,1.4867595523400445,1.4867595523400445,1,0,1,0,6,3
Full,1.5C,R10MIDDLE_EAST,1,1,6.392079235653065,6.392079235653065,6.392079235653065,6.392079235653065,1,0,1,0,6,3
Full,1.5C,R10NORTH_AM,1,1,3.2138403101679844,3.2138403101679844,3.2138403101679844,3.2138403101679844,1,0,1,0,6,3
Full,1.5C,R10PAC_OECD,1,1,8.256014557610587,8.256014557610587,8.256014557610587,8.256014557610587,1,0,1,0,6,3
Full,1.5C,R10REF_ECON,1,1,2.4662406836566793,2.4662406836566793,2.4662406836566793,2.4662406836566793,1,0,1,0,6,3
Full,1.5C,R10REST_ASIA,1,1,2.84180696552272,2.84180696552272,2.84180696552272,2.84180696552272,1,0,1,0,6,3
Full,2C,Aggregated R10 regions,6,2,2.6681230694576166,2.792637410471645,3.0428101356095474,3.0428101356095474,4,2,2,0,97,26
Full,2C,R10AFRICA,6,2,1.3004797203330574,0.8829361748147108,0.3024102853592746,0.3024102853592746,3,3,1,1,97,26
Full,2C,R10CHINA+,6,2,1.9466176997774343,2.5737615427081124,3.818286421550562,3.818286421550562,4,2,2,0,97,26
Full,2C,R10EUROPE,6,2,4.565441133401927,3.9544823647278173,4.840690810951813,4.840690810951813,5,1,2,0,97,26
Full,2C,R10INDIA+,6,2,3.8362903648326876,2.1567061713810194,5.2524497238201135,5.2524497238201135,4,2,2,0,97,26
Full,2C,R10LATIN_AM,6,2,1.2737874396251494,0.9424062799350099,0.48393027263556765,0.48393027263556765,5,1,2,0,97,26
Full,2C,R10MIDDLE_EAST,6,2,2.6849941307403364,2.198178251842301,2.1750719361548954,2.1750719361548954,6,0,2,0,97,26
Full,2C,R10NORTH_AM,6,2,0.5381908248374927,2.2870699468687348,1.6786302707346388,1.6786302707346388,5,1,2,0,97,26
Full,2C,R10PAC_OECD,6,2,2.8658846624327503,1.7101254100367513,1.449462015020059,1.449462015020059,5,1,2,0,97,26
Full,2C,R10REF_ECON,6,2,0.78412640846804,0.9983396315710527,0.11459385194197547,0.11459385194197547,4,2,1,1,97,26
Full,2C,R10REST_ASIA,6,2,2.0843983918697604,2.534382669960321,2.705729419264249,2.705729419264249,4,2,2,0,97,26
SCI-vetted,All ambitions,Aggregated R10 regions,2,1,9.693540564737098,9.693540564737098,8.854903880644379,8.854903880644379,2,0,1,0,10,4
SCI-vetted,All ambitions,R10AFRICA,2,1,8.759994759444027,8.759994759444027,8.682123203177643,8.682123203177643,2,0,1,0,10,4
SCI-vetted,All ambitions,R10CHINA+,2,1,6.8192675897538395,6.8192675897538395,8.172013138668174,8.172013138668174,2,0,1,0,10,4
SCI-vetted,All ambitions,R10EUROPE,2,1,7.700797820614497,7.700797820614497,12.417389149475943,12.417389149475943,2,0,1,0,10,4
SCI-vetted,All ambitions,R10INDIA+,2,1,13.113065938049667,13.113065938049667,6.417456436570248,6.417456436570248,2,0,1,0,10,4
SCI-vetted,All ambitions,R10LATIN_AM,2,1,2.039791586183555,2.039791586183555,3.4589631689628866,3.4589631689628866,2,0,1,0,10,4
SCI-vetted,All ambitions,R10MIDDLE_EAST,2,1,1.77511002867119,1.77511002867119,2.545492613001121,2.545492613001121,2,0,1,0,10,4
SCI-vetted,All ambitions,R10NORTH_AM,2,1,6.5283235999379015,6.5283235999379015,11.423945230126405,11.423945230126405,2,0,1,0,10,4
SCI-vetted,All ambitions,R10PAC_OECD,2,1,2.902076477711774,2.902076477711774,3.6395053597860194,3.6395053597860194,2,0,1,0,10,4
SCI-vetted,All ambitions,R10REF_ECON,2,1,2.168360690453224,2.168360690453224,3.1714757052043283,3.1714757052043283,2,0,1,0,10,4
SCI-vetted,All ambitions,R10REST_ASIA,2,1,10.381239743604134,10.381239743604134,5.978901382878207,5.978901382878207,2,0,1,0,10,4
SCI-vetted,1.5C,Aggregated R10 regions,1,0,10.532177248829816,10.532177248829816,NA,NA,1,0,0,0,4,1
SCI-vetted,1.5C,R10AFRICA,1,0,8.837866315710412,8.837866315710412,NA,NA,1,0,0,0,4,1
SCI-vetted,1.5C,R10CHINA+,1,0,5.466522040839505,5.466522040839505,NA,NA,1,0,0,0,4,1
SCI-vetted,1.5C,R10EUROPE,1,0,2.984206491753051,2.984206491753051,NA,NA,1,0,0,0,4,1
SCI-vetted,1.5C,R10INDIA+,1,0,19.808675439529086,19.808675439529086,NA,NA,1,0,0,0,4,1
SCI-vetted,1.5C,R10LATIN_AM,1,0,0.6206200034042235,0.6206200034042235,NA,NA,1,0,0,0,4,1
SCI-vetted,1.5C,R10MIDDLE_EAST,1,0,1.0047274443412593,1.0047274443412593,NA,NA,1,0,0,0,4,1
SCI-vetted,1.5C,R10NORTH_AM,1,0,1.632701969749398,1.632701969749398,NA,NA,1,0,0,0,4,1
SCI-vetted,1.5C,R10PAC_OECD,1,0,2.164647595637528,2.164647595637528,NA,NA,1,0,0,0,4,1
SCI-vetted,1.5C,R10REF_ECON,1,0,1.16524567570212,1.16524567570212,NA,NA,1,0,0,0,4,1
SCI-vetted,1.5C,R10REST_ASIA,1,0,14.78357810433006,14.78357810433006,NA,NA,1,0,0,0,4,1
SCI-vetted,2C,Aggregated R10 regions,1,1,8.854903880644379,8.854903880644379,8.854903880644379,8.854903880644379,1,0,1,0,6,3
SCI-vetted,2C,R10AFRICA,1,1,8.682123203177643,8.682123203177643,8.682123203177643,8.682123203177643,1,0,1,0,6,3
SCI-vetted,2C,R10CHINA+,1,1,8.172013138668174,8.172013138668174,8.172013138668174,8.172013138668174,1,0,1,0,6,3
SCI-vetted,2C,R10EUROPE,1,1,12.417389149475943,12.417389149475943,12.417389149475943,12.417389149475943,1,0,1,0,6,3
SCI-vetted,2C,R10INDIA+,1,1,6.417456436570248,6.417456436570248,6.417456436570248,6.417456436570248,1,0,1,0,6,3
SCI-vetted,2C,R10LATIN_AM,1,1,3.4589631689628866,3.4589631689628866,3.4589631689628866,3.4589631689628866,1,0,1,0,6,3
SCI-vetted,2C,R10MIDDLE_EAST,1,1,2.545492613001121,2.545492613001121,2.545492613001121,2.545492613001121,1,0,1,0,6,3
SCI-vetted,2C,R10NORTH_AM,1,1,11.423945230126405,11.423945230126405,11.423945230126405,11.423945230126405,1,0,1,0,6,3
SCI-vetted,2C,R10PAC_OECD,1,1,3.6395053597860194,3.6395053597860194,3.6395053597860194,3.6395053597860194,1,0,1,0,6,3
SCI-vetted,2C,R10REF_ECON,1,1,3.1714757052043283,3.1714757052043283,3.1714757052043283,3.1714757052043283,1,0,1,0,6,3
SCI-vetted,2C,R10REST_ASIA,1,1,5.978901382878207,5.978901382878207,5.978901382878207,5.978901382878207,1,0,1,0,6,3
