database,ambition_view,Region,new_n_cdr,new_n_re,new_median_cdr,new_median_re,new_effect_million_deaths,new_relative_effect_pct,new_favours,old_n_cdr,old_n_re,old_median_cdr,old_median_re,old_effect_million_deaths,old_relative_effect_pct,old_favours,added_cdr,added_re,effect_shift_pct_points,direction_changed
Full,All ambitions,Aggregated R10 regions,246,226,438.181675,427.66765250000003,10.514022499999953,2.399466499825661,High-RE,226,204,434.84968,426.8416125,8.008067500000038,1.8415714368238787,High-RE,20,22,0.5578950630017825,FALSE
Full,All ambitions,R10AFRICA,246,226,76.35986249999999,78.616455,-2.2565925000000107,-2.9552076524496242,High-CDR,226,204,76.34924749999999,78.63142,-2.2821725000000157,-2.9891224533680125,High-CDR,20,22,0.03391480091838828,FALSE
Full,All ambitions,R10CHINA+,246,226,79.579425,78.81377,0.7656549999999953,0.9621268311501312,High-RE,226,204,78.9684475,78.54454,0.42390749999999855,0.5368061718574353,High-RE,20,22,0.4253206592926959,FALSE
Full,All ambitions,R10EUROPE,246,226,15.261855,11.2344625,4.027392500000001,26.38861724213735,High-RE,226,204,15.084644999999998,11.2103025,3.874342499999998,25.684015102775028,High-RE,20,22,0.7046021393623221,FALSE
Full,All ambitions,R10INDIA+,246,226,117.69358500000001,110.747905,6.94568000000001,5.901494121366096,High-RE,226,204,115.91396,110.747905,5.166055,4.456801406836588,High-RE,20,22,1.4446927145295083,FALSE
Full,All ambitions,R10LATIN_AM,246,226,14.190545,15.61995,-1.4294049999999991,-10.07293941141795,High-CDR,226,204,14.060815000000002,15.6620975,-1.6012824999999982,-11.388262344679152,High-CDR,20,22,1.3153229332612018,FALSE
Full,All ambitions,R10MIDDLE_EAST,246,226,46.95055,46.5460025,0.4045474999999996,0.8616459232106964,High-RE,226,204,47.250895,46.54309,0.7078050000000005,1.497971625722646,High-RE,20,22,-0.6363257025119496,FALSE
Full,All ambitions,R10NORTH_AM,246,226,6.90724,8.92639,-2.01915,-29.232370671932635,High-CDR,226,204,6.820365000000001,8.92639,-2.106024999999999,-30.878479377569953,High-CDR,20,22,1.6461087056373174,FALSE
Full,All ambitions,R10PAC_OECD,246,226,5.4880075,3.633605,1.8544025,33.79008683934925,High-RE,226,204,5.498055,3.630585,1.86747,33.96601161683541,High-RE,20,22,-0.1759247774861592,FALSE
Full,All ambitions,R10REF_ECON,246,226,14.1653725,13.2108975,0.9544750000000004,6.738086132221376,High-RE,226,204,14.15165,13.214325,0.9373249999999996,6.623432603265341,High-RE,20,22,0.11465352895603509,FALSE
Full,All ambitions,R10REST_ASIA,246,226,58.97830999999999,57.40043,1.5778799999999933,2.6753564149260862,High-RE,226,204,58.3385225,57.557424999999995,0.7810975000000013,1.3389051805348708,High-RE,20,22,1.3364512343912154,FALSE
Full,1.5C,Aggregated R10 regions,57,54,425.807625,417.9452725,7.862352499999986,1.8464564837231334,High-RE,48,39,423.01208,415.121345,7.89073499999995,1.8653687147657696,High-RE,9,15,-0.018912231042636174,FALSE
Full,1.5C,R10AFRICA,57,54,75.436235,78.456135,-3.019900000000007,-4.00324857145907,High-CDR,48,39,75.4642975,78.51001,-3.0457124999999934,-4.035964821642968,High-CDR,9,15,0.032716250183897344,FALSE
Full,1.5C,R10CHINA+,57,54,78.93552,78.52739,0.4081299999999999,0.5170422643697031,High-RE,48,39,76.09084999999999,77.312175,-1.221325000000007,-1.6050878653609564,High-CDR,9,15,2.1221301297306594,TRUE
Full,1.5C,R10EUROPE,57,54,15.678805,11.26678,4.412025,28.140059143538043,High-RE,48,39,15.4415225,11.160875,4.280647499999999,27.721667342064222,High-RE,9,15,0.4183918014738204,FALSE
Full,1.5C,R10INDIA+,57,54,112.90542,106.278505,6.626915000000011,5.869439217355562,High-RE,48,39,110.0836525,104.832935,5.250717499999993,4.769752257266349,High-RE,9,15,1.0996869600892127,FALSE
Full,1.5C,R10LATIN_AM,57,54,15.185745,15.61344,-0.42769499999999994,-2.816424218897393,High-CDR,48,39,14.1536,15.661335,-1.5077349999999985,-10.65266080714446,High-CDR,9,15,7.8362365882470675,FALSE
Full,1.5C,R10MIDDLE_EAST,57,54,55.288645,46.253277499999996,9.035367500000007,16.34217568544139,High-RE,48,39,57.0971625,46.24088,10.8562825,19.0136987980795,High-RE,9,15,-2.671523112638109,FALSE
Full,1.5C,R10NORTH_AM,57,54,7.42729,8.92639,-1.4990999999999994,-20.183673991455827,High-CDR,48,39,7.3478,8.92411,-1.5763100000000012,-21.452815808813536,High-CDR,9,15,1.2691418173577098,FALSE
Full,1.5C,R10PAC_OECD,57,54,5.24925,3.6120900000000002,1.6371599999999997,31.188455493641946,High-RE,48,39,5.2098125,3.591945,1.6178675,31.05423659680651,High-RE,9,15,0.13421889683543498,FALSE
Full,1.5C,R10REF_ECON,57,54,13.85288,13.053595000000001,0.7992849999999994,5.769811042902265,High-RE,48,39,13.84942,13.090665,0.7587550000000007,5.478604880204375,High-RE,9,15,0.2912061626978897,FALSE
Full,1.5C,R10REST_ASIA,57,54,55.86006,55.9140625,-0.05400250000000284,-0.09667461868104482,High-CDR,48,39,55.50919,56.093065,-0.583874999999999,-1.0518528553560214,High-CDR,9,15,0.9551782366749766,FALSE
Full,2C,Aggregated R10 regions,189,172,440.495065,434.621435,5.8736299999999915,1.333415619537075,High-RE,178,165,438.7368225,435.19535,3.5414724999999976,0.8071974628936001,High-RE,11,7,0.5262181566434749,FALSE
Full,2C,R10AFRICA,189,172,76.67628,78.687545,-2.0112649999999945,-2.6230602214922194,High-CDR,178,165,76.6407025,78.69661,-2.0559075000000036,-2.682526951002313,High-CDR,11,7,0.059466729510093685,FALSE
Full,2C,R10CHINA+,189,172,79.6431,78.890895,0.7522050000000036,0.9444697657424228,High-RE,178,165,79.45526000000001,78.78534,0.6699200000000047,0.8431411589364941,High-RE,11,7,0.1013286068059287,FALSE
Full,2C,R10EUROPE,189,172,15.090355,11.23325,3.8571050000000007,25.560068003701705,High-RE,178,165,15.080575,11.23065,3.849924999999999,25.529033209940597,High-RE,11,7,0.031034793761108403,FALSE
Full,2C,R10INDIA+,189,172,120.71229,113.02140750000001,7.6908824999999865,6.3712505992554584,High-RE,178,165,120.520155,113.429315,7.090839999999986,5.883530435220553,High-RE,11,7,0.48772016403490515,FALSE
Full,2C,R10LATIN_AM,189,172,14.110035,15.629935,-1.5198999999999998,-10.771766335094135,High-CDR,178,165,14.0183925,15.66286,-1.6444674999999993,-11.730785109633642,High-CDR,11,7,0.9590187745395067,FALSE
Full,2C,R10MIDDLE_EAST,189,172,46.89536,46.60901,0.28634999999999877,0.6106147815050333,High-RE,178,165,47.0277775,46.59787,0.4299074999999988,0.9141565322749917,High-RE,11,7,-0.3035417507699584,FALSE
Full,2C,R10NORTH_AM,189,172,6.83158,8.92639,-2.09481,-30.663623934726665,High-CDR,178,165,6.816545,8.92639,-2.109845,-30.951823834508538,High-CDR,11,7,0.28819989978187266,FALSE
Full,2C,R10PAC_OECD,189,172,5.60067,3.6358025,1.9648675,35.08272224573131,High-RE,178,165,5.5958725000000005,3.63313,1.9627425000000005,35.07482523949572,High-RE,11,7,0.007897006235587867,FALSE
Full,2C,R10REF_ECON,189,172,14.39159,13.27017,1.1214200000000005,7.792189744149191,High-RE,178,165,14.3795975,13.258825,1.1207724999999993,7.794185477027431,High-RE,11,7,-0.001995732878239842,FALSE
Full,2C,R10REST_ASIA,189,172,59.455035,57.862415,1.5926200000000037,2.6786965981939184,High-RE,178,165,59.353629999999995,57.954615,1.3990149999999986,2.357084141273244,High-RE,11,7,0.3216124569206742,FALSE
SCI-vetted,All ambitions,Aggregated R10 regions,69,69,420.124325,442.17121,-22.046884999999975,-5.247704950195391,High-CDR,68,66,419.921,442.17121,-22.25020999999998,-5.298665701405736,High-CDR,1,3,0.05096075121034449,FALSE
SCI-vetted,All ambitions,R10AFRICA,69,69,73.7414,78.522135,-4.780735000000007,-6.483108538758428,High-CDR,68,66,73.7414,78.40185,-4.660449999999997,-6.31999121253461,High-CDR,1,3,-0.16311732622381747,FALSE
SCI-vetted,All ambitions,R10CHINA+,69,69,81.837665,92.36805,-10.530384999999995,-12.867406468647408,High-CDR,68,66,81.49095,92.2781,-10.787149999999995,-13.237236772917722,High-CDR,1,3,0.36983030427031416,FALSE
SCI-vetted,All ambitions,R10EUROPE,69,69,12.232365,17.823535,-5.59117,-45.70800495243561,High-CDR,68,66,12.2243525,17.8237375,-5.599385,-45.80516636770741,High-CDR,1,3,0.097161415271799,FALSE
SCI-vetted,All ambitions,R10INDIA+,69,69,115.212715,96.08855,19.124165000000005,16.599005587187147,High-RE,68,66,114.783415,96.0811575,18.7022575,16.29351897223131,High-RE,1,3,0.30548661495583573,FALSE
SCI-vetted,All ambitions,R10LATIN_AM,69,69,13.423695,15.41072,-1.9870249999999992,-14.802369988293083,High-CDR,68,66,13.421655,15.4067875,-1.9851324999999989,-14.790519500016943,High-CDR,1,3,-0.011850488276140325,FALSE
SCI-vetted,All ambitions,R10MIDDLE_EAST,69,69,43.605375,50.07149,-6.466114999999995,-14.828710910065547,High-CDR,68,66,43.605375,50.691064999999995,-7.0856899999999925,-16.249579323649876,High-CDR,1,3,1.4208684135843281,FALSE
SCI-vetted,All ambitions,R10NORTH_AM,69,69,6.70137,10.559495,-3.8581250000000002,-57.572183001386286,High-CDR,68,66,6.70137,10.559685,-3.858315,-57.57501824253847,High-CDR,1,3,0.0028352411521836984,FALSE
SCI-vetted,All ambitions,R10PAC_OECD,69,69,4.495145,5.272255,-0.7771100000000004,-17.287762686186994,High-CDR,68,66,4.4866975,5.2721325,-0.7854349999999997,-17.505860379488468,High-CDR,1,3,0.21809769330147333,FALSE
SCI-vetted,All ambitions,R10REF_ECON,69,69,13.31229,15.212805,-1.9005149999999986,-14.276394219176403,High-CDR,68,66,13.302315,15.263105,-1.9607899999999991,-14.740216270626574,High-CDR,1,3,0.46382205145017075,FALSE
SCI-vetted,All ambitions,R10REST_ASIA,69,69,56.248365,55.137975,1.1103900000000024,1.9740840467096288,High-RE,68,66,56.115097500000005,55.1134925,1.001605000000005,1.784911805597424,High-RE,1,3,0.18917224111220476,FALSE
SCI-vetted,1.5C,Aggregated R10 regions,6,6,481.9203375,428.3386425,53.581695000000025,11.118371820114362,High-RE,6,6,481.9203375,428.3386425,53.581695000000025,11.118371820114362,High-RE,0,0,0,FALSE
SCI-vetted,1.5C,R10AFRICA,6,6,78.6303025,78.659675,-0.029372499999993806,-0.037355191403459,High-CDR,6,6,78.6303025,78.659675,-0.0293724999999938,-0.03735519140345899,High-CDR,0,0,-6.938893903907228e-18,FALSE
SCI-vetted,1.5C,R10CHINA+,6,6,89.5881775,86.4642075,3.12397,3.48703376625783,High-RE,6,6,89.5881775,86.4642075,3.12397,3.48703376625783,High-RE,0,0,0,FALSE
SCI-vetted,1.5C,R10EUROPE,6,6,16.675512500000004,17.056355,-0.3808424999999964,-2.2838428504071246,High-CDR,6,6,16.675512500000004,17.056355,-0.3808424999999964,-2.2838428504071246,High-CDR,0,0,0,FALSE
SCI-vetted,1.5C,R10INDIA+,6,6,136.3275325,100.12599,36.20154249999999,26.554828533994034,High-RE,6,6,136.3275325,100.12599,36.20154249999999,26.554828533994034,High-RE,0,0,0,FALSE
SCI-vetted,1.5C,R10LATIN_AM,6,6,22.340055,15.87274,6.467314999999999,28.949413956232423,High-RE,6,6,22.340055,15.87274,6.467314999999999,28.949413956232423,High-RE,0,0,0,FALSE
SCI-vetted,1.5C,R10MIDDLE_EAST,6,6,43.195584999999994,45.753834999999995,-2.558250000000001,-5.922480272000024,High-CDR,6,6,43.195584999999994,45.753834999999995,-2.558250000000001,-5.922480272000024,High-CDR,0,0,0,FALSE
SCI-vetted,1.5C,R10NORTH_AM,6,6,7.81337,9.9319875,-2.1186175,-27.115284441924548,High-CDR,6,6,7.81337,9.9319875,-2.1186175,-27.115284441924548,High-CDR,0,0,0,FALSE
SCI-vetted,1.5C,R10PAC_OECD,6,6,5.8691075,4.785665,1.0834425000000003,18.460089545131016,High-RE,6,6,5.8691075,4.785665,1.0834425000000003,18.460089545131016,High-RE,0,0,0,FALSE
SCI-vetted,1.5C,R10REF_ECON,6,6,13.541284999999998,13.8316125,-0.29032750000000185,-2.1440173513813634,High-CDR,6,6,13.541284999999998,13.8316125,-0.29032750000000185,-2.1440173513813634,High-CDR,0,0,0,FALSE
SCI-vetted,1.5C,R10REST_ASIA,6,6,68.082905,56.4121875,11.670717499999995,17.141920574628823,High-RE,6,6,68.082905,56.4121875,11.670717499999997,17.141920574628823,High-RE,0,0,0,FALSE
SCI-vetted,2C,Aggregated R10 regions,63,63,419.717675,442.17121,-22.453534999999988,-5.349675826732812,High-CDR,62,60,419.717675,442.17121,-22.453534999999988,-5.349675826732812,High-CDR,1,3,0,FALSE
SCI-vetted,2C,R10AFRICA,63,63,73.7414,78.200205,-4.458804999999998,-6.046542376466948,High-CDR,62,60,73.707605,76.832695,-3.12509,-4.239847435010268,High-CDR,1,3,-1.80669494145668,FALSE
SCI-vetted,2C,R10CHINA+,63,63,81.144235,92.840965,-11.696730000000002,-14.414739383518747,High-CDR,62,60,81.144235,92.7090475,-11.564812500000002,-14.25216776028513,High-CDR,1,3,-0.16257162323361563,FALSE
SCI-vetted,2C,R10EUROPE,63,63,12.21634,17.823535,-5.607194999999999,-45.89914000428933,High-CDR,62,60,12.21634,17.8237375,-5.607397499999999,-45.900797620236496,High-CDR,1,3,0.0016576159471668461,FALSE
SCI-vetted,2C,R10INDIA+,63,63,114.354115,96.08855,18.265564999999995,15.972809548655066,High-RE,62,60,114.354115,96.0811575,18.272957500000004,15.979274117070474,High-RE,1,3,-0.006464568415408323,FALSE
SCI-vetted,2C,R10LATIN_AM,63,63,13.419615,15.402855,-1.9832400000000003,-14.77866540880644,High-CDR,62,60,13.419615,15.402305,-1.98269,-14.774566930571407,High-CDR,1,3,-0.004098478235032843,FALSE
SCI-vetted,2C,R10MIDDLE_EAST,63,63,43.636585,52.054875,-8.418290000000006,-19.29181671755479,High-CDR,62,60,43.62098,55.186975,-11.565995,-26.514752763463814,High-CDR,1,3,7.222936045909023,FALSE
SCI-vetted,2C,R10NORTH_AM,63,63,6.70137,10.559875,-3.858505,-57.57785348369065,High-CDR,62,60,6.69969,10.5602125,-3.8605224999999983,-57.62240491724241,High-CDR,1,3,0.044551433551760056,FALSE
SCI-vetted,2C,R10PAC_OECD,63,63,4.47825,5.272255,-0.7940050000000003,-17.730251772455762,High-CDR,62,60,4.47825,5.2721325,-0.7938824999999996,-17.72751632892312,High-CDR,1,3,-0.0027354435326429893,FALSE
SCI-vetted,2C,R10REF_ECON,63,63,13.29234,15.63072,-2.338380000000001,-17.591936408487904,High-CDR,62,60,13.29234,15.9542525,-2.6619124999999997,-20.025913420812287,High-CDR,1,3,2.433977012324384,FALSE
SCI-vetted,2C,R10REST_ASIA,63,63,55.98183,55.08901,0.8928200000000004,1.59483889683492,High-RE,62,60,55.98183,55.049512500000006,0.9323174999999964,1.6653930391342981,High-RE,1,3,-0.07055414229937806,FALSE
