database,ambition_view,Region,n_cdr,n_re,median_cdr_million_deaths,median_re_million_deaths,cliffs_delta_raw,direction_coded_difference_million_deaths,relative_effect_pct,direction_coded_cliffs_delta,favours,estimand
Full,All ambitions,Aggregated R10 regions,246,226,438.181675,427.66765250000003,-0.18893445571623857,10.514022499999953,2.399466499825661,0.18893445571623857,High-RE,Scenario-weighted pooled medians
Full,All ambitions,R10AFRICA,246,226,76.35986249999999,78.616455,0.48201309446722784,-2.2565925000000107,-2.9552076524496242,-0.48201309446722784,High-CDR,Scenario-weighted pooled medians
Full,All ambitions,R10CHINA+,246,226,79.579425,78.81377,-0.027843729764731276,0.7656549999999953,0.9621268311501312,0.027843729764731276,High-RE,Scenario-weighted pooled medians
Full,All ambitions,R10EUROPE,246,226,15.261855,11.2344625,-0.7105906899776963,4.027392500000001,26.38861724213735,0.7105906899776963,High-RE,Scenario-weighted pooled medians
Full,All ambitions,R10INDIA+,246,226,117.69358500000001,110.747905,-0.20879199942441903,6.94568000000001,5.901494121366096,0.20879199942441903,High-RE,Scenario-weighted pooled medians
Full,All ambitions,R10LATIN_AM,246,226,14.190545,15.61995,0.26113389452478597,-1.4294049999999991,-10.07293941141795,-0.26113389452478597,High-CDR,Scenario-weighted pooled medians
Full,All ambitions,R10MIDDLE_EAST,246,226,46.95055,46.5460025,0.015576660191380674,0.4045474999999996,0.8616459232106964,-0.015576660191380674,High-RE,Scenario-weighted pooled medians
Full,All ambitions,R10NORTH_AM,246,226,6.90724,8.92639,0.426901215914814,-2.01915,-29.232370671932635,-0.426901215914814,High-CDR,Scenario-weighted pooled medians
Full,All ambitions,R10PAC_OECD,246,226,5.4880075,3.633605,-0.796100438880495,1.8544025,33.79008683934925,0.796100438880495,High-RE,Scenario-weighted pooled medians
Full,All ambitions,R10REF_ECON,246,226,14.1653725,13.2108975,-0.45474494567954526,0.9544750000000004,6.738086132221376,0.45474494567954526,High-RE,Scenario-weighted pooled medians
Full,All ambitions,R10REST_ASIA,246,226,58.97830999999999,57.40043,-0.11533203827613497,1.5778799999999933,2.6753564149260862,0.11533203827613497,High-RE,Scenario-weighted pooled medians
Full,1.5C,Aggregated R10 regions,57,54,425.807625,417.9452725,-0.4437946718648473,7.862352499999986,1.8464564837231334,0.4437946718648473,High-RE,Scenario-weighted pooled medians
Full,1.5C,R10AFRICA,57,54,75.436235,78.456135,0.49057829759584143,-3.019900000000007,-4.00324857145907,-0.49057829759584143,High-CDR,Scenario-weighted pooled medians
Full,1.5C,R10CHINA+,57,54,78.93552,78.52739,-0.05263157894736842,0.4081299999999999,0.5170422643697031,0.05263157894736842,High-RE,Scenario-weighted pooled medians
Full,1.5C,R10EUROPE,57,54,15.678805,11.26678,-0.8771929824561403,4.412025,28.140059143538043,0.8771929824561403,High-RE,Scenario-weighted pooled medians
Full,1.5C,R10INDIA+,57,54,112.90542,106.278505,-0.38791423001949316,6.626915000000011,5.869439217355562,0.38791423001949316,High-RE,Scenario-weighted pooled medians
Full,1.5C,R10LATIN_AM,57,54,15.185745,15.61344,0.07082521117608837,-0.42769499999999994,-2.816424218897393,-0.07082521117608837,High-CDR,Scenario-weighted pooled medians
Full,1.5C,R10MIDDLE_EAST,57,54,55.288645,46.253277499999996,-0.03833658219623132,9.035367500000007,16.34217568544139,0.03833658219623132,High-RE,Scenario-weighted pooled medians
Full,1.5C,R10NORTH_AM,57,54,7.42729,8.92639,0.5269655620532814,-1.4990999999999994,-20.183673991455827,-0.5269655620532814,High-CDR,Scenario-weighted pooled medians
Full,1.5C,R10PAC_OECD,57,54,5.24925,3.6120900000000002,-0.9603638726445743,1.6371599999999997,31.188455493641946,0.9603638726445743,High-RE,Scenario-weighted pooled medians
Full,1.5C,R10REF_ECON,57,54,13.85288,13.053595000000001,-0.7563352826510721,0.7992849999999994,5.769811042902265,0.7563352826510721,High-RE,Scenario-weighted pooled medians
Full,1.5C,R10REST_ASIA,57,54,55.86006,55.9140625,-0.13450292397660818,-0.05400250000000284,-0.09667461868104482,0.13450292397660818,High-CDR,Scenario-weighted pooled medians
Full,2C,Aggregated R10 regions,189,172,440.495065,434.621435,-0.14199581641442108,5.8736299999999915,1.333415619537075,0.14199581641442108,High-RE,Scenario-weighted pooled medians
Full,2C,R10AFRICA,189,172,76.67628,78.687545,0.4710840408514827,-2.0112649999999945,-2.6230602214922194,-0.4710840408514827,High-CDR,Scenario-weighted pooled medians
Full,2C,R10CHINA+,189,172,79.6431,78.890895,-0.02823920265780731,0.7522050000000036,0.9444697657424228,0.02823920265780731,High-RE,Scenario-weighted pooled medians
Full,2C,R10EUROPE,189,172,15.090355,11.23325,-0.6579918789221115,3.8571050000000007,25.560068003701705,0.6579918789221115,High-RE,Scenario-weighted pooled medians
Full,2C,R10INDIA+,189,172,120.71229,113.02140750000001,-0.16506706041589764,7.6908824999999865,6.3712505992554584,0.16506706041589764,High-RE,Scenario-weighted pooled medians
Full,2C,R10LATIN_AM,189,172,14.110035,15.629935,0.31475329149747755,-1.5198999999999998,-10.771766335094135,-0.31475329149747755,High-CDR,Scenario-weighted pooled medians
Full,2C,R10MIDDLE_EAST,189,172,46.89536,46.60901,0.029346622369878183,0.28634999999999877,0.6106147815050333,-0.029346622369878183,High-RE,Scenario-weighted pooled medians
Full,2C,R10NORTH_AM,189,172,6.83158,8.92639,0.3909191583610188,-2.09481,-30.663623934726665,-0.3909191583610188,High-CDR,Scenario-weighted pooled medians
Full,2C,R10PAC_OECD,189,172,5.60067,3.6358025,-0.7704565030146425,1.9648675,35.08272224573131,0.7704565030146425,High-RE,Scenario-weighted pooled medians
Full,2C,R10REF_ECON,189,172,14.39159,13.27017,-0.35948074320167345,1.1214200000000005,7.792189744149191,0.35948074320167345,High-RE,Scenario-weighted pooled medians
Full,2C,R10REST_ASIA,189,172,59.455035,57.862415,-0.07776547311431033,1.5926200000000037,2.6786965981939184,0.07776547311431033,High-RE,Scenario-weighted pooled medians
SCI-vetted,All ambitions,Aggregated R10 regions,69,69,420.124325,442.17121,0.19176643562276832,-22.046884999999975,-5.247704950195391,-0.19176643562276832,High-CDR,Scenario-weighted pooled medians
SCI-vetted,All ambitions,R10AFRICA,69,69,73.7414,78.522135,0.024154589371980676,-4.780735000000007,-6.483108538758428,-0.024154589371980676,High-CDR,Scenario-weighted pooled medians
SCI-vetted,All ambitions,R10CHINA+,69,69,81.837665,92.36805,0.2984667086746482,-10.530384999999995,-12.867406468647408,-0.2984667086746482,High-CDR,Scenario-weighted pooled medians
SCI-vetted,All ambitions,R10EUROPE,69,69,12.232365,17.823535,0.07120352867044738,-5.59117,-45.70800495243561,-0.07120352867044738,High-CDR,Scenario-weighted pooled medians
SCI-vetted,All ambitions,R10INDIA+,69,69,115.212715,96.08855,-0.5694181894559966,19.124165000000005,16.599005587187147,0.5694181894559966,High-RE,Scenario-weighted pooled medians
SCI-vetted,All ambitions,R10LATIN_AM,69,69,13.423695,15.41072,0.2736819995799202,-1.9870249999999992,-14.802369988293083,-0.2736819995799202,High-CDR,Scenario-weighted pooled medians
SCI-vetted,All ambitions,R10MIDDLE_EAST,69,69,43.605375,50.07149,0.7660155429531611,-6.466114999999995,-14.828710910065547,-0.7660155429531611,High-CDR,Scenario-weighted pooled medians
SCI-vetted,All ambitions,R10NORTH_AM,69,69,6.70137,10.559495,0.5387523629489603,-3.8581250000000002,-57.572183001386286,-0.5387523629489603,High-CDR,Scenario-weighted pooled medians
SCI-vetted,All ambitions,R10PAC_OECD,69,69,4.495145,5.272255,-0.18294475950430583,-0.7771100000000004,-17.287762686186994,0.18294475950430583,High-CDR,Scenario-weighted pooled medians
SCI-vetted,All ambitions,R10REF_ECON,69,69,13.31229,15.212805,0.5837009031716026,-1.9005149999999986,-14.276394219176403,-0.5837009031716026,High-CDR,Scenario-weighted pooled medians
SCI-vetted,All ambitions,R10REST_ASIA,69,69,56.248365,55.137975,-0.26906112161310647,1.1103900000000024,1.9740840467096288,0.26906112161310647,High-RE,Scenario-weighted pooled medians
SCI-vetted,1.5C,Aggregated R10 regions,6,6,481.9203375,428.3386425,-0.3333333333333333,53.581695000000025,11.118371820114362,0.3333333333333333,High-RE,Scenario-weighted pooled medians
SCI-vetted,1.5C,R10AFRICA,6,6,78.6303025,78.659675,0.05555555555555555,-0.029372499999993806,-0.037355191403459,-0.05555555555555555,High-CDR,Scenario-weighted pooled medians
SCI-vetted,1.5C,R10CHINA+,6,6,89.5881775,86.4642075,-0.16666666666666666,3.12397,3.48703376625783,0.16666666666666666,High-RE,Scenario-weighted pooled medians
SCI-vetted,1.5C,R10EUROPE,6,6,16.675512500000004,17.056355,0,-0.3808424999999964,-2.2838428504071246,-0,High-CDR,Scenario-weighted pooled medians
SCI-vetted,1.5C,R10INDIA+,6,6,136.3275325,100.12599,-0.6666666666666666,36.20154249999999,26.554828533994034,0.6666666666666666,High-RE,Scenario-weighted pooled medians
SCI-vetted,1.5C,R10LATIN_AM,6,6,22.340055,15.87274,-0.2777777777777778,6.467314999999999,28.949413956232423,0.2777777777777778,High-RE,Scenario-weighted pooled medians
SCI-vetted,1.5C,R10MIDDLE_EAST,6,6,43.195584999999994,45.753834999999995,0.6666666666666666,-2.558250000000001,-5.922480272000024,-0.6666666666666666,High-CDR,Scenario-weighted pooled medians
SCI-vetted,1.5C,R10NORTH_AM,6,6,7.81337,9.9319875,0.3888888888888889,-2.1186175,-27.115284441924548,-0.3888888888888889,High-CDR,Scenario-weighted pooled medians
SCI-vetted,1.5C,R10PAC_OECD,6,6,5.8691075,4.785665,-0.5,1.0834425000000003,18.460089545131016,0.5,High-RE,Scenario-weighted pooled medians
SCI-vetted,1.5C,R10REF_ECON,6,6,13.541284999999998,13.8316125,0.4444444444444444,-0.29032750000000185,-2.1440173513813634,-0.4444444444444444,High-CDR,Scenario-weighted pooled medians
SCI-vetted,1.5C,R10REST_ASIA,6,6,68.082905,56.4121875,-0.3333333333333333,11.670717499999995,17.141920574628823,0.3333333333333333,High-RE,Scenario-weighted pooled medians
SCI-vetted,2C,Aggregated R10 regions,63,63,419.717675,442.17121,0.25371630133534895,-22.453534999999988,-5.349675826732812,-0.25371630133534895,High-CDR,Scenario-weighted pooled medians
SCI-vetted,2C,R10AFRICA,63,63,73.7414,78.200205,-0.00781053162005543,-4.458804999999998,-6.046542376466948,0.00781053162005543,High-CDR,Scenario-weighted pooled medians
SCI-vetted,2C,R10CHINA+,63,63,81.144235,92.840965,0.3232552280171328,-11.696730000000002,-14.414739383518747,-0.3232552280171328,High-CDR,Scenario-weighted pooled medians
SCI-vetted,2C,R10EUROPE,63,63,12.21634,17.823535,0.08440413202317965,-5.607194999999999,-45.89914000428933,-0.08440413202317965,High-CDR,Scenario-weighted pooled medians
SCI-vetted,2C,R10INDIA+,63,63,114.354115,96.08855,-0.5530360292265054,18.265564999999995,15.972809548655066,0.5530360292265054,High-RE,Scenario-weighted pooled medians
SCI-vetted,2C,R10LATIN_AM,63,63,13.419615,15.402855,0.3232552280171328,-1.9832400000000003,-14.77866540880644,-0.3232552280171328,High-CDR,Scenario-weighted pooled medians
SCI-vetted,2C,R10MIDDLE_EAST,63,63,43.636585,52.054875,0.7732426303854876,-8.418290000000006,-19.29181671755479,-0.7732426303854876,High-CDR,Scenario-weighted pooled medians
SCI-vetted,2C,R10NORTH_AM,63,63,6.70137,10.559875,0.5580750818846056,-3.858505,-57.57785348369065,-0.5580750818846056,High-CDR,Scenario-weighted pooled medians
SCI-vetted,2C,R10PAC_OECD,63,63,4.47825,5.272255,-0.14134542705971279,-0.7940050000000003,-17.730251772455762,0.14134542705971279,High-CDR,Scenario-weighted pooled medians
SCI-vetted,2C,R10REF_ECON,63,63,13.29234,15.63072,0.5993953136810279,-2.338380000000001,-17.591936408487904,-0.5993953136810279,High-CDR,Scenario-weighted pooled medians
SCI-vetted,2C,R10REST_ASIA,63,63,55.98183,55.08901,-0.2693373645754598,0.8928200000000004,1.59483889683492,0.2693373645754598,High-RE,Scenario-weighted pooled medians
